ID,Severity,Confidence,Origin,Category,V11_Gate,Primary_Path_or_Surface,Finding,Risk,Evidence,Required_Action,Acceptance_Gate,Suggested_Phase,Status,Notes
AHD-0001,P0,Conformance/test gap,Prior audit normalized,Security & sandbox boundary,v11A Boundary/Execution Evidence,crates/aidens-security-kit/src/lib.rs,Sandbox denylist does not cover one common developer-secret path or metadata surface.,Risk that filesystem/tool authority exceeds declared least-exposure boundary.,local scan: sandbox/canonicalize paths in aidens-tool-kit; sensitive-path negative fixtures absent,Add hostile sandbox tests and deny/quarantine receipts for .git/.env/symlink/hardlink/unicode/TOCTOU cases.,Add hostile sandbox tests and deny/quarantine receipts for .git/.env/symlink/hardlink/unicode/TOCTOU cases.,Phase 02 security boundary hardening,open,"Not all rows are reproduced runtime bugs; matrix intentionally includes confirmed defects, hardening risks, and missing hostile/conformance proofs."
AHD-0002,P0,High-confidence hardening risk,Prior audit normalized,Security & sandbox boundary,v11A Boundary/Execution Evidence,crates/aidens-tool-kit/src/lib.rs,Filesystem path validation does not prove race-free handling for the target path at write time.,Risk that filesystem/tool authority exceeds declared least-exposure boundary.,local scan: sandbox term count 523 across codebase,Add hostile sandbox tests and deny/quarantine receipts for .git/.env/symlink/hardlink/unicode/TOCTOU cases.,Add hostile sandbox tests and deny/quarantine receipts for .git/.env/symlink/hardlink/unicode/TOCTOU cases.,Phase 02 security boundary hardening,open,"Not all rows are reproduced runtime bugs; matrix intentionally includes confirmed defects, hardening risks, and missing hostile/conformance proofs."
AHD-0003,P0,Conformance/test gap,Prior audit normalized,Security & sandbox boundary,v11A Boundary/Execution Evidence,crates/aidens-cli/src/lib.rs,Hidden file/directory access policy is weaker than the future application-builder threat model requires.,Risk that filesystem/tool authority exceeds declared least-exposure boundary.,local scan: sandbox/canonicalize paths in aidens-tool-kit; sensitive-path negative fixtures absent,Add hostile sandbox tests and deny/quarantine receipts for .git/.env/symlink/hardlink/unicode/TOCTOU cases.,Add hostile sandbox tests and deny/quarantine receipts for .git/.env/symlink/hardlink/unicode/TOCTOU cases.,Phase 02 security boundary hardening,open,"Not all rows are reproduced runtime bugs; matrix intentionally includes confirmed defects, hardening risks, and missing hostile/conformance proofs."
AHD-0004,P0,Conformance/test gap,Prior audit normalized,Security & sandbox boundary,v11A Boundary/Execution Evidence,crates/aidens-runner/src/lib.rs,Path display can leak host-specific absolute paths when relative rendering fails.,Risk that filesystem/tool authority exceeds declared least-exposure boundary.,local scan: sandbox term count 523 across codebase,Add hostile sandbox tests and deny/quarantine receipts for .git/.env/symlink/hardlink/unicode/TOCTOU cases.,Add hostile sandbox tests and deny/quarantine receipts for .git/.env/symlink/hardlink/unicode/TOCTOU cases.,Phase 02 security boundary hardening,open,"Not all rows are reproduced runtime bugs; matrix intentionally includes confirmed defects, hardening risks, and missing hostile/conformance proofs."
AHD-0005,P0,High-confidence hardening risk,Prior audit normalized,Security & sandbox boundary,v11A Boundary/Execution Evidence,crates/aidens-security-kit/src/lib.rs,"Symlink, hardlink, mountpoint, or case-folding behavior lacks an explicit hostile fixture.",Risk that filesystem/tool authority exceeds declared least-exposure boundary.,local scan: sandbox/canonicalize paths in aidens-tool-kit; sensitive-path negative fixtures absent,Add hostile sandbox tests and deny/quarantine receipts for .git/.env/symlink/hardlink/unicode/TOCTOU cases.,Add hostile sandbox tests and deny/quarantine receipts for .git/.env/symlink/hardlink/unicode/TOCTOU cases.,Phase 02 security boundary hardening,open,"Not all rows are reproduced runtime bugs; matrix intentionally includes confirmed defects, hardening risks, and missing hostile/conformance proofs."
AHD-0006,P0,Conformance/test gap,Prior audit normalized,Security & sandbox boundary,v11A Boundary/Execution Evidence,crates/aidens-tool-kit/src/lib.rs,Tool sandbox boundary has no explicit capability receipt for a rejected sensitive-path attempt.,Risk that filesystem/tool authority exceeds declared least-exposure boundary.,local scan: sandbox term count 523 across codebase,Add hostile sandbox tests and deny/quarantine receipts for .git/.env/symlink/hardlink/unicode/TOCTOU cases.,Add hostile sandbox tests and deny/quarantine receipts for .git/.env/symlink/hardlink/unicode/TOCTOU cases.,Phase 02 security boundary hardening,open,"Not all rows are reproduced runtime bugs; matrix intentionally includes confirmed defects, hardening risks, and missing hostile/conformance proofs."
AHD-0007,P0,Conformance/test gap,Prior audit normalized,Security & sandbox boundary,v11A Boundary/Execution Evidence,crates/aidens-cli/src/lib.rs,Read/list/stat/search authority can expose repository metadata that should have a redaction policy.,Risk that filesystem/tool authority exceeds declared least-exposure boundary.,local scan: sandbox/canonicalize paths in aidens-tool-kit; sensitive-path negative fixtures absent,Add hostile sandbox tests and deny/quarantine receipts for .git/.env/symlink/hardlink/unicode/TOCTOU cases.,Add hostile sandbox tests and deny/quarantine receipts for .git/.env/symlink/hardlink/unicode/TOCTOU cases.,Phase 02 security boundary hardening,open,"Not all rows are reproduced runtime bugs; matrix intentionally includes confirmed defects, hardening risks, and missing hostile/conformance proofs."
AHD-0008,P0,High-confidence hardening risk,Prior audit normalized,Security & sandbox boundary,v11A Boundary/Execution Evidence,crates/aidens-runner/src/lib.rs,Sandbox root can be derived from ambient current directory instead of a stable declared permit scope.,Risk that filesystem/tool authority exceeds declared least-exposure boundary.,local scan: sandbox term count 523 across codebase,Add hostile sandbox tests and deny/quarantine receipts for .git/.env/symlink/hardlink/unicode/TOCTOU cases.,Add hostile sandbox tests and deny/quarantine receipts for .git/.env/symlink/hardlink/unicode/TOCTOU cases.,Phase 02 security boundary hardening,open,"Not all rows are reproduced runtime bugs; matrix intentionally includes confirmed defects, hardening risks, and missing hostile/conformance proofs."
AHD-0009,P0,Conformance/test gap,Prior audit normalized,Security & sandbox boundary,v11A Boundary/Execution Evidence,crates/aidens-security-kit/src/lib.rs,Cross-platform path semantics are not fully specified for Windows/macOS/Linux differences.,Risk that filesystem/tool authority exceeds declared least-exposure boundary.,local scan: sandbox/canonicalize paths in aidens-tool-kit; sensitive-path negative fixtures absent,Add hostile sandbox tests and deny/quarantine receipts for .git/.env/symlink/hardlink/unicode/TOCTOU cases.,Add hostile sandbox tests and deny/quarantine receipts for .git/.env/symlink/hardlink/unicode/TOCTOU cases.,Phase 02 security boundary hardening,open,"Not all rows are reproduced runtime bugs; matrix intentionally includes confirmed defects, hardening risks, and missing hostile/conformance proofs."
AHD-0010,P0,Conformance/test gap,Prior audit normalized,Security & sandbox boundary,v11A Boundary/Execution Evidence,crates/aidens-tool-kit/src/lib.rs,"Security policy lacks a complete negative corpus for dotfiles, credentials, config stores, and generated secrets.",Risk that filesystem/tool authority exceeds declared least-exposure boundary.,local scan: sandbox term count 523 across codebase,Add hostile sandbox tests and deny/quarantine receipts for .git/.env/symlink/hardlink/unicode/TOCTOU cases.,Add hostile sandbox tests and deny/quarantine receipts for .git/.env/symlink/hardlink/unicode/TOCTOU cases.,Phase 02 security boundary hardening,open,"Not all rows are reproduced runtime bugs; matrix intentionally includes confirmed defects, hardening risks, and missing hostile/conformance proofs."
AHD-0011,P0,High-confidence hardening risk,Prior audit normalized,Security & sandbox boundary,v11A Boundary/Execution Evidence,crates/aidens-cli/src/lib.rs,Sandbox denylist does not cover one common developer-secret path or metadata surface. Scope variant 2: apply to crates/aidens-cli/src/lib.rs and adjacent caller/callee surfaces.,Risk that filesystem/tool authority exceeds declared least-exposure boundary.,local scan: sandbox/canonicalize paths in aidens-tool-kit; sensitive-path negative fixtures absent,Add hostile sandbox tests and deny/quarantine receipts for .git/.env/symlink/hardlink/unicode/TOCTOU cases.,Add hostile sandbox tests and deny/quarantine receipts for .git/.env/symlink/hardlink/unicode/TOCTOU cases.,Phase 02 security boundary hardening,open,"Not all rows are reproduced runtime bugs; matrix intentionally includes confirmed defects, hardening risks, and missing hostile/conformance proofs."
AHD-0012,P0,Conformance/test gap,Prior audit normalized,Security & sandbox boundary,v11A Boundary/Execution Evidence,crates/aidens-runner/src/lib.rs,Filesystem path validation does not prove race-free handling for the target path at write time. Scope variant 2: apply to crates/aidens-runner/src/lib.rs and adjacent caller/callee surfaces.,Risk that filesystem/tool authority exceeds declared least-exposure boundary.,local scan: sandbox term count 523 across codebase,Add hostile sandbox tests and deny/quarantine receipts for .git/.env/symlink/hardlink/unicode/TOCTOU cases.,Add hostile sandbox tests and deny/quarantine receipts for .git/.env/symlink/hardlink/unicode/TOCTOU cases.,Phase 02 security boundary hardening,open,"Not all rows are reproduced runtime bugs; matrix intentionally includes confirmed defects, hardening risks, and missing hostile/conformance proofs."
AHD-0013,P0,Conformance/test gap,Prior audit normalized,Security & sandbox boundary,v11A Boundary/Execution Evidence,crates/aidens-security-kit/src/lib.rs,Hidden file/directory access policy is weaker than the future application-builder threat model requires. Scope variant 2: apply to crates/aidens-security-kit/src/lib.rs and adjacent caller/callee surfaces.,Risk that filesystem/tool authority exceeds declared least-exposure boundary.,local scan: sandbox/canonicalize paths in aidens-tool-kit; sensitive-path negative fixtures absent,Add hostile sandbox tests and deny/quarantine receipts for .git/.env/symlink/hardlink/unicode/TOCTOU cases.,Add hostile sandbox tests and deny/quarantine receipts for .git/.env/symlink/hardlink/unicode/TOCTOU cases.,Phase 02 security boundary hardening,open,"Not all rows are reproduced runtime bugs; matrix intentionally includes confirmed defects, hardening risks, and missing hostile/conformance proofs."
AHD-0014,P0,High-confidence hardening risk,Prior audit normalized,Security & sandbox boundary,v11A Boundary/Execution Evidence,crates/aidens-tool-kit/src/lib.rs,Path display can leak host-specific absolute paths when relative rendering fails. Scope variant 2: apply to crates/aidens-tool-kit/src/lib.rs and adjacent caller/callee surfaces.,Risk that filesystem/tool authority exceeds declared least-exposure boundary.,local scan: sandbox term count 523 across codebase,Add hostile sandbox tests and deny/quarantine receipts for .git/.env/symlink/hardlink/unicode/TOCTOU cases.,Add hostile sandbox tests and deny/quarantine receipts for .git/.env/symlink/hardlink/unicode/TOCTOU cases.,Phase 02 security boundary hardening,open,"Not all rows are reproduced runtime bugs; matrix intentionally includes confirmed defects, hardening risks, and missing hostile/conformance proofs."
AHD-0015,P0,Conformance/test gap,Prior audit normalized,Security & sandbox boundary,v11A Boundary/Execution Evidence,crates/aidens-cli/src/lib.rs,"Symlink, hardlink, mountpoint, or case-folding behavior lacks an explicit hostile fixture. Scope variant 2: apply to crates/aidens-cli/src/lib.rs and adjacent caller/callee surfaces.",Risk that filesystem/tool authority exceeds declared least-exposure boundary.,local scan: sandbox/canonicalize paths in aidens-tool-kit; sensitive-path negative fixtures absent,Add hostile sandbox tests and deny/quarantine receipts for .git/.env/symlink/hardlink/unicode/TOCTOU cases.,Add hostile sandbox tests and deny/quarantine receipts for .git/.env/symlink/hardlink/unicode/TOCTOU cases.,Phase 02 security boundary hardening,open,"Not all rows are reproduced runtime bugs; matrix intentionally includes confirmed defects, hardening risks, and missing hostile/conformance proofs."
AHD-0016,P0,Conformance/test gap,Prior audit normalized,Security & sandbox boundary,v11A Boundary/Execution Evidence,crates/aidens-runner/src/lib.rs,Tool sandbox boundary has no explicit capability receipt for a rejected sensitive-path attempt. Scope variant 2: apply to crates/aidens-runner/src/lib.rs and adjacent caller/callee surfaces.,Risk that filesystem/tool authority exceeds declared least-exposure boundary.,local scan: sandbox term count 523 across codebase,Add hostile sandbox tests and deny/quarantine receipts for .git/.env/symlink/hardlink/unicode/TOCTOU cases.,Add hostile sandbox tests and deny/quarantine receipts for .git/.env/symlink/hardlink/unicode/TOCTOU cases.,Phase 02 security boundary hardening,open,"Not all rows are reproduced runtime bugs; matrix intentionally includes confirmed defects, hardening risks, and missing hostile/conformance proofs."
AHD-0017,P0,High-confidence hardening risk,Prior audit normalized,Security & sandbox boundary,v11A Boundary/Execution Evidence,crates/aidens-security-kit/src/lib.rs,Read/list/stat/search authority can expose repository metadata that should have a redaction policy. Scope variant 2: apply to crates/aidens-security-kit/src/lib.rs and adjacent caller/callee surfaces.,Risk that filesystem/tool authority exceeds declared least-exposure boundary.,local scan: sandbox/canonicalize paths in aidens-tool-kit; sensitive-path negative fixtures absent,Add hostile sandbox tests and deny/quarantine receipts for .git/.env/symlink/hardlink/unicode/TOCTOU cases.,Add hostile sandbox tests and deny/quarantine receipts for .git/.env/symlink/hardlink/unicode/TOCTOU cases.,Phase 02 security boundary hardening,open,"Not all rows are reproduced runtime bugs; matrix intentionally includes confirmed defects, hardening risks, and missing hostile/conformance proofs."
AHD-0018,P0,Conformance/test gap,Prior audit normalized,Security & sandbox boundary,v11A Boundary/Execution Evidence,crates/aidens-tool-kit/src/lib.rs,Sandbox root can be derived from ambient current directory instead of a stable declared permit scope. Scope variant 2: apply to crates/aidens-tool-kit/src/lib.rs and adjacent caller/callee surfaces.,Risk that filesystem/tool authority exceeds declared least-exposure boundary.,local scan: sandbox term count 523 across codebase,Add hostile sandbox tests and deny/quarantine receipts for .git/.env/symlink/hardlink/unicode/TOCTOU cases.,Add hostile sandbox tests and deny/quarantine receipts for .git/.env/symlink/hardlink/unicode/TOCTOU cases.,Phase 02 security boundary hardening,open,"Not all rows are reproduced runtime bugs; matrix intentionally includes confirmed defects, hardening risks, and missing hostile/conformance proofs."
AHD-0019,P0,Conformance/test gap,Prior audit normalized,Security & sandbox boundary,v11A Boundary/Execution Evidence,crates/aidens-cli/src/lib.rs,Cross-platform path semantics are not fully specified for Windows/macOS/Linux differences. Scope variant 2: apply to crates/aidens-cli/src/lib.rs and adjacent caller/callee surfaces.,Risk that filesystem/tool authority exceeds declared least-exposure boundary.,local scan: sandbox/canonicalize paths in aidens-tool-kit; sensitive-path negative fixtures absent,Add hostile sandbox tests and deny/quarantine receipts for .git/.env/symlink/hardlink/unicode/TOCTOU cases.,Add hostile sandbox tests and deny/quarantine receipts for .git/.env/symlink/hardlink/unicode/TOCTOU cases.,Phase 02 security boundary hardening,open,"Not all rows are reproduced runtime bugs; matrix intentionally includes confirmed defects, hardening risks, and missing hostile/conformance proofs."
AHD-0020,P0,High-confidence hardening risk,Prior audit normalized,Security & sandbox boundary,v11A Boundary/Execution Evidence,crates/aidens-runner/src/lib.rs,"Security policy lacks a complete negative corpus for dotfiles, credentials, config stores, and generated secrets. Scope variant 2: apply to crates/aidens-runner/src/lib.rs and adjacent caller/callee surfaces.",Risk that filesystem/tool authority exceeds declared least-exposure boundary.,local scan: sandbox term count 523 across codebase,Add hostile sandbox tests and deny/quarantine receipts for .git/.env/symlink/hardlink/unicode/TOCTOU cases.,Add hostile sandbox tests and deny/quarantine receipts for .git/.env/symlink/hardlink/unicode/TOCTOU cases.,Phase 02 security boundary hardening,open,"Not all rows are reproduced runtime bugs; matrix intentionally includes confirmed defects, hardening risks, and missing hostile/conformance proofs."
AHD-0021,P0,Conformance/test gap,Prior audit normalized,Security & sandbox boundary,v11A Boundary/Execution Evidence,crates/aidens-security-kit/src/lib.rs,Sandbox denylist does not cover one common developer-secret path or metadata surface. Scope variant 3: apply to crates/aidens-security-kit/src/lib.rs and adjacent caller/callee surfaces.,Risk that filesystem/tool authority exceeds declared least-exposure boundary.,local scan: sandbox/canonicalize paths in aidens-tool-kit; sensitive-path negative fixtures absent,Add hostile sandbox tests and deny/quarantine receipts for .git/.env/symlink/hardlink/unicode/TOCTOU cases.,Add hostile sandbox tests and deny/quarantine receipts for .git/.env/symlink/hardlink/unicode/TOCTOU cases.,Phase 02 security boundary hardening,open,"Not all rows are reproduced runtime bugs; matrix intentionally includes confirmed defects, hardening risks, and missing hostile/conformance proofs."
AHD-0022,P0,Conformance/test gap,Prior audit normalized,Security & sandbox boundary,v11A Boundary/Execution Evidence,crates/aidens-tool-kit/src/lib.rs,Filesystem path validation does not prove race-free handling for the target path at write time. Scope variant 3: apply to crates/aidens-tool-kit/src/lib.rs and adjacent caller/callee surfaces.,Risk that filesystem/tool authority exceeds declared least-exposure boundary.,local scan: sandbox term count 523 across codebase,Add hostile sandbox tests and deny/quarantine receipts for .git/.env/symlink/hardlink/unicode/TOCTOU cases.,Add hostile sandbox tests and deny/quarantine receipts for .git/.env/symlink/hardlink/unicode/TOCTOU cases.,Phase 02 security boundary hardening,open,"Not all rows are reproduced runtime bugs; matrix intentionally includes confirmed defects, hardening risks, and missing hostile/conformance proofs."
AHD-0023,P0,High-confidence hardening risk,Prior audit normalized,Security & sandbox boundary,v11A Boundary/Execution Evidence,crates/aidens-cli/src/lib.rs,Hidden file/directory access policy is weaker than the future application-builder threat model requires. Scope variant 3: apply to crates/aidens-cli/src/lib.rs and adjacent caller/callee surfaces.,Risk that filesystem/tool authority exceeds declared least-exposure boundary.,local scan: sandbox/canonicalize paths in aidens-tool-kit; sensitive-path negative fixtures absent,Add hostile sandbox tests and deny/quarantine receipts for .git/.env/symlink/hardlink/unicode/TOCTOU cases.,Add hostile sandbox tests and deny/quarantine receipts for .git/.env/symlink/hardlink/unicode/TOCTOU cases.,Phase 02 security boundary hardening,open,"Not all rows are reproduced runtime bugs; matrix intentionally includes confirmed defects, hardening risks, and missing hostile/conformance proofs."
AHD-0024,P0,Conformance/test gap,Prior audit normalized,Security & sandbox boundary,v11A Boundary/Execution Evidence,crates/aidens-runner/src/lib.rs,Path display can leak host-specific absolute paths when relative rendering fails. Scope variant 3: apply to crates/aidens-runner/src/lib.rs and adjacent caller/callee surfaces.,Risk that filesystem/tool authority exceeds declared least-exposure boundary.,local scan: sandbox term count 523 across codebase,Add hostile sandbox tests and deny/quarantine receipts for .git/.env/symlink/hardlink/unicode/TOCTOU cases.,Add hostile sandbox tests and deny/quarantine receipts for .git/.env/symlink/hardlink/unicode/TOCTOU cases.,Phase 02 security boundary hardening,open,"Not all rows are reproduced runtime bugs; matrix intentionally includes confirmed defects, hardening risks, and missing hostile/conformance proofs."
AHD-0025,P0,Conformance/test gap,Prior audit normalized,Security & sandbox boundary,v11A Boundary/Execution Evidence,crates/aidens-security-kit/src/lib.rs,"Symlink, hardlink, mountpoint, or case-folding behavior lacks an explicit hostile fixture. Scope variant 3: apply to crates/aidens-security-kit/src/lib.rs and adjacent caller/callee surfaces.",Risk that filesystem/tool authority exceeds declared least-exposure boundary.,local scan: sandbox/canonicalize paths in aidens-tool-kit; sensitive-path negative fixtures absent,Add hostile sandbox tests and deny/quarantine receipts for .git/.env/symlink/hardlink/unicode/TOCTOU cases.,Add hostile sandbox tests and deny/quarantine receipts for .git/.env/symlink/hardlink/unicode/TOCTOU cases.,Phase 02 security boundary hardening,open,"Not all rows are reproduced runtime bugs; matrix intentionally includes confirmed defects, hardening risks, and missing hostile/conformance proofs."
AHD-0026,Critical,High-confidence hardening risk,Prior audit normalized,Security & sandbox boundary,v11A Boundary/Execution Evidence,crates/aidens-tool-kit/src/lib.rs,Tool sandbox boundary has no explicit capability receipt for a rejected sensitive-path attempt. Scope variant 3: apply to crates/aidens-tool-kit/src/lib.rs and adjacent caller/callee surfaces.,Risk that filesystem/tool authority exceeds declared least-exposure boundary.,local scan: sandbox term count 523 across codebase,Add hostile sandbox tests and deny/quarantine receipts for .git/.env/symlink/hardlink/unicode/TOCTOU cases.,Add hostile sandbox tests and deny/quarantine receipts for .git/.env/symlink/hardlink/unicode/TOCTOU cases.,Phase 02 security boundary hardening,open,"Not all rows are reproduced runtime bugs; matrix intentionally includes confirmed defects, hardening risks, and missing hostile/conformance proofs."
AHD-0027,Critical,Conformance/test gap,Prior audit normalized,Security & sandbox boundary,v11A Boundary/Execution Evidence,crates/aidens-cli/src/lib.rs,Read/list/stat/search authority can expose repository metadata that should have a redaction policy. Scope variant 3: apply to crates/aidens-cli/src/lib.rs and adjacent caller/callee surfaces.,Risk that filesystem/tool authority exceeds declared least-exposure boundary.,local scan: sandbox/canonicalize paths in aidens-tool-kit; sensitive-path negative fixtures absent,Add hostile sandbox tests and deny/quarantine receipts for .git/.env/symlink/hardlink/unicode/TOCTOU cases.,Add hostile sandbox tests and deny/quarantine receipts for .git/.env/symlink/hardlink/unicode/TOCTOU cases.,Phase 02 security boundary hardening,open,"Not all rows are reproduced runtime bugs; matrix intentionally includes confirmed defects, hardening risks, and missing hostile/conformance proofs."
AHD-0028,Critical,Conformance/test gap,Prior audit normalized,Security & sandbox boundary,v11A Boundary/Execution Evidence,crates/aidens-runner/src/lib.rs,Sandbox root can be derived from ambient current directory instead of a stable declared permit scope. Scope variant 3: apply to crates/aidens-runner/src/lib.rs and adjacent caller/callee surfaces.,Risk that filesystem/tool authority exceeds declared least-exposure boundary.,local scan: sandbox term count 523 across codebase,Add hostile sandbox tests and deny/quarantine receipts for .git/.env/symlink/hardlink/unicode/TOCTOU cases.,Add hostile sandbox tests and deny/quarantine receipts for .git/.env/symlink/hardlink/unicode/TOCTOU cases.,Phase 02 security boundary hardening,open,"Not all rows are reproduced runtime bugs; matrix intentionally includes confirmed defects, hardening risks, and missing hostile/conformance proofs."
AHD-0029,Critical,High-confidence hardening risk,Prior audit normalized,Security & sandbox boundary,v11A Boundary/Execution Evidence,crates/aidens-security-kit/src/lib.rs,Cross-platform path semantics are not fully specified for Windows/macOS/Linux differences. Scope variant 3: apply to crates/aidens-security-kit/src/lib.rs and adjacent caller/callee surfaces.,Risk that filesystem/tool authority exceeds declared least-exposure boundary.,local scan: sandbox/canonicalize paths in aidens-tool-kit; sensitive-path negative fixtures absent,Add hostile sandbox tests and deny/quarantine receipts for .git/.env/symlink/hardlink/unicode/TOCTOU cases.,Add hostile sandbox tests and deny/quarantine receipts for .git/.env/symlink/hardlink/unicode/TOCTOU cases.,Phase 02 security boundary hardening,open,"Not all rows are reproduced runtime bugs; matrix intentionally includes confirmed defects, hardening risks, and missing hostile/conformance proofs."
AHD-0030,Critical,Conformance/test gap,Prior audit normalized,Security & sandbox boundary,v11A Boundary/Execution Evidence,crates/aidens-tool-kit/src/lib.rs,"Security policy lacks a complete negative corpus for dotfiles, credentials, config stores, and generated secrets. Scope variant 3: apply to crates/aidens-tool-kit/src/lib.rs and adjacent caller/callee surfaces.",Risk that filesystem/tool authority exceeds declared least-exposure boundary.,local scan: sandbox term count 523 across codebase,Add hostile sandbox tests and deny/quarantine receipts for .git/.env/symlink/hardlink/unicode/TOCTOU cases.,Add hostile sandbox tests and deny/quarantine receipts for .git/.env/symlink/hardlink/unicode/TOCTOU cases.,Phase 02 security boundary hardening,open,"Not all rows are reproduced runtime bugs; matrix intentionally includes confirmed defects, hardening risks, and missing hostile/conformance proofs."
AHD-0031,Critical,Conformance/test gap,Prior audit normalized,Security & sandbox boundary,v11A Boundary/Execution Evidence,crates/aidens-cli/src/lib.rs,Sandbox denylist does not cover one common developer-secret path or metadata surface. Scope variant 4: apply to crates/aidens-cli/src/lib.rs and adjacent caller/callee surfaces.,Risk that filesystem/tool authority exceeds declared least-exposure boundary.,local scan: sandbox/canonicalize paths in aidens-tool-kit; sensitive-path negative fixtures absent,Add hostile sandbox tests and deny/quarantine receipts for .git/.env/symlink/hardlink/unicode/TOCTOU cases.,Add hostile sandbox tests and deny/quarantine receipts for .git/.env/symlink/hardlink/unicode/TOCTOU cases.,Phase 02 security boundary hardening,open,"Not all rows are reproduced runtime bugs; matrix intentionally includes confirmed defects, hardening risks, and missing hostile/conformance proofs."
AHD-0032,Critical,High-confidence hardening risk,Prior audit normalized,Security & sandbox boundary,v11A Boundary/Execution Evidence,crates/aidens-runner/src/lib.rs,Filesystem path validation does not prove race-free handling for the target path at write time. Scope variant 4: apply to crates/aidens-runner/src/lib.rs and adjacent caller/callee surfaces.,Risk that filesystem/tool authority exceeds declared least-exposure boundary.,local scan: sandbox term count 523 across codebase,Add hostile sandbox tests and deny/quarantine receipts for .git/.env/symlink/hardlink/unicode/TOCTOU cases.,Add hostile sandbox tests and deny/quarantine receipts for .git/.env/symlink/hardlink/unicode/TOCTOU cases.,Phase 02 security boundary hardening,open,"Not all rows are reproduced runtime bugs; matrix intentionally includes confirmed defects, hardening risks, and missing hostile/conformance proofs."
AHD-0033,Critical,Conformance/test gap,Prior audit normalized,Security & sandbox boundary,v11A Boundary/Execution Evidence,crates/aidens-security-kit/src/lib.rs,Hidden file/directory access policy is weaker than the future application-builder threat model requires. Scope variant 4: apply to crates/aidens-security-kit/src/lib.rs and adjacent caller/callee surfaces.,Risk that filesystem/tool authority exceeds declared least-exposure boundary.,local scan: sandbox/canonicalize paths in aidens-tool-kit; sensitive-path negative fixtures absent,Add hostile sandbox tests and deny/quarantine receipts for .git/.env/symlink/hardlink/unicode/TOCTOU cases.,Add hostile sandbox tests and deny/quarantine receipts for .git/.env/symlink/hardlink/unicode/TOCTOU cases.,Phase 02 security boundary hardening,open,"Not all rows are reproduced runtime bugs; matrix intentionally includes confirmed defects, hardening risks, and missing hostile/conformance proofs."
AHD-0034,Critical,Conformance/test gap,Prior audit normalized,Security & sandbox boundary,v11A Boundary/Execution Evidence,crates/aidens-tool-kit/src/lib.rs,Path display can leak host-specific absolute paths when relative rendering fails. Scope variant 4: apply to crates/aidens-tool-kit/src/lib.rs and adjacent caller/callee surfaces.,Risk that filesystem/tool authority exceeds declared least-exposure boundary.,local scan: sandbox term count 523 across codebase,Add hostile sandbox tests and deny/quarantine receipts for .git/.env/symlink/hardlink/unicode/TOCTOU cases.,Add hostile sandbox tests and deny/quarantine receipts for .git/.env/symlink/hardlink/unicode/TOCTOU cases.,Phase 02 security boundary hardening,open,"Not all rows are reproduced runtime bugs; matrix intentionally includes confirmed defects, hardening risks, and missing hostile/conformance proofs."
AHD-0035,Critical,High-confidence hardening risk,Prior audit normalized,Security & sandbox boundary,v11A Boundary/Execution Evidence,crates/aidens-cli/src/lib.rs,"Symlink, hardlink, mountpoint, or case-folding behavior lacks an explicit hostile fixture. Scope variant 4: apply to crates/aidens-cli/src/lib.rs and adjacent caller/callee surfaces.",Risk that filesystem/tool authority exceeds declared least-exposure boundary.,local scan: sandbox/canonicalize paths in aidens-tool-kit; sensitive-path negative fixtures absent,Add hostile sandbox tests and deny/quarantine receipts for .git/.env/symlink/hardlink/unicode/TOCTOU cases.,Add hostile sandbox tests and deny/quarantine receipts for .git/.env/symlink/hardlink/unicode/TOCTOU cases.,Phase 02 security boundary hardening,open,"Not all rows are reproduced runtime bugs; matrix intentionally includes confirmed defects, hardening risks, and missing hostile/conformance proofs."
AHD-0036,Critical,Conformance/test gap,Prior audit normalized,Security & sandbox boundary,v11A Boundary/Execution Evidence,crates/aidens-runner/src/lib.rs,Tool sandbox boundary has no explicit capability receipt for a rejected sensitive-path attempt. Scope variant 4: apply to crates/aidens-runner/src/lib.rs and adjacent caller/callee surfaces.,Risk that filesystem/tool authority exceeds declared least-exposure boundary.,local scan: sandbox term count 523 across codebase,Add hostile sandbox tests and deny/quarantine receipts for .git/.env/symlink/hardlink/unicode/TOCTOU cases.,Add hostile sandbox tests and deny/quarantine receipts for .git/.env/symlink/hardlink/unicode/TOCTOU cases.,Phase 02 security boundary hardening,open,"Not all rows are reproduced runtime bugs; matrix intentionally includes confirmed defects, hardening risks, and missing hostile/conformance proofs."
AHD-0037,Critical,Conformance/test gap,Prior audit normalized,Security & sandbox boundary,v11A Boundary/Execution Evidence,crates/aidens-security-kit/src/lib.rs,Read/list/stat/search authority can expose repository metadata that should have a redaction policy. Scope variant 4: apply to crates/aidens-security-kit/src/lib.rs and adjacent caller/callee surfaces.,Risk that filesystem/tool authority exceeds declared least-exposure boundary.,local scan: sandbox/canonicalize paths in aidens-tool-kit; sensitive-path negative fixtures absent,Add hostile sandbox tests and deny/quarantine receipts for .git/.env/symlink/hardlink/unicode/TOCTOU cases.,Add hostile sandbox tests and deny/quarantine receipts for .git/.env/symlink/hardlink/unicode/TOCTOU cases.,Phase 02 security boundary hardening,open,"Not all rows are reproduced runtime bugs; matrix intentionally includes confirmed defects, hardening risks, and missing hostile/conformance proofs."
AHD-0038,Critical,High-confidence hardening risk,Prior audit normalized,Security & sandbox boundary,v11A Boundary/Execution Evidence,crates/aidens-tool-kit/src/lib.rs,Sandbox root can be derived from ambient current directory instead of a stable declared permit scope. Scope variant 4: apply to crates/aidens-tool-kit/src/lib.rs and adjacent caller/callee surfaces.,Risk that filesystem/tool authority exceeds declared least-exposure boundary.,local scan: sandbox term count 523 across codebase,Add hostile sandbox tests and deny/quarantine receipts for .git/.env/symlink/hardlink/unicode/TOCTOU cases.,Add hostile sandbox tests and deny/quarantine receipts for .git/.env/symlink/hardlink/unicode/TOCTOU cases.,Phase 02 security boundary hardening,open,"Not all rows are reproduced runtime bugs; matrix intentionally includes confirmed defects, hardening risks, and missing hostile/conformance proofs."
AHD-0039,Critical,Conformance/test gap,Prior audit normalized,Security & sandbox boundary,v11A Boundary/Execution Evidence,crates/aidens-cli/src/lib.rs,Cross-platform path semantics are not fully specified for Windows/macOS/Linux differences. Scope variant 4: apply to crates/aidens-cli/src/lib.rs and adjacent caller/callee surfaces.,Risk that filesystem/tool authority exceeds declared least-exposure boundary.,local scan: sandbox/canonicalize paths in aidens-tool-kit; sensitive-path negative fixtures absent,Add hostile sandbox tests and deny/quarantine receipts for .git/.env/symlink/hardlink/unicode/TOCTOU cases.,Add hostile sandbox tests and deny/quarantine receipts for .git/.env/symlink/hardlink/unicode/TOCTOU cases.,Phase 02 security boundary hardening,open,"Not all rows are reproduced runtime bugs; matrix intentionally includes confirmed defects, hardening risks, and missing hostile/conformance proofs."
AHD-0040,Critical,Conformance/test gap,Prior audit normalized,Security & sandbox boundary,v11A Boundary/Execution Evidence,crates/aidens-runner/src/lib.rs,"Security policy lacks a complete negative corpus for dotfiles, credentials, config stores, and generated secrets. Scope variant 4: apply to crates/aidens-runner/src/lib.rs and adjacent caller/callee surfaces.",Risk that filesystem/tool authority exceeds declared least-exposure boundary.,local scan: sandbox term count 523 across codebase,Add hostile sandbox tests and deny/quarantine receipts for .git/.env/symlink/hardlink/unicode/TOCTOU cases.,Add hostile sandbox tests and deny/quarantine receipts for .git/.env/symlink/hardlink/unicode/TOCTOU cases.,Phase 02 security boundary hardening,open,"Not all rows are reproduced runtime bugs; matrix intentionally includes confirmed defects, hardening risks, and missing hostile/conformance proofs."
AHD-0041,Critical,High-confidence hardening risk,Prior audit normalized,Security & sandbox boundary,v11A Boundary/Execution Evidence,crates/aidens-security-kit/src/lib.rs,Sandbox denylist does not cover one common developer-secret path or metadata surface. Scope variant 5: apply to crates/aidens-security-kit/src/lib.rs and adjacent caller/callee surfaces.,Risk that filesystem/tool authority exceeds declared least-exposure boundary.,local scan: sandbox/canonicalize paths in aidens-tool-kit; sensitive-path negative fixtures absent,Add hostile sandbox tests and deny/quarantine receipts for .git/.env/symlink/hardlink/unicode/TOCTOU cases.,Add hostile sandbox tests and deny/quarantine receipts for .git/.env/symlink/hardlink/unicode/TOCTOU cases.,Phase 02 security boundary hardening,open,"Not all rows are reproduced runtime bugs; matrix intentionally includes confirmed defects, hardening risks, and missing hostile/conformance proofs."
AHD-0042,Critical,Conformance/test gap,Prior audit normalized,Security & sandbox boundary,v11A Boundary/Execution Evidence,crates/aidens-tool-kit/src/lib.rs,Filesystem path validation does not prove race-free handling for the target path at write time. Scope variant 5: apply to crates/aidens-tool-kit/src/lib.rs and adjacent caller/callee surfaces.,Risk that filesystem/tool authority exceeds declared least-exposure boundary.,local scan: sandbox term count 523 across codebase,Add hostile sandbox tests and deny/quarantine receipts for .git/.env/symlink/hardlink/unicode/TOCTOU cases.,Add hostile sandbox tests and deny/quarantine receipts for .git/.env/symlink/hardlink/unicode/TOCTOU cases.,Phase 02 security boundary hardening,open,"Not all rows are reproduced runtime bugs; matrix intentionally includes confirmed defects, hardening risks, and missing hostile/conformance proofs."
AHD-0043,Critical,Conformance/test gap,Prior audit normalized,Security & sandbox boundary,v11A Boundary/Execution Evidence,crates/aidens-cli/src/lib.rs,Hidden file/directory access policy is weaker than the future application-builder threat model requires. Scope variant 5: apply to crates/aidens-cli/src/lib.rs and adjacent caller/callee surfaces.,Risk that filesystem/tool authority exceeds declared least-exposure boundary.,local scan: sandbox/canonicalize paths in aidens-tool-kit; sensitive-path negative fixtures absent,Add hostile sandbox tests and deny/quarantine receipts for .git/.env/symlink/hardlink/unicode/TOCTOU cases.,Add hostile sandbox tests and deny/quarantine receipts for .git/.env/symlink/hardlink/unicode/TOCTOU cases.,Phase 02 security boundary hardening,open,"Not all rows are reproduced runtime bugs; matrix intentionally includes confirmed defects, hardening risks, and missing hostile/conformance proofs."
AHD-0044,Critical,High-confidence hardening risk,Prior audit normalized,Security & sandbox boundary,v11A Boundary/Execution Evidence,crates/aidens-runner/src/lib.rs,Path display can leak host-specific absolute paths when relative rendering fails. Scope variant 5: apply to crates/aidens-runner/src/lib.rs and adjacent caller/callee surfaces.,Risk that filesystem/tool authority exceeds declared least-exposure boundary.,local scan: sandbox term count 523 across codebase,Add hostile sandbox tests and deny/quarantine receipts for .git/.env/symlink/hardlink/unicode/TOCTOU cases.,Add hostile sandbox tests and deny/quarantine receipts for .git/.env/symlink/hardlink/unicode/TOCTOU cases.,Phase 02 security boundary hardening,open,"Not all rows are reproduced runtime bugs; matrix intentionally includes confirmed defects, hardening risks, and missing hostile/conformance proofs."
AHD-0045,Critical,Conformance/test gap,Prior audit normalized,Security & sandbox boundary,v11A Boundary/Execution Evidence,crates/aidens-security-kit/src/lib.rs,"Symlink, hardlink, mountpoint, or case-folding behavior lacks an explicit hostile fixture. Scope variant 5: apply to crates/aidens-security-kit/src/lib.rs and adjacent caller/callee surfaces.",Risk that filesystem/tool authority exceeds declared least-exposure boundary.,local scan: sandbox/canonicalize paths in aidens-tool-kit; sensitive-path negative fixtures absent,Add hostile sandbox tests and deny/quarantine receipts for .git/.env/symlink/hardlink/unicode/TOCTOU cases.,Add hostile sandbox tests and deny/quarantine receipts for .git/.env/symlink/hardlink/unicode/TOCTOU cases.,Phase 02 security boundary hardening,open,"Not all rows are reproduced runtime bugs; matrix intentionally includes confirmed defects, hardening risks, and missing hostile/conformance proofs."
AHD-0046,Critical,Conformance/test gap,Prior audit normalized,Security & sandbox boundary,v11A Boundary/Execution Evidence,crates/aidens-tool-kit/src/lib.rs,Tool sandbox boundary has no explicit capability receipt for a rejected sensitive-path attempt. Scope variant 5: apply to crates/aidens-tool-kit/src/lib.rs and adjacent caller/callee surfaces.,Risk that filesystem/tool authority exceeds declared least-exposure boundary.,local scan: sandbox term count 523 across codebase,Add hostile sandbox tests and deny/quarantine receipts for .git/.env/symlink/hardlink/unicode/TOCTOU cases.,Add hostile sandbox tests and deny/quarantine receipts for .git/.env/symlink/hardlink/unicode/TOCTOU cases.,Phase 02 security boundary hardening,open,"Not all rows are reproduced runtime bugs; matrix intentionally includes confirmed defects, hardening risks, and missing hostile/conformance proofs."
AHD-0047,Critical,High-confidence hardening risk,Prior audit normalized,Security & sandbox boundary,v11A Boundary/Execution Evidence,crates/aidens-cli/src/lib.rs,Read/list/stat/search authority can expose repository metadata that should have a redaction policy. Scope variant 5: apply to crates/aidens-cli/src/lib.rs and adjacent caller/callee surfaces.,Risk that filesystem/tool authority exceeds declared least-exposure boundary.,local scan: sandbox/canonicalize paths in aidens-tool-kit; sensitive-path negative fixtures absent,Add hostile sandbox tests and deny/quarantine receipts for .git/.env/symlink/hardlink/unicode/TOCTOU cases.,Add hostile sandbox tests and deny/quarantine receipts for .git/.env/symlink/hardlink/unicode/TOCTOU cases.,Phase 02 security boundary hardening,open,"Not all rows are reproduced runtime bugs; matrix intentionally includes confirmed defects, hardening risks, and missing hostile/conformance proofs."
AHD-0048,Critical,Conformance/test gap,Prior audit normalized,Security & sandbox boundary,v11A Boundary/Execution Evidence,crates/aidens-runner/src/lib.rs,Sandbox root can be derived from ambient current directory instead of a stable declared permit scope. Scope variant 5: apply to crates/aidens-runner/src/lib.rs and adjacent caller/callee surfaces.,Risk that filesystem/tool authority exceeds declared least-exposure boundary.,local scan: sandbox term count 523 across codebase,Add hostile sandbox tests and deny/quarantine receipts for .git/.env/symlink/hardlink/unicode/TOCTOU cases.,Add hostile sandbox tests and deny/quarantine receipts for .git/.env/symlink/hardlink/unicode/TOCTOU cases.,Phase 02 security boundary hardening,open,"Not all rows are reproduced runtime bugs; matrix intentionally includes confirmed defects, hardening risks, and missing hostile/conformance proofs."
AHD-0049,Critical,Conformance/test gap,Prior audit normalized,Security & sandbox boundary,v11A Boundary/Execution Evidence,crates/aidens-security-kit/src/lib.rs,Cross-platform path semantics are not fully specified for Windows/macOS/Linux differences. Scope variant 5: apply to crates/aidens-security-kit/src/lib.rs and adjacent caller/callee surfaces.,Risk that filesystem/tool authority exceeds declared least-exposure boundary.,local scan: sandbox/canonicalize paths in aidens-tool-kit; sensitive-path negative fixtures absent,Add hostile sandbox tests and deny/quarantine receipts for .git/.env/symlink/hardlink/unicode/TOCTOU cases.,Add hostile sandbox tests and deny/quarantine receipts for .git/.env/symlink/hardlink/unicode/TOCTOU cases.,Phase 02 security boundary hardening,open,"Not all rows are reproduced runtime bugs; matrix intentionally includes confirmed defects, hardening risks, and missing hostile/conformance proofs."
AHD-0050,Critical,High-confidence hardening risk,Prior audit normalized,Security & sandbox boundary,v11A Boundary/Execution Evidence,crates/aidens-tool-kit/src/lib.rs,"Security policy lacks a complete negative corpus for dotfiles, credentials, config stores, and generated secrets. Scope variant 5: apply to crates/aidens-tool-kit/src/lib.rs and adjacent caller/callee surfaces.",Risk that filesystem/tool authority exceeds declared least-exposure boundary.,local scan: sandbox term count 523 across codebase,Add hostile sandbox tests and deny/quarantine receipts for .git/.env/symlink/hardlink/unicode/TOCTOU cases.,Add hostile sandbox tests and deny/quarantine receipts for .git/.env/symlink/hardlink/unicode/TOCTOU cases.,Phase 02 security boundary hardening,open,"Not all rows are reproduced runtime bugs; matrix intentionally includes confirmed defects, hardening risks, and missing hostile/conformance proofs."
AHD-0051,Critical,Conformance/test gap,Prior audit normalized,Security & sandbox boundary,v11A Boundary/Execution Evidence,crates/aidens-cli/src/lib.rs,Sandbox denylist does not cover one common developer-secret path or metadata surface. Scope variant 6: apply to crates/aidens-cli/src/lib.rs and adjacent caller/callee surfaces.,Risk that filesystem/tool authority exceeds declared least-exposure boundary.,local scan: sandbox/canonicalize paths in aidens-tool-kit; sensitive-path negative fixtures absent,Add hostile sandbox tests and deny/quarantine receipts for .git/.env/symlink/hardlink/unicode/TOCTOU cases.,Add hostile sandbox tests and deny/quarantine receipts for .git/.env/symlink/hardlink/unicode/TOCTOU cases.,Phase 02 security boundary hardening,open,"Not all rows are reproduced runtime bugs; matrix intentionally includes confirmed defects, hardening risks, and missing hostile/conformance proofs."
AHD-0052,Critical,Conformance/test gap,Prior audit normalized,Security & sandbox boundary,v11A Boundary/Execution Evidence,crates/aidens-runner/src/lib.rs,Filesystem path validation does not prove race-free handling for the target path at write time. Scope variant 6: apply to crates/aidens-runner/src/lib.rs and adjacent caller/callee surfaces.,Risk that filesystem/tool authority exceeds declared least-exposure boundary.,local scan: sandbox term count 523 across codebase,Add hostile sandbox tests and deny/quarantine receipts for .git/.env/symlink/hardlink/unicode/TOCTOU cases.,Add hostile sandbox tests and deny/quarantine receipts for .git/.env/symlink/hardlink/unicode/TOCTOU cases.,Phase 02 security boundary hardening,open,"Not all rows are reproduced runtime bugs; matrix intentionally includes confirmed defects, hardening risks, and missing hostile/conformance proofs."
AHD-0053,Critical,High-confidence hardening risk,Prior audit normalized,Security & sandbox boundary,v11A Boundary/Execution Evidence,crates/aidens-security-kit/src/lib.rs,Hidden file/directory access policy is weaker than the future application-builder threat model requires. Scope variant 6: apply to crates/aidens-security-kit/src/lib.rs and adjacent caller/callee surfaces.,Risk that filesystem/tool authority exceeds declared least-exposure boundary.,local scan: sandbox/canonicalize paths in aidens-tool-kit; sensitive-path negative fixtures absent,Add hostile sandbox tests and deny/quarantine receipts for .git/.env/symlink/hardlink/unicode/TOCTOU cases.,Add hostile sandbox tests and deny/quarantine receipts for .git/.env/symlink/hardlink/unicode/TOCTOU cases.,Phase 02 security boundary hardening,open,"Not all rows are reproduced runtime bugs; matrix intentionally includes confirmed defects, hardening risks, and missing hostile/conformance proofs."
AHD-0054,Critical,Conformance/test gap,Prior audit normalized,Security & sandbox boundary,v11A Boundary/Execution Evidence,crates/aidens-tool-kit/src/lib.rs,Path display can leak host-specific absolute paths when relative rendering fails. Scope variant 6: apply to crates/aidens-tool-kit/src/lib.rs and adjacent caller/callee surfaces.,Risk that filesystem/tool authority exceeds declared least-exposure boundary.,local scan: sandbox term count 523 across codebase,Add hostile sandbox tests and deny/quarantine receipts for .git/.env/symlink/hardlink/unicode/TOCTOU cases.,Add hostile sandbox tests and deny/quarantine receipts for .git/.env/symlink/hardlink/unicode/TOCTOU cases.,Phase 02 security boundary hardening,open,"Not all rows are reproduced runtime bugs; matrix intentionally includes confirmed defects, hardening risks, and missing hostile/conformance proofs."
AHD-0055,Critical,Conformance/test gap,Prior audit normalized,Security & sandbox boundary,v11A Boundary/Execution Evidence,crates/aidens-cli/src/lib.rs,"Symlink, hardlink, mountpoint, or case-folding behavior lacks an explicit hostile fixture. Scope variant 6: apply to crates/aidens-cli/src/lib.rs and adjacent caller/callee surfaces.",Risk that filesystem/tool authority exceeds declared least-exposure boundary.,local scan: sandbox/canonicalize paths in aidens-tool-kit; sensitive-path negative fixtures absent,Add hostile sandbox tests and deny/quarantine receipts for .git/.env/symlink/hardlink/unicode/TOCTOU cases.,Add hostile sandbox tests and deny/quarantine receipts for .git/.env/symlink/hardlink/unicode/TOCTOU cases.,Phase 02 security boundary hardening,open,"Not all rows are reproduced runtime bugs; matrix intentionally includes confirmed defects, hardening risks, and missing hostile/conformance proofs."
AHD-0056,Critical,High-confidence hardening risk,Prior audit normalized,Security & sandbox boundary,v11A Boundary/Execution Evidence,crates/aidens-runner/src/lib.rs,Tool sandbox boundary has no explicit capability receipt for a rejected sensitive-path attempt. Scope variant 6: apply to crates/aidens-runner/src/lib.rs and adjacent caller/callee surfaces.,Risk that filesystem/tool authority exceeds declared least-exposure boundary.,local scan: sandbox term count 523 across codebase,Add hostile sandbox tests and deny/quarantine receipts for .git/.env/symlink/hardlink/unicode/TOCTOU cases.,Add hostile sandbox tests and deny/quarantine receipts for .git/.env/symlink/hardlink/unicode/TOCTOU cases.,Phase 02 security boundary hardening,open,"Not all rows are reproduced runtime bugs; matrix intentionally includes confirmed defects, hardening risks, and missing hostile/conformance proofs."
AHD-0057,Critical,Conformance/test gap,Prior audit normalized,Security & sandbox boundary,v11A Boundary/Execution Evidence,crates/aidens-security-kit/src/lib.rs,Read/list/stat/search authority can expose repository metadata that should have a redaction policy. Scope variant 6: apply to crates/aidens-security-kit/src/lib.rs and adjacent caller/callee surfaces.,Risk that filesystem/tool authority exceeds declared least-exposure boundary.,local scan: sandbox/canonicalize paths in aidens-tool-kit; sensitive-path negative fixtures absent,Add hostile sandbox tests and deny/quarantine receipts for .git/.env/symlink/hardlink/unicode/TOCTOU cases.,Add hostile sandbox tests and deny/quarantine receipts for .git/.env/symlink/hardlink/unicode/TOCTOU cases.,Phase 02 security boundary hardening,open,"Not all rows are reproduced runtime bugs; matrix intentionally includes confirmed defects, hardening risks, and missing hostile/conformance proofs."
AHD-0058,Critical,Conformance/test gap,Prior audit normalized,Security & sandbox boundary,v11A Boundary/Execution Evidence,crates/aidens-tool-kit/src/lib.rs,Sandbox root can be derived from ambient current directory instead of a stable declared permit scope. Scope variant 6: apply to crates/aidens-tool-kit/src/lib.rs and adjacent caller/callee surfaces.,Risk that filesystem/tool authority exceeds declared least-exposure boundary.,local scan: sandbox term count 523 across codebase,Add hostile sandbox tests and deny/quarantine receipts for .git/.env/symlink/hardlink/unicode/TOCTOU cases.,Add hostile sandbox tests and deny/quarantine receipts for .git/.env/symlink/hardlink/unicode/TOCTOU cases.,Phase 02 security boundary hardening,open,"Not all rows are reproduced runtime bugs; matrix intentionally includes confirmed defects, hardening risks, and missing hostile/conformance proofs."
AHD-0059,Critical,High-confidence hardening risk,Prior audit normalized,Security & sandbox boundary,v11A Boundary/Execution Evidence,crates/aidens-cli/src/lib.rs,Cross-platform path semantics are not fully specified for Windows/macOS/Linux differences. Scope variant 6: apply to crates/aidens-cli/src/lib.rs and adjacent caller/callee surfaces.,Risk that filesystem/tool authority exceeds declared least-exposure boundary.,local scan: sandbox/canonicalize paths in aidens-tool-kit; sensitive-path negative fixtures absent,Add hostile sandbox tests and deny/quarantine receipts for .git/.env/symlink/hardlink/unicode/TOCTOU cases.,Add hostile sandbox tests and deny/quarantine receipts for .git/.env/symlink/hardlink/unicode/TOCTOU cases.,Phase 02 security boundary hardening,open,"Not all rows are reproduced runtime bugs; matrix intentionally includes confirmed defects, hardening risks, and missing hostile/conformance proofs."
AHD-0060,Critical,Conformance/test gap,Prior audit normalized,Security & sandbox boundary,v11A Boundary/Execution Evidence,crates/aidens-runner/src/lib.rs,"Security policy lacks a complete negative corpus for dotfiles, credentials, config stores, and generated secrets. Scope variant 6: apply to crates/aidens-runner/src/lib.rs and adjacent caller/callee surfaces.",Risk that filesystem/tool authority exceeds declared least-exposure boundary.,local scan: sandbox term count 523 across codebase,Add hostile sandbox tests and deny/quarantine receipts for .git/.env/symlink/hardlink/unicode/TOCTOU cases.,Add hostile sandbox tests and deny/quarantine receipts for .git/.env/symlink/hardlink/unicode/TOCTOU cases.,Phase 02 security boundary hardening,open,"Not all rows are reproduced runtime bugs; matrix intentionally includes confirmed defects, hardening risks, and missing hostile/conformance proofs."
AHD-0061,Critical,Conformance/test gap,Prior audit normalized,Security & sandbox boundary,v11A Boundary/Execution Evidence,crates/aidens-security-kit/src/lib.rs,Sandbox denylist does not cover one common developer-secret path or metadata surface. Scope variant 7: apply to crates/aidens-security-kit/src/lib.rs and adjacent caller/callee surfaces.,Risk that filesystem/tool authority exceeds declared least-exposure boundary.,local scan: sandbox/canonicalize paths in aidens-tool-kit; sensitive-path negative fixtures absent,Add hostile sandbox tests and deny/quarantine receipts for .git/.env/symlink/hardlink/unicode/TOCTOU cases.,Add hostile sandbox tests and deny/quarantine receipts for .git/.env/symlink/hardlink/unicode/TOCTOU cases.,Phase 02 security boundary hardening,open,"Not all rows are reproduced runtime bugs; matrix intentionally includes confirmed defects, hardening risks, and missing hostile/conformance proofs."
AHD-0062,Critical,High-confidence hardening risk,Prior audit normalized,Security & sandbox boundary,v11A Boundary/Execution Evidence,crates/aidens-tool-kit/src/lib.rs,Filesystem path validation does not prove race-free handling for the target path at write time. Scope variant 7: apply to crates/aidens-tool-kit/src/lib.rs and adjacent caller/callee surfaces.,Risk that filesystem/tool authority exceeds declared least-exposure boundary.,local scan: sandbox term count 523 across codebase,Add hostile sandbox tests and deny/quarantine receipts for .git/.env/symlink/hardlink/unicode/TOCTOU cases.,Add hostile sandbox tests and deny/quarantine receipts for .git/.env/symlink/hardlink/unicode/TOCTOU cases.,Phase 02 security boundary hardening,open,"Not all rows are reproduced runtime bugs; matrix intentionally includes confirmed defects, hardening risks, and missing hostile/conformance proofs."
AHD-0063,Critical,Conformance/test gap,Prior audit normalized,Security & sandbox boundary,v11A Boundary/Execution Evidence,crates/aidens-cli/src/lib.rs,Hidden file/directory access policy is weaker than the future application-builder threat model requires. Scope variant 7: apply to crates/aidens-cli/src/lib.rs and adjacent caller/callee surfaces.,Risk that filesystem/tool authority exceeds declared least-exposure boundary.,local scan: sandbox/canonicalize paths in aidens-tool-kit; sensitive-path negative fixtures absent,Add hostile sandbox tests and deny/quarantine receipts for .git/.env/symlink/hardlink/unicode/TOCTOU cases.,Add hostile sandbox tests and deny/quarantine receipts for .git/.env/symlink/hardlink/unicode/TOCTOU cases.,Phase 02 security boundary hardening,open,"Not all rows are reproduced runtime bugs; matrix intentionally includes confirmed defects, hardening risks, and missing hostile/conformance proofs."
AHD-0064,Critical,Conformance/test gap,Prior audit normalized,Security & sandbox boundary,v11A Boundary/Execution Evidence,crates/aidens-runner/src/lib.rs,Path display can leak host-specific absolute paths when relative rendering fails. Scope variant 7: apply to crates/aidens-runner/src/lib.rs and adjacent caller/callee surfaces.,Risk that filesystem/tool authority exceeds declared least-exposure boundary.,local scan: sandbox term count 523 across codebase,Add hostile sandbox tests and deny/quarantine receipts for .git/.env/symlink/hardlink/unicode/TOCTOU cases.,Add hostile sandbox tests and deny/quarantine receipts for .git/.env/symlink/hardlink/unicode/TOCTOU cases.,Phase 02 security boundary hardening,open,"Not all rows are reproduced runtime bugs; matrix intentionally includes confirmed defects, hardening risks, and missing hostile/conformance proofs."
AHD-0065,Critical,High-confidence hardening risk,Prior audit normalized,Security & sandbox boundary,v11A Boundary/Execution Evidence,crates/aidens-security-kit/src/lib.rs,"Symlink, hardlink, mountpoint, or case-folding behavior lacks an explicit hostile fixture. Scope variant 7: apply to crates/aidens-security-kit/src/lib.rs and adjacent caller/callee surfaces.",Risk that filesystem/tool authority exceeds declared least-exposure boundary.,local scan: sandbox/canonicalize paths in aidens-tool-kit; sensitive-path negative fixtures absent,Add hostile sandbox tests and deny/quarantine receipts for .git/.env/symlink/hardlink/unicode/TOCTOU cases.,Add hostile sandbox tests and deny/quarantine receipts for .git/.env/symlink/hardlink/unicode/TOCTOU cases.,Phase 02 security boundary hardening,open,"Not all rows are reproduced runtime bugs; matrix intentionally includes confirmed defects, hardening risks, and missing hostile/conformance proofs."
AHD-0066,Critical,Conformance/test gap,Prior audit normalized,Security & sandbox boundary,v11A Boundary/Execution Evidence,crates/aidens-tool-kit/src/lib.rs,Tool sandbox boundary has no explicit capability receipt for a rejected sensitive-path attempt. Scope variant 7: apply to crates/aidens-tool-kit/src/lib.rs and adjacent caller/callee surfaces.,Risk that filesystem/tool authority exceeds declared least-exposure boundary.,local scan: sandbox term count 523 across codebase,Add hostile sandbox tests and deny/quarantine receipts for .git/.env/symlink/hardlink/unicode/TOCTOU cases.,Add hostile sandbox tests and deny/quarantine receipts for .git/.env/symlink/hardlink/unicode/TOCTOU cases.,Phase 02 security boundary hardening,open,"Not all rows are reproduced runtime bugs; matrix intentionally includes confirmed defects, hardening risks, and missing hostile/conformance proofs."
AHD-0067,Critical,Conformance/test gap,Prior audit normalized,Security & sandbox boundary,v11A Boundary/Execution Evidence,crates/aidens-cli/src/lib.rs,Read/list/stat/search authority can expose repository metadata that should have a redaction policy. Scope variant 7: apply to crates/aidens-cli/src/lib.rs and adjacent caller/callee surfaces.,Risk that filesystem/tool authority exceeds declared least-exposure boundary.,local scan: sandbox/canonicalize paths in aidens-tool-kit; sensitive-path negative fixtures absent,Add hostile sandbox tests and deny/quarantine receipts for .git/.env/symlink/hardlink/unicode/TOCTOU cases.,Add hostile sandbox tests and deny/quarantine receipts for .git/.env/symlink/hardlink/unicode/TOCTOU cases.,Phase 02 security boundary hardening,open,"Not all rows are reproduced runtime bugs; matrix intentionally includes confirmed defects, hardening risks, and missing hostile/conformance proofs."
AHD-0068,Critical,High-confidence hardening risk,Prior audit normalized,Security & sandbox boundary,v11A Boundary/Execution Evidence,crates/aidens-runner/src/lib.rs,Sandbox root can be derived from ambient current directory instead of a stable declared permit scope. Scope variant 7: apply to crates/aidens-runner/src/lib.rs and adjacent caller/callee surfaces.,Risk that filesystem/tool authority exceeds declared least-exposure boundary.,local scan: sandbox term count 523 across codebase,Add hostile sandbox tests and deny/quarantine receipts for .git/.env/symlink/hardlink/unicode/TOCTOU cases.,Add hostile sandbox tests and deny/quarantine receipts for .git/.env/symlink/hardlink/unicode/TOCTOU cases.,Phase 02 security boundary hardening,open,"Not all rows are reproduced runtime bugs; matrix intentionally includes confirmed defects, hardening risks, and missing hostile/conformance proofs."
AHD-0069,Critical,Conformance/test gap,Prior audit normalized,Security & sandbox boundary,v11A Boundary/Execution Evidence,crates/aidens-security-kit/src/lib.rs,Cross-platform path semantics are not fully specified for Windows/macOS/Linux differences. Scope variant 7: apply to crates/aidens-security-kit/src/lib.rs and adjacent caller/callee surfaces.,Risk that filesystem/tool authority exceeds declared least-exposure boundary.,local scan: sandbox/canonicalize paths in aidens-tool-kit; sensitive-path negative fixtures absent,Add hostile sandbox tests and deny/quarantine receipts for .git/.env/symlink/hardlink/unicode/TOCTOU cases.,Add hostile sandbox tests and deny/quarantine receipts for .git/.env/symlink/hardlink/unicode/TOCTOU cases.,Phase 02 security boundary hardening,open,"Not all rows are reproduced runtime bugs; matrix intentionally includes confirmed defects, hardening risks, and missing hostile/conformance proofs."
AHD-0070,Critical,Conformance/test gap,Prior audit normalized,Security & sandbox boundary,v11A Boundary/Execution Evidence,crates/aidens-tool-kit/src/lib.rs,"Security policy lacks a complete negative corpus for dotfiles, credentials, config stores, and generated secrets. Scope variant 7: apply to crates/aidens-tool-kit/src/lib.rs and adjacent caller/callee surfaces.",Risk that filesystem/tool authority exceeds declared least-exposure boundary.,local scan: sandbox term count 523 across codebase,Add hostile sandbox tests and deny/quarantine receipts for .git/.env/symlink/hardlink/unicode/TOCTOU cases.,Add hostile sandbox tests and deny/quarantine receipts for .git/.env/symlink/hardlink/unicode/TOCTOU cases.,Phase 02 security boundary hardening,open,"Not all rows are reproduced runtime bugs; matrix intentionally includes confirmed defects, hardening risks, and missing hostile/conformance proofs."
AHD-0071,Critical,Conformance/test gap,Prior audit normalized,Tool exposure & permit policy,v11A Material Operation / Permit,crates/aidens-tool-kit/src/lib.rs,Default coding tool registry exposes or enables a capability broader than least-exposure requires.,"Risk that declared tools, exposed tools, permitted tools, and executable tools diverge.",local scan: receipt_persistence Ephemeral at aidens-tool-kit/src/lib.rs:211,Add tool exposure parity harness: declared vs registered vs executable vs exposed vs provider schema vs permit-used.,Add tool exposure parity harness: declared vs registered vs executable vs exposed vs provider schema vs permit-used.,Phase 03 tool/permit exposure parity,open,"Not all rows are reproduced runtime bugs; matrix intentionally includes confirmed defects, hardening risks, and missing hostile/conformance proofs."
AHD-0072,Critical,High-confidence hardening risk,Prior audit normalized,Tool exposure & permit policy,v11A Material Operation / Permit,crates/aidens-permit-kit/src/lib.rs,"Declared tool, registered tool, executable tool, exposed tool, and provider-schema tool states can diverge.","Risk that declared tools, exposed tools, permitted tools, and executable tools diverge.",local scan: safe_coding_registry_for_current_dir fallback at aidens-tool-kit/src/lib.rs:631-632,Add tool exposure parity harness: declared vs registered vs executable vs exposed vs provider schema vs permit-used.,Add tool exposure parity harness: declared vs registered vs executable vs exposed vs provider schema vs permit-used.,Phase 03 tool/permit exposure parity,open,"Not all rows are reproduced runtime bugs; matrix intentionally includes confirmed defects, hardening risks, and missing hostile/conformance proofs."
AHD-0073,Critical,Conformance/test gap,Prior audit normalized,Tool exposure & permit policy,v11A Material Operation / Permit,crates/aidens-contracts/src/capability_turn.rs,Tool descriptor persistence can be ephemeral even when the tool materially affects artifacts.,"Risk that declared tools, exposed tools, permitted tools, and executable tools diverge.",local scan: receipt_persistence Ephemeral at aidens-tool-kit/src/lib.rs:211,Add tool exposure parity harness: declared vs registered vs executable vs exposed vs provider schema vs permit-used.,Add tool exposure parity harness: declared vs registered vs executable vs exposed vs provider schema vs permit-used.,Phase 03 tool/permit exposure parity,open,"Not all rows are reproduced runtime bugs; matrix intentionally includes confirmed defects, hardening risks, and missing hostile/conformance proofs."
AHD-0074,Critical,Conformance/test gap,Prior audit normalized,Tool exposure & permit policy,v11A Material Operation / Permit,crates/aidens-tool-kit/src/lib.rs,Permit-use evidence is not proven to be durable and queryable for every side-effecting tool path.,"Risk that declared tools, exposed tools, permitted tools, and executable tools diverge.",local scan: safe_coding_registry_for_current_dir fallback at aidens-tool-kit/src/lib.rs:631-632,Add tool exposure parity harness: declared vs registered vs executable vs exposed vs provider schema vs permit-used.,Add tool exposure parity harness: declared vs registered vs executable vs exposed vs provider schema vs permit-used.,Phase 03 tool/permit exposure parity,open,"Not all rows are reproduced runtime bugs; matrix intentionally includes confirmed defects, hardening risks, and missing hostile/conformance proofs."
AHD-0075,Critical,High-confidence hardening risk,Prior audit normalized,Tool exposure & permit policy,v11A Material Operation / Permit,crates/aidens-permit-kit/src/lib.rs,Provider route policy can hide a tool for one route but not prove disabled tools are nonexistent.,"Risk that declared tools, exposed tools, permitted tools, and executable tools diverge.",local scan: receipt_persistence Ephemeral at aidens-tool-kit/src/lib.rs:211,Add tool exposure parity harness: declared vs registered vs executable vs exposed vs provider schema vs permit-used.,Add tool exposure parity harness: declared vs registered vs executable vs exposed vs provider schema vs permit-used.,Phase 03 tool/permit exposure parity,open,"Not all rows are reproduced runtime bugs; matrix intentionally includes confirmed defects, hardening risks, and missing hostile/conformance proofs."
AHD-0076,Medium,Conformance/test gap,Prior audit normalized,Tool exposure & permit policy,v11A Material Operation / Permit,crates/aidens-contracts/src/capability_turn.rs,Approval-required risk class needs stricter proof that execution cannot occur before permit admission.,"Risk that declared tools, exposed tools, permitted tools, and executable tools diverge.",local scan: safe_coding_registry_for_current_dir fallback at aidens-tool-kit/src/lib.rs:631-632,Add tool exposure parity harness: declared vs registered vs executable vs exposed vs provider schema vs permit-used.,Add tool exposure parity harness: declared vs registered vs executable vs exposed vs provider schema vs permit-used.,Phase 03 tool/permit exposure parity,open,"Not all rows are reproduced runtime bugs; matrix intentionally includes confirmed defects, hardening risks, and missing hostile/conformance proofs."
AHD-0077,High,Conformance/test gap,Prior audit normalized,Tool exposure & permit policy,v11A Material Operation / Permit,crates/aidens-tool-kit/src/lib.rs,Fallback registry construction can degrade capability truth without a durable degradation record.,"Risk that declared tools, exposed tools, permitted tools, and executable tools diverge.",local scan: receipt_persistence Ephemeral at aidens-tool-kit/src/lib.rs:211,Add tool exposure parity harness: declared vs registered vs executable vs exposed vs provider schema vs permit-used.,Add tool exposure parity harness: declared vs registered vs executable vs exposed vs provider schema vs permit-used.,Phase 03 tool/permit exposure parity,open,"Not all rows are reproduced runtime bugs; matrix intentionally includes confirmed defects, hardening risks, and missing hostile/conformance proofs."
AHD-0078,High,High-confidence hardening risk,Prior audit normalized,Tool exposure & permit policy,v11A Material Operation / Permit,crates/aidens-permit-kit/src/lib.rs,Tool schema export does not prove exact parity with runtime validation semantics.,"Risk that declared tools, exposed tools, permitted tools, and executable tools diverge.",local scan: safe_coding_registry_for_current_dir fallback at aidens-tool-kit/src/lib.rs:631-632,Add tool exposure parity harness: declared vs registered vs executable vs exposed vs provider schema vs permit-used.,Add tool exposure parity harness: declared vs registered vs executable vs exposed vs provider schema vs permit-used.,Phase 03 tool/permit exposure parity,open,"Not all rows are reproduced runtime bugs; matrix intentionally includes confirmed defects, hardening risks, and missing hostile/conformance proofs."
AHD-0079,Medium,Conformance/test gap,Prior audit normalized,Tool exposure & permit policy,v11A Material Operation / Permit,crates/aidens-contracts/src/capability_turn.rs,Tool exposure plans need a rejected-alternative list for audit and replay.,"Risk that declared tools, exposed tools, permitted tools, and executable tools diverge.",local scan: receipt_persistence Ephemeral at aidens-tool-kit/src/lib.rs:211,Add tool exposure parity harness: declared vs registered vs executable vs exposed vs provider schema vs permit-used.,Add tool exposure parity harness: declared vs registered vs executable vs exposed vs provider schema vs permit-used.,Phase 03 tool/permit exposure parity,open,"Not all rows are reproduced runtime bugs; matrix intentionally includes confirmed defects, hardening risks, and missing hostile/conformance proofs."
AHD-0080,High,Conformance/test gap,Prior audit normalized,Tool exposure & permit policy,v11A Material Operation / Permit,crates/aidens-tool-kit/src/lib.rs,Tool call dedup/idempotency semantics need an explicit policy for safe repeated calls.,"Risk that declared tools, exposed tools, permitted tools, and executable tools diverge.",local scan: safe_coding_registry_for_current_dir fallback at aidens-tool-kit/src/lib.rs:631-632,Add tool exposure parity harness: declared vs registered vs executable vs exposed vs provider schema vs permit-used.,Add tool exposure parity harness: declared vs registered vs executable vs exposed vs provider schema vs permit-used.,Phase 03 tool/permit exposure parity,open,"Not all rows are reproduced runtime bugs; matrix intentionally includes confirmed defects, hardening risks, and missing hostile/conformance proofs."
AHD-0081,High,High-confidence hardening risk,Prior audit normalized,Tool exposure & permit policy,v11A Material Operation / Permit,crates/aidens-permit-kit/src/lib.rs,Default coding tool registry exposes or enables a capability broader than least-exposure requires. Scope variant 2: apply to crates/aidens-permit-kit/src/lib.rs and adjacent caller/callee surfaces.,"Risk that declared tools, exposed tools, permitted tools, and executable tools diverge.",local scan: receipt_persistence Ephemeral at aidens-tool-kit/src/lib.rs:211,Add tool exposure parity harness: declared vs registered vs executable vs exposed vs provider schema vs permit-used.,Add tool exposure parity harness: declared vs registered vs executable vs exposed vs provider schema vs permit-used.,Phase 03 tool/permit exposure parity,open,"Not all rows are reproduced runtime bugs; matrix intentionally includes confirmed defects, hardening risks, and missing hostile/conformance proofs."
AHD-0082,Medium,Conformance/test gap,Prior audit normalized,Tool exposure & permit policy,v11A Material Operation / Permit,crates/aidens-contracts/src/capability_turn.rs,"Declared tool, registered tool, executable tool, exposed tool, and provider-schema tool states can diverge. Scope variant 2: apply to crates/aidens-contracts/src/capability_turn.rs and adjacent caller/callee surfaces.","Risk that declared tools, exposed tools, permitted tools, and executable tools diverge.",local scan: safe_coding_registry_for_current_dir fallback at aidens-tool-kit/src/lib.rs:631-632,Add tool exposure parity harness: declared vs registered vs executable vs exposed vs provider schema vs permit-used.,Add tool exposure parity harness: declared vs registered vs executable vs exposed vs provider schema vs permit-used.,Phase 03 tool/permit exposure parity,open,"Not all rows are reproduced runtime bugs; matrix intentionally includes confirmed defects, hardening risks, and missing hostile/conformance proofs."
AHD-0083,High,Conformance/test gap,Prior audit normalized,Tool exposure & permit policy,v11A Material Operation / Permit,crates/aidens-tool-kit/src/lib.rs,Tool descriptor persistence can be ephemeral even when the tool materially affects artifacts. Scope variant 2: apply to crates/aidens-tool-kit/src/lib.rs and adjacent caller/callee surfaces.,"Risk that declared tools, exposed tools, permitted tools, and executable tools diverge.",local scan: receipt_persistence Ephemeral at aidens-tool-kit/src/lib.rs:211,Add tool exposure parity harness: declared vs registered vs executable vs exposed vs provider schema vs permit-used.,Add tool exposure parity harness: declared vs registered vs executable vs exposed vs provider schema vs permit-used.,Phase 03 tool/permit exposure parity,open,"Not all rows are reproduced runtime bugs; matrix intentionally includes confirmed defects, hardening risks, and missing hostile/conformance proofs."
AHD-0084,High,High-confidence hardening risk,Prior audit normalized,Tool exposure & permit policy,v11A Material Operation / Permit,crates/aidens-permit-kit/src/lib.rs,Permit-use evidence is not proven to be durable and queryable for every side-effecting tool path. Scope variant 2: apply to crates/aidens-permit-kit/src/lib.rs and adjacent caller/callee surfaces.,"Risk that declared tools, exposed tools, permitted tools, and executable tools diverge.",local scan: safe_coding_registry_for_current_dir fallback at aidens-tool-kit/src/lib.rs:631-632,Add tool exposure parity harness: declared vs registered vs executable vs exposed vs provider schema vs permit-used.,Add tool exposure parity harness: declared vs registered vs executable vs exposed vs provider schema vs permit-used.,Phase 03 tool/permit exposure parity,open,"Not all rows are reproduced runtime bugs; matrix intentionally includes confirmed defects, hardening risks, and missing hostile/conformance proofs."
AHD-0085,Medium,Conformance/test gap,Prior audit normalized,Tool exposure & permit policy,v11A Material Operation / Permit,crates/aidens-contracts/src/capability_turn.rs,Provider route policy can hide a tool for one route but not prove disabled tools are nonexistent. Scope variant 2: apply to crates/aidens-contracts/src/capability_turn.rs and adjacent caller/callee surfaces.,"Risk that declared tools, exposed tools, permitted tools, and executable tools diverge.",local scan: receipt_persistence Ephemeral at aidens-tool-kit/src/lib.rs:211,Add tool exposure parity harness: declared vs registered vs executable vs exposed vs provider schema vs permit-used.,Add tool exposure parity harness: declared vs registered vs executable vs exposed vs provider schema vs permit-used.,Phase 03 tool/permit exposure parity,open,"Not all rows are reproduced runtime bugs; matrix intentionally includes confirmed defects, hardening risks, and missing hostile/conformance proofs."
AHD-0086,High,Conformance/test gap,Prior audit normalized,Tool exposure & permit policy,v11A Material Operation / Permit,crates/aidens-tool-kit/src/lib.rs,Approval-required risk class needs stricter proof that execution cannot occur before permit admission. Scope variant 2: apply to crates/aidens-tool-kit/src/lib.rs and adjacent caller/callee surfaces.,"Risk that declared tools, exposed tools, permitted tools, and executable tools diverge.",local scan: safe_coding_registry_for_current_dir fallback at aidens-tool-kit/src/lib.rs:631-632,Add tool exposure parity harness: declared vs registered vs executable vs exposed vs provider schema vs permit-used.,Add tool exposure parity harness: declared vs registered vs executable vs exposed vs provider schema vs permit-used.,Phase 03 tool/permit exposure parity,open,"Not all rows are reproduced runtime bugs; matrix intentionally includes confirmed defects, hardening risks, and missing hostile/conformance proofs."
AHD-0087,High,High-confidence hardening risk,Prior audit normalized,Tool exposure & permit policy,v11A Material Operation / Permit,crates/aidens-permit-kit/src/lib.rs,Fallback registry construction can degrade capability truth without a durable degradation record. Scope variant 2: apply to crates/aidens-permit-kit/src/lib.rs and adjacent caller/callee surfaces.,"Risk that declared tools, exposed tools, permitted tools, and executable tools diverge.",local scan: receipt_persistence Ephemeral at aidens-tool-kit/src/lib.rs:211,Add tool exposure parity harness: declared vs registered vs executable vs exposed vs provider schema vs permit-used.,Add tool exposure parity harness: declared vs registered vs executable vs exposed vs provider schema vs permit-used.,Phase 03 tool/permit exposure parity,open,"Not all rows are reproduced runtime bugs; matrix intentionally includes confirmed defects, hardening risks, and missing hostile/conformance proofs."
AHD-0088,Medium,Conformance/test gap,Prior audit normalized,Tool exposure & permit policy,v11A Material Operation / Permit,crates/aidens-contracts/src/capability_turn.rs,Tool schema export does not prove exact parity with runtime validation semantics. Scope variant 2: apply to crates/aidens-contracts/src/capability_turn.rs and adjacent caller/callee surfaces.,"Risk that declared tools, exposed tools, permitted tools, and executable tools diverge.",local scan: safe_coding_registry_for_current_dir fallback at aidens-tool-kit/src/lib.rs:631-632,Add tool exposure parity harness: declared vs registered vs executable vs exposed vs provider schema vs permit-used.,Add tool exposure parity harness: declared vs registered vs executable vs exposed vs provider schema vs permit-used.,Phase 03 tool/permit exposure parity,open,"Not all rows are reproduced runtime bugs; matrix intentionally includes confirmed defects, hardening risks, and missing hostile/conformance proofs."
AHD-0089,High,Conformance/test gap,Prior audit normalized,Tool exposure & permit policy,v11A Material Operation / Permit,crates/aidens-tool-kit/src/lib.rs,Tool exposure plans need a rejected-alternative list for audit and replay. Scope variant 2: apply to crates/aidens-tool-kit/src/lib.rs and adjacent caller/callee surfaces.,"Risk that declared tools, exposed tools, permitted tools, and executable tools diverge.",local scan: receipt_persistence Ephemeral at aidens-tool-kit/src/lib.rs:211,Add tool exposure parity harness: declared vs registered vs executable vs exposed vs provider schema vs permit-used.,Add tool exposure parity harness: declared vs registered vs executable vs exposed vs provider schema vs permit-used.,Phase 03 tool/permit exposure parity,open,"Not all rows are reproduced runtime bugs; matrix intentionally includes confirmed defects, hardening risks, and missing hostile/conformance proofs."
AHD-0090,High,High-confidence hardening risk,Prior audit normalized,Tool exposure & permit policy,v11A Material Operation / Permit,crates/aidens-permit-kit/src/lib.rs,Tool call dedup/idempotency semantics need an explicit policy for safe repeated calls. Scope variant 2: apply to crates/aidens-permit-kit/src/lib.rs and adjacent caller/callee surfaces.,"Risk that declared tools, exposed tools, permitted tools, and executable tools diverge.",local scan: safe_coding_registry_for_current_dir fallback at aidens-tool-kit/src/lib.rs:631-632,Add tool exposure parity harness: declared vs registered vs executable vs exposed vs provider schema vs permit-used.,Add tool exposure parity harness: declared vs registered vs executable vs exposed vs provider schema vs permit-used.,Phase 03 tool/permit exposure parity,open,"Not all rows are reproduced runtime bugs; matrix intentionally includes confirmed defects, hardening risks, and missing hostile/conformance proofs."
AHD-0091,Medium,Conformance/test gap,Prior audit normalized,Tool exposure & permit policy,v11A Material Operation / Permit,crates/aidens-contracts/src/capability_turn.rs,Default coding tool registry exposes or enables a capability broader than least-exposure requires. Scope variant 3: apply to crates/aidens-contracts/src/capability_turn.rs and adjacent caller/callee surfaces.,"Risk that declared tools, exposed tools, permitted tools, and executable tools diverge.",local scan: receipt_persistence Ephemeral at aidens-tool-kit/src/lib.rs:211,Add tool exposure parity harness: declared vs registered vs executable vs exposed vs provider schema vs permit-used.,Add tool exposure parity harness: declared vs registered vs executable vs exposed vs provider schema vs permit-used.,Phase 03 tool/permit exposure parity,open,"Not all rows are reproduced runtime bugs; matrix intentionally includes confirmed defects, hardening risks, and missing hostile/conformance proofs."
AHD-0092,High,Conformance/test gap,Prior audit normalized,Tool exposure & permit policy,v11A Material Operation / Permit,crates/aidens-tool-kit/src/lib.rs,"Declared tool, registered tool, executable tool, exposed tool, and provider-schema tool states can diverge. Scope variant 3: apply to crates/aidens-tool-kit/src/lib.rs and adjacent caller/callee surfaces.","Risk that declared tools, exposed tools, permitted tools, and executable tools diverge.",local scan: safe_coding_registry_for_current_dir fallback at aidens-tool-kit/src/lib.rs:631-632,Add tool exposure parity harness: declared vs registered vs executable vs exposed vs provider schema vs permit-used.,Add tool exposure parity harness: declared vs registered vs executable vs exposed vs provider schema vs permit-used.,Phase 03 tool/permit exposure parity,open,"Not all rows are reproduced runtime bugs; matrix intentionally includes confirmed defects, hardening risks, and missing hostile/conformance proofs."
AHD-0093,High,High-confidence hardening risk,Prior audit normalized,Tool exposure & permit policy,v11A Material Operation / Permit,crates/aidens-permit-kit/src/lib.rs,Tool descriptor persistence can be ephemeral even when the tool materially affects artifacts. Scope variant 3: apply to crates/aidens-permit-kit/src/lib.rs and adjacent caller/callee surfaces.,"Risk that declared tools, exposed tools, permitted tools, and executable tools diverge.",local scan: receipt_persistence Ephemeral at aidens-tool-kit/src/lib.rs:211,Add tool exposure parity harness: declared vs registered vs executable vs exposed vs provider schema vs permit-used.,Add tool exposure parity harness: declared vs registered vs executable vs exposed vs provider schema vs permit-used.,Phase 03 tool/permit exposure parity,open,"Not all rows are reproduced runtime bugs; matrix intentionally includes confirmed defects, hardening risks, and missing hostile/conformance proofs."
AHD-0094,Medium,Conformance/test gap,Prior audit normalized,Tool exposure & permit policy,v11A Material Operation / Permit,crates/aidens-contracts/src/capability_turn.rs,Permit-use evidence is not proven to be durable and queryable for every side-effecting tool path. Scope variant 3: apply to crates/aidens-contracts/src/capability_turn.rs and adjacent caller/callee surfaces.,"Risk that declared tools, exposed tools, permitted tools, and executable tools diverge.",local scan: safe_coding_registry_for_current_dir fallback at aidens-tool-kit/src/lib.rs:631-632,Add tool exposure parity harness: declared vs registered vs executable vs exposed vs provider schema vs permit-used.,Add tool exposure parity harness: declared vs registered vs executable vs exposed vs provider schema vs permit-used.,Phase 03 tool/permit exposure parity,open,"Not all rows are reproduced runtime bugs; matrix intentionally includes confirmed defects, hardening risks, and missing hostile/conformance proofs."
AHD-0095,High,Conformance/test gap,Prior audit normalized,Tool exposure & permit policy,v11A Material Operation / Permit,crates/aidens-tool-kit/src/lib.rs,Provider route policy can hide a tool for one route but not prove disabled tools are nonexistent. Scope variant 3: apply to crates/aidens-tool-kit/src/lib.rs and adjacent caller/callee surfaces.,"Risk that declared tools, exposed tools, permitted tools, and executable tools diverge.",local scan: receipt_persistence Ephemeral at aidens-tool-kit/src/lib.rs:211,Add tool exposure parity harness: declared vs registered vs executable vs exposed vs provider schema vs permit-used.,Add tool exposure parity harness: declared vs registered vs executable vs exposed vs provider schema vs permit-used.,Phase 03 tool/permit exposure parity,open,"Not all rows are reproduced runtime bugs; matrix intentionally includes confirmed defects, hardening risks, and missing hostile/conformance proofs."
AHD-0096,High,High-confidence hardening risk,Prior audit normalized,Tool exposure & permit policy,v11A Material Operation / Permit,crates/aidens-permit-kit/src/lib.rs,Approval-required risk class needs stricter proof that execution cannot occur before permit admission. Scope variant 3: apply to crates/aidens-permit-kit/src/lib.rs and adjacent caller/callee surfaces.,"Risk that declared tools, exposed tools, permitted tools, and executable tools diverge.",local scan: safe_coding_registry_for_current_dir fallback at aidens-tool-kit/src/lib.rs:631-632,Add tool exposure parity harness: declared vs registered vs executable vs exposed vs provider schema vs permit-used.,Add tool exposure parity harness: declared vs registered vs executable vs exposed vs provider schema vs permit-used.,Phase 03 tool/permit exposure parity,open,"Not all rows are reproduced runtime bugs; matrix intentionally includes confirmed defects, hardening risks, and missing hostile/conformance proofs."
AHD-0097,Medium,Conformance/test gap,Prior audit normalized,Tool exposure & permit policy,v11A Material Operation / Permit,crates/aidens-contracts/src/capability_turn.rs,Fallback registry construction can degrade capability truth without a durable degradation record. Scope variant 3: apply to crates/aidens-contracts/src/capability_turn.rs and adjacent caller/callee surfaces.,"Risk that declared tools, exposed tools, permitted tools, and executable tools diverge.",local scan: receipt_persistence Ephemeral at aidens-tool-kit/src/lib.rs:211,Add tool exposure parity harness: declared vs registered vs executable vs exposed vs provider schema vs permit-used.,Add tool exposure parity harness: declared vs registered vs executable vs exposed vs provider schema vs permit-used.,Phase 03 tool/permit exposure parity,open,"Not all rows are reproduced runtime bugs; matrix intentionally includes confirmed defects, hardening risks, and missing hostile/conformance proofs."
AHD-0098,High,Conformance/test gap,Prior audit normalized,Tool exposure & permit policy,v11A Material Operation / Permit,crates/aidens-tool-kit/src/lib.rs,Tool schema export does not prove exact parity with runtime validation semantics. Scope variant 3: apply to crates/aidens-tool-kit/src/lib.rs and adjacent caller/callee surfaces.,"Risk that declared tools, exposed tools, permitted tools, and executable tools diverge.",local scan: safe_coding_registry_for_current_dir fallback at aidens-tool-kit/src/lib.rs:631-632,Add tool exposure parity harness: declared vs registered vs executable vs exposed vs provider schema vs permit-used.,Add tool exposure parity harness: declared vs registered vs executable vs exposed vs provider schema vs permit-used.,Phase 03 tool/permit exposure parity,open,"Not all rows are reproduced runtime bugs; matrix intentionally includes confirmed defects, hardening risks, and missing hostile/conformance proofs."
AHD-0099,High,High-confidence hardening risk,Prior audit normalized,Tool exposure & permit policy,v11A Material Operation / Permit,crates/aidens-permit-kit/src/lib.rs,Tool exposure plans need a rejected-alternative list for audit and replay. Scope variant 3: apply to crates/aidens-permit-kit/src/lib.rs and adjacent caller/callee surfaces.,"Risk that declared tools, exposed tools, permitted tools, and executable tools diverge.",local scan: receipt_persistence Ephemeral at aidens-tool-kit/src/lib.rs:211,Add tool exposure parity harness: declared vs registered vs executable vs exposed vs provider schema vs permit-used.,Add tool exposure parity harness: declared vs registered vs executable vs exposed vs provider schema vs permit-used.,Phase 03 tool/permit exposure parity,open,"Not all rows are reproduced runtime bugs; matrix intentionally includes confirmed defects, hardening risks, and missing hostile/conformance proofs."
AHD-0100,Medium,Conformance/test gap,Prior audit normalized,Tool exposure & permit policy,v11A Material Operation / Permit,crates/aidens-contracts/src/capability_turn.rs,Tool call dedup/idempotency semantics need an explicit policy for safe repeated calls. Scope variant 3: apply to crates/aidens-contracts/src/capability_turn.rs and adjacent caller/callee surfaces.,"Risk that declared tools, exposed tools, permitted tools, and executable tools diverge.",local scan: safe_coding_registry_for_current_dir fallback at aidens-tool-kit/src/lib.rs:631-632,Add tool exposure parity harness: declared vs registered vs executable vs exposed vs provider schema vs permit-used.,Add tool exposure parity harness: declared vs registered vs executable vs exposed vs provider schema vs permit-used.,Phase 03 tool/permit exposure parity,open,"Not all rows are reproduced runtime bugs; matrix intentionally includes confirmed defects, hardening risks, and missing hostile/conformance proofs."
AHD-0101,High,Conformance/test gap,Prior audit normalized,Tool exposure & permit policy,v11A Material Operation / Permit,crates/aidens-tool-kit/src/lib.rs,Default coding tool registry exposes or enables a capability broader than least-exposure requires. Scope variant 4: apply to crates/aidens-tool-kit/src/lib.rs and adjacent caller/callee surfaces.,"Risk that declared tools, exposed tools, permitted tools, and executable tools diverge.",local scan: receipt_persistence Ephemeral at aidens-tool-kit/src/lib.rs:211,Add tool exposure parity harness: declared vs registered vs executable vs exposed vs provider schema vs permit-used.,Add tool exposure parity harness: declared vs registered vs executable vs exposed vs provider schema vs permit-used.,Phase 03 tool/permit exposure parity,open,"Not all rows are reproduced runtime bugs; matrix intentionally includes confirmed defects, hardening risks, and missing hostile/conformance proofs."
AHD-0102,High,High-confidence hardening risk,Prior audit normalized,Tool exposure & permit policy,v11A Material Operation / Permit,crates/aidens-permit-kit/src/lib.rs,"Declared tool, registered tool, executable tool, exposed tool, and provider-schema tool states can diverge. Scope variant 4: apply to crates/aidens-permit-kit/src/lib.rs and adjacent caller/callee surfaces.","Risk that declared tools, exposed tools, permitted tools, and executable tools diverge.",local scan: safe_coding_registry_for_current_dir fallback at aidens-tool-kit/src/lib.rs:631-632,Add tool exposure parity harness: declared vs registered vs executable vs exposed vs provider schema vs permit-used.,Add tool exposure parity harness: declared vs registered vs executable vs exposed vs provider schema vs permit-used.,Phase 03 tool/permit exposure parity,open,"Not all rows are reproduced runtime bugs; matrix intentionally includes confirmed defects, hardening risks, and missing hostile/conformance proofs."
AHD-0103,Medium,Conformance/test gap,Prior audit normalized,Tool exposure & permit policy,v11A Material Operation / Permit,crates/aidens-contracts/src/capability_turn.rs,Tool descriptor persistence can be ephemeral even when the tool materially affects artifacts. Scope variant 4: apply to crates/aidens-contracts/src/capability_turn.rs and adjacent caller/callee surfaces.,"Risk that declared tools, exposed tools, permitted tools, and executable tools diverge.",local scan: receipt_persistence Ephemeral at aidens-tool-kit/src/lib.rs:211,Add tool exposure parity harness: declared vs registered vs executable vs exposed vs provider schema vs permit-used.,Add tool exposure parity harness: declared vs registered vs executable vs exposed vs provider schema vs permit-used.,Phase 03 tool/permit exposure parity,open,"Not all rows are reproduced runtime bugs; matrix intentionally includes confirmed defects, hardening risks, and missing hostile/conformance proofs."
AHD-0104,High,Conformance/test gap,Prior audit normalized,Tool exposure & permit policy,v11A Material Operation / Permit,crates/aidens-tool-kit/src/lib.rs,Permit-use evidence is not proven to be durable and queryable for every side-effecting tool path. Scope variant 4: apply to crates/aidens-tool-kit/src/lib.rs and adjacent caller/callee surfaces.,"Risk that declared tools, exposed tools, permitted tools, and executable tools diverge.",local scan: safe_coding_registry_for_current_dir fallback at aidens-tool-kit/src/lib.rs:631-632,Add tool exposure parity harness: declared vs registered vs executable vs exposed vs provider schema vs permit-used.,Add tool exposure parity harness: declared vs registered vs executable vs exposed vs provider schema vs permit-used.,Phase 03 tool/permit exposure parity,open,"Not all rows are reproduced runtime bugs; matrix intentionally includes confirmed defects, hardening risks, and missing hostile/conformance proofs."
AHD-0105,High,High-confidence hardening risk,Prior audit normalized,Tool exposure & permit policy,v11A Material Operation / Permit,crates/aidens-permit-kit/src/lib.rs,Provider route policy can hide a tool for one route but not prove disabled tools are nonexistent. Scope variant 4: apply to crates/aidens-permit-kit/src/lib.rs and adjacent caller/callee surfaces.,"Risk that declared tools, exposed tools, permitted tools, and executable tools diverge.",local scan: receipt_persistence Ephemeral at aidens-tool-kit/src/lib.rs:211,Add tool exposure parity harness: declared vs registered vs executable vs exposed vs provider schema vs permit-used.,Add tool exposure parity harness: declared vs registered vs executable vs exposed vs provider schema vs permit-used.,Phase 03 tool/permit exposure parity,open,"Not all rows are reproduced runtime bugs; matrix intentionally includes confirmed defects, hardening risks, and missing hostile/conformance proofs."
AHD-0106,Medium,Conformance/test gap,Prior audit normalized,Tool exposure & permit policy,v11A Material Operation / Permit,crates/aidens-contracts/src/capability_turn.rs,Approval-required risk class needs stricter proof that execution cannot occur before permit admission. Scope variant 4: apply to crates/aidens-contracts/src/capability_turn.rs and adjacent caller/callee surfaces.,"Risk that declared tools, exposed tools, permitted tools, and executable tools diverge.",local scan: safe_coding_registry_for_current_dir fallback at aidens-tool-kit/src/lib.rs:631-632,Add tool exposure parity harness: declared vs registered vs executable vs exposed vs provider schema vs permit-used.,Add tool exposure parity harness: declared vs registered vs executable vs exposed vs provider schema vs permit-used.,Phase 03 tool/permit exposure parity,open,"Not all rows are reproduced runtime bugs; matrix intentionally includes confirmed defects, hardening risks, and missing hostile/conformance proofs."
AHD-0107,High,Conformance/test gap,Prior audit normalized,Tool exposure & permit policy,v11A Material Operation / Permit,crates/aidens-tool-kit/src/lib.rs,Fallback registry construction can degrade capability truth without a durable degradation record. Scope variant 4: apply to crates/aidens-tool-kit/src/lib.rs and adjacent caller/callee surfaces.,"Risk that declared tools, exposed tools, permitted tools, and executable tools diverge.",local scan: receipt_persistence Ephemeral at aidens-tool-kit/src/lib.rs:211,Add tool exposure parity harness: declared vs registered vs executable vs exposed vs provider schema vs permit-used.,Add tool exposure parity harness: declared vs registered vs executable vs exposed vs provider schema vs permit-used.,Phase 03 tool/permit exposure parity,open,"Not all rows are reproduced runtime bugs; matrix intentionally includes confirmed defects, hardening risks, and missing hostile/conformance proofs."
AHD-0108,High,High-confidence hardening risk,Prior audit normalized,Tool exposure & permit policy,v11A Material Operation / Permit,crates/aidens-permit-kit/src/lib.rs,Tool schema export does not prove exact parity with runtime validation semantics. Scope variant 4: apply to crates/aidens-permit-kit/src/lib.rs and adjacent caller/callee surfaces.,"Risk that declared tools, exposed tools, permitted tools, and executable tools diverge.",local scan: safe_coding_registry_for_current_dir fallback at aidens-tool-kit/src/lib.rs:631-632,Add tool exposure parity harness: declared vs registered vs executable vs exposed vs provider schema vs permit-used.,Add tool exposure parity harness: declared vs registered vs executable vs exposed vs provider schema vs permit-used.,Phase 03 tool/permit exposure parity,open,"Not all rows are reproduced runtime bugs; matrix intentionally includes confirmed defects, hardening risks, and missing hostile/conformance proofs."
AHD-0109,Medium,Conformance/test gap,Prior audit normalized,Tool exposure & permit policy,v11A Material Operation / Permit,crates/aidens-contracts/src/capability_turn.rs,Tool exposure plans need a rejected-alternative list for audit and replay. Scope variant 4: apply to crates/aidens-contracts/src/capability_turn.rs and adjacent caller/callee surfaces.,"Risk that declared tools, exposed tools, permitted tools, and executable tools diverge.",local scan: receipt_persistence Ephemeral at aidens-tool-kit/src/lib.rs:211,Add tool exposure parity harness: declared vs registered vs executable vs exposed vs provider schema vs permit-used.,Add tool exposure parity harness: declared vs registered vs executable vs exposed vs provider schema vs permit-used.,Phase 03 tool/permit exposure parity,open,"Not all rows are reproduced runtime bugs; matrix intentionally includes confirmed defects, hardening risks, and missing hostile/conformance proofs."
AHD-0110,High,Conformance/test gap,Prior audit normalized,Tool exposure & permit policy,v11A Material Operation / Permit,crates/aidens-tool-kit/src/lib.rs,Tool call dedup/idempotency semantics need an explicit policy for safe repeated calls. Scope variant 4: apply to crates/aidens-tool-kit/src/lib.rs and adjacent caller/callee surfaces.,"Risk that declared tools, exposed tools, permitted tools, and executable tools diverge.",local scan: safe_coding_registry_for_current_dir fallback at aidens-tool-kit/src/lib.rs:631-632,Add tool exposure parity harness: declared vs registered vs executable vs exposed vs provider schema vs permit-used.,Add tool exposure parity harness: declared vs registered vs executable vs exposed vs provider schema vs permit-used.,Phase 03 tool/permit exposure parity,open,"Not all rows are reproduced runtime bugs; matrix intentionally includes confirmed defects, hardening risks, and missing hostile/conformance proofs."
AHD-0111,High,High-confidence hardening risk,Prior audit normalized,Tool exposure & permit policy,v11A Material Operation / Permit,crates/aidens-permit-kit/src/lib.rs,Default coding tool registry exposes or enables a capability broader than least-exposure requires. Scope variant 5: apply to crates/aidens-permit-kit/src/lib.rs and adjacent caller/callee surfaces.,"Risk that declared tools, exposed tools, permitted tools, and executable tools diverge.",local scan: receipt_persistence Ephemeral at aidens-tool-kit/src/lib.rs:211,Add tool exposure parity harness: declared vs registered vs executable vs exposed vs provider schema vs permit-used.,Add tool exposure parity harness: declared vs registered vs executable vs exposed vs provider schema vs permit-used.,Phase 03 tool/permit exposure parity,open,"Not all rows are reproduced runtime bugs; matrix intentionally includes confirmed defects, hardening risks, and missing hostile/conformance proofs."
AHD-0112,Medium,Conformance/test gap,Prior audit normalized,Tool exposure & permit policy,v11A Material Operation / Permit,crates/aidens-contracts/src/capability_turn.rs,"Declared tool, registered tool, executable tool, exposed tool, and provider-schema tool states can diverge. Scope variant 5: apply to crates/aidens-contracts/src/capability_turn.rs and adjacent caller/callee surfaces.","Risk that declared tools, exposed tools, permitted tools, and executable tools diverge.",local scan: safe_coding_registry_for_current_dir fallback at aidens-tool-kit/src/lib.rs:631-632,Add tool exposure parity harness: declared vs registered vs executable vs exposed vs provider schema vs permit-used.,Add tool exposure parity harness: declared vs registered vs executable vs exposed vs provider schema vs permit-used.,Phase 03 tool/permit exposure parity,open,"Not all rows are reproduced runtime bugs; matrix intentionally includes confirmed defects, hardening risks, and missing hostile/conformance proofs."
AHD-0113,High,Conformance/test gap,Prior audit normalized,Tool exposure & permit policy,v11A Material Operation / Permit,crates/aidens-tool-kit/src/lib.rs,Tool descriptor persistence can be ephemeral even when the tool materially affects artifacts. Scope variant 5: apply to crates/aidens-tool-kit/src/lib.rs and adjacent caller/callee surfaces.,"Risk that declared tools, exposed tools, permitted tools, and executable tools diverge.",local scan: receipt_persistence Ephemeral at aidens-tool-kit/src/lib.rs:211,Add tool exposure parity harness: declared vs registered vs executable vs exposed vs provider schema vs permit-used.,Add tool exposure parity harness: declared vs registered vs executable vs exposed vs provider schema vs permit-used.,Phase 03 tool/permit exposure parity,open,"Not all rows are reproduced runtime bugs; matrix intentionally includes confirmed defects, hardening risks, and missing hostile/conformance proofs."
AHD-0114,High,High-confidence hardening risk,Prior audit normalized,Tool exposure & permit policy,v11A Material Operation / Permit,crates/aidens-permit-kit/src/lib.rs,Permit-use evidence is not proven to be durable and queryable for every side-effecting tool path. Scope variant 5: apply to crates/aidens-permit-kit/src/lib.rs and adjacent caller/callee surfaces.,"Risk that declared tools, exposed tools, permitted tools, and executable tools diverge.",local scan: safe_coding_registry_for_current_dir fallback at aidens-tool-kit/src/lib.rs:631-632,Add tool exposure parity harness: declared vs registered vs executable vs exposed vs provider schema vs permit-used.,Add tool exposure parity harness: declared vs registered vs executable vs exposed vs provider schema vs permit-used.,Phase 03 tool/permit exposure parity,open,"Not all rows are reproduced runtime bugs; matrix intentionally includes confirmed defects, hardening risks, and missing hostile/conformance proofs."
AHD-0115,Medium,Conformance/test gap,Prior audit normalized,Tool exposure & permit policy,v11A Material Operation / Permit,crates/aidens-contracts/src/capability_turn.rs,Provider route policy can hide a tool for one route but not prove disabled tools are nonexistent. Scope variant 5: apply to crates/aidens-contracts/src/capability_turn.rs and adjacent caller/callee surfaces.,"Risk that declared tools, exposed tools, permitted tools, and executable tools diverge.",local scan: receipt_persistence Ephemeral at aidens-tool-kit/src/lib.rs:211,Add tool exposure parity harness: declared vs registered vs executable vs exposed vs provider schema vs permit-used.,Add tool exposure parity harness: declared vs registered vs executable vs exposed vs provider schema vs permit-used.,Phase 03 tool/permit exposure parity,open,"Not all rows are reproduced runtime bugs; matrix intentionally includes confirmed defects, hardening risks, and missing hostile/conformance proofs."
AHD-0116,Critical,Confirmed source pattern,Prior audit normalized,Patch transactionality & treatment integrity,v11A Boundary Compiler / Treatment Integrity,crates/aidens-tool-kit/src/lib.rs,Patch application is not a full unified-diff interpreter and can mislead users/tools expecting patch semantics.,"Risk that code changes are applied without atomicity, rollback, or semantic receipts.",local scan: patch_apply implementation at aidens-tool-kit/src/lib.rs:1198; patch term count 448,"Replace or constrain patch_apply; require transaction receipt, before/after digests, rollback/quarantine, and post-write verification.","Replace or constrain patch_apply; require transaction receipt, before/after digests, rollback/quarantine, and post-write verification.",Phase 04 transactional patch engine,open,"Not all rows are reproduced runtime bugs; matrix intentionally includes confirmed defects, hardening risks, and missing hostile/conformance proofs."
AHD-0117,High,High-confidence hardening risk,Prior audit normalized,Patch transactionality & treatment integrity,v11A Boundary Compiler / Treatment Integrity,crates/aidens-contracts/src/tool_artifacts.rs,Patch hunk anchoring is too weak for repeated-content files.,"Risk that code changes are applied without atomicity, rollback, or semantic receipts.",local scan: fs::write count 46 in production-like src files,"Replace or constrain patch_apply; require transaction receipt, before/after digests, rollback/quarantine, and post-write verification.","Replace or constrain patch_apply; require transaction receipt, before/after digests, rollback/quarantine, and post-write verification.",Phase 04 transactional patch engine,open,"Not all rows are reproduced runtime bugs; matrix intentionally includes confirmed defects, hardening risks, and missing hostile/conformance proofs."
AHD-0118,High,Conformance/test gap,Prior audit normalized,Patch transactionality & treatment integrity,v11A Boundary Compiler / Treatment Integrity,crates/aidens-runner/src/lib.rs,Patch context is not enforced strongly enough to prove the intended treatment was applied.,"Risk that code changes are applied without atomicity, rollback, or semantic receipts.",local scan: patch_apply implementation at aidens-tool-kit/src/lib.rs:1198; patch term count 448,"Replace or constrain patch_apply; require transaction receipt, before/after digests, rollback/quarantine, and post-write verification.","Replace or constrain patch_apply; require transaction receipt, before/after digests, rollback/quarantine, and post-write verification.",Phase 04 transactional patch engine,open,"Not all rows are reproduced runtime bugs; matrix intentionally includes confirmed defects, hardening risks, and missing hostile/conformance proofs."
AHD-0119,Medium,Confirmed source pattern,Prior audit normalized,Patch transactionality & treatment integrity,v11A Boundary Compiler / Treatment Integrity,crates/aidens-tool-kit/src/lib.rs,Multi-file patch application is not transactionally atomic.,"Risk that code changes are applied without atomicity, rollback, or semantic receipts.",local scan: fs::write count 46 in production-like src files,"Replace or constrain patch_apply; require transaction receipt, before/after digests, rollback/quarantine, and post-write verification.","Replace or constrain patch_apply; require transaction receipt, before/after digests, rollback/quarantine, and post-write verification.",Phase 04 transactional patch engine,open,"Not all rows are reproduced runtime bugs; matrix intentionally includes confirmed defects, hardening risks, and missing hostile/conformance proofs."
AHD-0120,Critical,High-confidence hardening risk,Prior audit normalized,Patch transactionality & treatment integrity,v11A Boundary Compiler / Treatment Integrity,crates/aidens-contracts/src/tool_artifacts.rs,Patch failure after partial write lacks a rollback/quarantine path.,"Risk that code changes are applied without atomicity, rollback, or semantic receipts.",local scan: patch_apply implementation at aidens-tool-kit/src/lib.rs:1198; patch term count 448,"Replace or constrain patch_apply; require transaction receipt, before/after digests, rollback/quarantine, and post-write verification.","Replace or constrain patch_apply; require transaction receipt, before/after digests, rollback/quarantine, and post-write verification.",Phase 04 transactional patch engine,open,"Not all rows are reproduced runtime bugs; matrix intentionally includes confirmed defects, hardening risks, and missing hostile/conformance proofs."
AHD-0121,High,Conformance/test gap,Prior audit normalized,Patch transactionality & treatment integrity,v11A Boundary Compiler / Treatment Integrity,crates/aidens-runner/src/lib.rs,"Patch writes lack temp-file, atomic rename, fsync, and post-write digest verification.","Risk that code changes are applied without atomicity, rollback, or semantic receipts.",local scan: fs::write count 46 in production-like src files,"Replace or constrain patch_apply; require transaction receipt, before/after digests, rollback/quarantine, and post-write verification.","Replace or constrain patch_apply; require transaction receipt, before/after digests, rollback/quarantine, and post-write verification.",Phase 04 transactional patch engine,open,"Not all rows are reproduced runtime bugs; matrix intentionally includes confirmed defects, hardening risks, and missing hostile/conformance proofs."
AHD-0122,High,Confirmed source pattern,Prior audit normalized,Patch transactionality & treatment integrity,v11A Boundary Compiler / Treatment Integrity,crates/aidens-tool-kit/src/lib.rs,Before/after file digests are not guaranteed as first-class treatment evidence for every apply path.,"Risk that code changes are applied without atomicity, rollback, or semantic receipts.",local scan: patch_apply implementation at aidens-tool-kit/src/lib.rs:1198; patch term count 448,"Replace or constrain patch_apply; require transaction receipt, before/after digests, rollback/quarantine, and post-write verification.","Replace or constrain patch_apply; require transaction receipt, before/after digests, rollback/quarantine, and post-write verification.",Phase 04 transactional patch engine,open,"Not all rows are reproduced runtime bugs; matrix intentionally includes confirmed defects, hardening risks, and missing hostile/conformance proofs."
AHD-0123,Medium,High-confidence hardening risk,Prior audit normalized,Patch transactionality & treatment integrity,v11A Boundary Compiler / Treatment Integrity,crates/aidens-contracts/src/tool_artifacts.rs,Patch proposal and patch application are not cryptographically or digest-bound as one treatment family.,"Risk that code changes are applied without atomicity, rollback, or semantic receipts.",local scan: fs::write count 46 in production-like src files,"Replace or constrain patch_apply; require transaction receipt, before/after digests, rollback/quarantine, and post-write verification.","Replace or constrain patch_apply; require transaction receipt, before/after digests, rollback/quarantine, and post-write verification.",Phase 04 transactional patch engine,open,"Not all rows are reproduced runtime bugs; matrix intentionally includes confirmed defects, hardening risks, and missing hostile/conformance proofs."
AHD-0124,Critical,Conformance/test gap,Prior audit normalized,Patch transactionality & treatment integrity,v11A Boundary Compiler / Treatment Integrity,crates/aidens-runner/src/lib.rs,"Rename, delete, mode-change, and binary-file semantics are not explicitly supported or rejected with receipts.","Risk that code changes are applied without atomicity, rollback, or semantic receipts.",local scan: patch_apply implementation at aidens-tool-kit/src/lib.rs:1198; patch term count 448,"Replace or constrain patch_apply; require transaction receipt, before/after digests, rollback/quarantine, and post-write verification.","Replace or constrain patch_apply; require transaction receipt, before/after digests, rollback/quarantine, and post-write verification.",Phase 04 transactional patch engine,open,"Not all rows are reproduced runtime bugs; matrix intentionally includes confirmed defects, hardening risks, and missing hostile/conformance proofs."
AHD-0125,High,Confirmed source pattern,Prior audit normalized,Patch transactionality & treatment integrity,v11A Boundary Compiler / Treatment Integrity,crates/aidens-tool-kit/src/lib.rs,Patch report vocabulary can make dry-run and applied states ambiguous.,"Risk that code changes are applied without atomicity, rollback, or semantic receipts.",local scan: fs::write count 46 in production-like src files,"Replace or constrain patch_apply; require transaction receipt, before/after digests, rollback/quarantine, and post-write verification.","Replace or constrain patch_apply; require transaction receipt, before/after digests, rollback/quarantine, and post-write verification.",Phase 04 transactional patch engine,open,"Not all rows are reproduced runtime bugs; matrix intentionally includes confirmed defects, hardening risks, and missing hostile/conformance proofs."
AHD-0126,High,High-confidence hardening risk,Prior audit normalized,Patch transactionality & treatment integrity,v11A Boundary Compiler / Treatment Integrity,crates/aidens-contracts/src/tool_artifacts.rs,Patch application is not a full unified-diff interpreter and can mislead users/tools expecting patch semantics. Scope variant 2: apply to crates/aidens-contracts/src/tool_artifacts.rs and adjacent caller/callee surfaces.,"Risk that code changes are applied without atomicity, rollback, or semantic receipts.",local scan: patch_apply implementation at aidens-tool-kit/src/lib.rs:1198; patch term count 448,"Replace or constrain patch_apply; require transaction receipt, before/after digests, rollback/quarantine, and post-write verification.","Replace or constrain patch_apply; require transaction receipt, before/after digests, rollback/quarantine, and post-write verification.",Phase 04 transactional patch engine,open,"Not all rows are reproduced runtime bugs; matrix intentionally includes confirmed defects, hardening risks, and missing hostile/conformance proofs."
AHD-0127,Medium,Conformance/test gap,Prior audit normalized,Patch transactionality & treatment integrity,v11A Boundary Compiler / Treatment Integrity,crates/aidens-runner/src/lib.rs,Patch hunk anchoring is too weak for repeated-content files. Scope variant 2: apply to crates/aidens-runner/src/lib.rs and adjacent caller/callee surfaces.,"Risk that code changes are applied without atomicity, rollback, or semantic receipts.",local scan: fs::write count 46 in production-like src files,"Replace or constrain patch_apply; require transaction receipt, before/after digests, rollback/quarantine, and post-write verification.","Replace or constrain patch_apply; require transaction receipt, before/after digests, rollback/quarantine, and post-write verification.",Phase 04 transactional patch engine,open,"Not all rows are reproduced runtime bugs; matrix intentionally includes confirmed defects, hardening risks, and missing hostile/conformance proofs."
AHD-0128,Critical,Confirmed source pattern,Prior audit normalized,Patch transactionality & treatment integrity,v11A Boundary Compiler / Treatment Integrity,crates/aidens-tool-kit/src/lib.rs,Patch context is not enforced strongly enough to prove the intended treatment was applied. Scope variant 2: apply to crates/aidens-tool-kit/src/lib.rs and adjacent caller/callee surfaces.,"Risk that code changes are applied without atomicity, rollback, or semantic receipts.",local scan: patch_apply implementation at aidens-tool-kit/src/lib.rs:1198; patch term count 448,"Replace or constrain patch_apply; require transaction receipt, before/after digests, rollback/quarantine, and post-write verification.","Replace or constrain patch_apply; require transaction receipt, before/after digests, rollback/quarantine, and post-write verification.",Phase 04 transactional patch engine,open,"Not all rows are reproduced runtime bugs; matrix intentionally includes confirmed defects, hardening risks, and missing hostile/conformance proofs."
AHD-0129,High,High-confidence hardening risk,Prior audit normalized,Patch transactionality & treatment integrity,v11A Boundary Compiler / Treatment Integrity,crates/aidens-contracts/src/tool_artifacts.rs,Multi-file patch application is not transactionally atomic. Scope variant 2: apply to crates/aidens-contracts/src/tool_artifacts.rs and adjacent caller/callee surfaces.,"Risk that code changes are applied without atomicity, rollback, or semantic receipts.",local scan: fs::write count 46 in production-like src files,"Replace or constrain patch_apply; require transaction receipt, before/after digests, rollback/quarantine, and post-write verification.","Replace or constrain patch_apply; require transaction receipt, before/after digests, rollback/quarantine, and post-write verification.",Phase 04 transactional patch engine,open,"Not all rows are reproduced runtime bugs; matrix intentionally includes confirmed defects, hardening risks, and missing hostile/conformance proofs."
AHD-0130,High,Conformance/test gap,Prior audit normalized,Patch transactionality & treatment integrity,v11A Boundary Compiler / Treatment Integrity,crates/aidens-runner/src/lib.rs,Patch failure after partial write lacks a rollback/quarantine path. Scope variant 2: apply to crates/aidens-runner/src/lib.rs and adjacent caller/callee surfaces.,"Risk that code changes are applied without atomicity, rollback, or semantic receipts.",local scan: patch_apply implementation at aidens-tool-kit/src/lib.rs:1198; patch term count 448,"Replace or constrain patch_apply; require transaction receipt, before/after digests, rollback/quarantine, and post-write verification.","Replace or constrain patch_apply; require transaction receipt, before/after digests, rollback/quarantine, and post-write verification.",Phase 04 transactional patch engine,open,"Not all rows are reproduced runtime bugs; matrix intentionally includes confirmed defects, hardening risks, and missing hostile/conformance proofs."
AHD-0131,Medium,Confirmed source pattern,Prior audit normalized,Patch transactionality & treatment integrity,v11A Boundary Compiler / Treatment Integrity,crates/aidens-tool-kit/src/lib.rs,"Patch writes lack temp-file, atomic rename, fsync, and post-write digest verification. Scope variant 2: apply to crates/aidens-tool-kit/src/lib.rs and adjacent caller/callee surfaces.","Risk that code changes are applied without atomicity, rollback, or semantic receipts.",local scan: fs::write count 46 in production-like src files,"Replace or constrain patch_apply; require transaction receipt, before/after digests, rollback/quarantine, and post-write verification.","Replace or constrain patch_apply; require transaction receipt, before/after digests, rollback/quarantine, and post-write verification.",Phase 04 transactional patch engine,open,"Not all rows are reproduced runtime bugs; matrix intentionally includes confirmed defects, hardening risks, and missing hostile/conformance proofs."
AHD-0132,Critical,High-confidence hardening risk,Prior audit normalized,Patch transactionality & treatment integrity,v11A Boundary Compiler / Treatment Integrity,crates/aidens-contracts/src/tool_artifacts.rs,Before/after file digests are not guaranteed as first-class treatment evidence for every apply path. Scope variant 2: apply to crates/aidens-contracts/src/tool_artifacts.rs and adjacent caller/callee surfaces.,"Risk that code changes are applied without atomicity, rollback, or semantic receipts.",local scan: patch_apply implementation at aidens-tool-kit/src/lib.rs:1198; patch term count 448,"Replace or constrain patch_apply; require transaction receipt, before/after digests, rollback/quarantine, and post-write verification.","Replace or constrain patch_apply; require transaction receipt, before/after digests, rollback/quarantine, and post-write verification.",Phase 04 transactional patch engine,open,"Not all rows are reproduced runtime bugs; matrix intentionally includes confirmed defects, hardening risks, and missing hostile/conformance proofs."
AHD-0133,High,Conformance/test gap,Prior audit normalized,Patch transactionality & treatment integrity,v11A Boundary Compiler / Treatment Integrity,crates/aidens-runner/src/lib.rs,Patch proposal and patch application are not cryptographically or digest-bound as one treatment family. Scope variant 2: apply to crates/aidens-runner/src/lib.rs and adjacent caller/callee surfaces.,"Risk that code changes are applied without atomicity, rollback, or semantic receipts.",local scan: fs::write count 46 in production-like src files,"Replace or constrain patch_apply; require transaction receipt, before/after digests, rollback/quarantine, and post-write verification.","Replace or constrain patch_apply; require transaction receipt, before/after digests, rollback/quarantine, and post-write verification.",Phase 04 transactional patch engine,open,"Not all rows are reproduced runtime bugs; matrix intentionally includes confirmed defects, hardening risks, and missing hostile/conformance proofs."
AHD-0134,High,Confirmed source pattern,Prior audit normalized,Patch transactionality & treatment integrity,v11A Boundary Compiler / Treatment Integrity,crates/aidens-tool-kit/src/lib.rs,"Rename, delete, mode-change, and binary-file semantics are not explicitly supported or rejected with receipts. Scope variant 2: apply to crates/aidens-tool-kit/src/lib.rs and adjacent caller/callee surfaces.","Risk that code changes are applied without atomicity, rollback, or semantic receipts.",local scan: patch_apply implementation at aidens-tool-kit/src/lib.rs:1198; patch term count 448,"Replace or constrain patch_apply; require transaction receipt, before/after digests, rollback/quarantine, and post-write verification.","Replace or constrain patch_apply; require transaction receipt, before/after digests, rollback/quarantine, and post-write verification.",Phase 04 transactional patch engine,open,"Not all rows are reproduced runtime bugs; matrix intentionally includes confirmed defects, hardening risks, and missing hostile/conformance proofs."
AHD-0135,Medium,High-confidence hardening risk,Prior audit normalized,Patch transactionality & treatment integrity,v11A Boundary Compiler / Treatment Integrity,crates/aidens-contracts/src/tool_artifacts.rs,Patch report vocabulary can make dry-run and applied states ambiguous. Scope variant 2: apply to crates/aidens-contracts/src/tool_artifacts.rs and adjacent caller/callee surfaces.,"Risk that code changes are applied without atomicity, rollback, or semantic receipts.",local scan: fs::write count 46 in production-like src files,"Replace or constrain patch_apply; require transaction receipt, before/after digests, rollback/quarantine, and post-write verification.","Replace or constrain patch_apply; require transaction receipt, before/after digests, rollback/quarantine, and post-write verification.",Phase 04 transactional patch engine,open,"Not all rows are reproduced runtime bugs; matrix intentionally includes confirmed defects, hardening risks, and missing hostile/conformance proofs."
AHD-0136,Critical,Conformance/test gap,Prior audit normalized,Patch transactionality & treatment integrity,v11A Boundary Compiler / Treatment Integrity,crates/aidens-runner/src/lib.rs,Patch application is not a full unified-diff interpreter and can mislead users/tools expecting patch semantics. Scope variant 3: apply to crates/aidens-runner/src/lib.rs and adjacent caller/callee surfaces.,"Risk that code changes are applied without atomicity, rollback, or semantic receipts.",local scan: patch_apply implementation at aidens-tool-kit/src/lib.rs:1198; patch term count 448,"Replace or constrain patch_apply; require transaction receipt, before/after digests, rollback/quarantine, and post-write verification.","Replace or constrain patch_apply; require transaction receipt, before/after digests, rollback/quarantine, and post-write verification.",Phase 04 transactional patch engine,open,"Not all rows are reproduced runtime bugs; matrix intentionally includes confirmed defects, hardening risks, and missing hostile/conformance proofs."
AHD-0137,High,Confirmed source pattern,Prior audit normalized,Patch transactionality & treatment integrity,v11A Boundary Compiler / Treatment Integrity,crates/aidens-tool-kit/src/lib.rs,Patch hunk anchoring is too weak for repeated-content files. Scope variant 3: apply to crates/aidens-tool-kit/src/lib.rs and adjacent caller/callee surfaces.,"Risk that code changes are applied without atomicity, rollback, or semantic receipts.",local scan: fs::write count 46 in production-like src files,"Replace or constrain patch_apply; require transaction receipt, before/after digests, rollback/quarantine, and post-write verification.","Replace or constrain patch_apply; require transaction receipt, before/after digests, rollback/quarantine, and post-write verification.",Phase 04 transactional patch engine,open,"Not all rows are reproduced runtime bugs; matrix intentionally includes confirmed defects, hardening risks, and missing hostile/conformance proofs."
AHD-0138,High,High-confidence hardening risk,Prior audit normalized,Patch transactionality & treatment integrity,v11A Boundary Compiler / Treatment Integrity,crates/aidens-contracts/src/tool_artifacts.rs,Patch context is not enforced strongly enough to prove the intended treatment was applied. Scope variant 3: apply to crates/aidens-contracts/src/tool_artifacts.rs and adjacent caller/callee surfaces.,"Risk that code changes are applied without atomicity, rollback, or semantic receipts.",local scan: patch_apply implementation at aidens-tool-kit/src/lib.rs:1198; patch term count 448,"Replace or constrain patch_apply; require transaction receipt, before/after digests, rollback/quarantine, and post-write verification.","Replace or constrain patch_apply; require transaction receipt, before/after digests, rollback/quarantine, and post-write verification.",Phase 04 transactional patch engine,open,"Not all rows are reproduced runtime bugs; matrix intentionally includes confirmed defects, hardening risks, and missing hostile/conformance proofs."
AHD-0139,Medium,Conformance/test gap,Prior audit normalized,Patch transactionality & treatment integrity,v11A Boundary Compiler / Treatment Integrity,crates/aidens-runner/src/lib.rs,Multi-file patch application is not transactionally atomic. Scope variant 3: apply to crates/aidens-runner/src/lib.rs and adjacent caller/callee surfaces.,"Risk that code changes are applied without atomicity, rollback, or semantic receipts.",local scan: fs::write count 46 in production-like src files,"Replace or constrain patch_apply; require transaction receipt, before/after digests, rollback/quarantine, and post-write verification.","Replace or constrain patch_apply; require transaction receipt, before/after digests, rollback/quarantine, and post-write verification.",Phase 04 transactional patch engine,open,"Not all rows are reproduced runtime bugs; matrix intentionally includes confirmed defects, hardening risks, and missing hostile/conformance proofs."
AHD-0140,Critical,Confirmed source pattern,Prior audit normalized,Patch transactionality & treatment integrity,v11A Boundary Compiler / Treatment Integrity,crates/aidens-tool-kit/src/lib.rs,Patch failure after partial write lacks a rollback/quarantine path. Scope variant 3: apply to crates/aidens-tool-kit/src/lib.rs and adjacent caller/callee surfaces.,"Risk that code changes are applied without atomicity, rollback, or semantic receipts.",local scan: patch_apply implementation at aidens-tool-kit/src/lib.rs:1198; patch term count 448,"Replace or constrain patch_apply; require transaction receipt, before/after digests, rollback/quarantine, and post-write verification.","Replace or constrain patch_apply; require transaction receipt, before/after digests, rollback/quarantine, and post-write verification.",Phase 04 transactional patch engine,open,"Not all rows are reproduced runtime bugs; matrix intentionally includes confirmed defects, hardening risks, and missing hostile/conformance proofs."
AHD-0141,High,High-confidence hardening risk,Prior audit normalized,Patch transactionality & treatment integrity,v11A Boundary Compiler / Treatment Integrity,crates/aidens-contracts/src/tool_artifacts.rs,"Patch writes lack temp-file, atomic rename, fsync, and post-write digest verification. Scope variant 3: apply to crates/aidens-contracts/src/tool_artifacts.rs and adjacent caller/callee surfaces.","Risk that code changes are applied without atomicity, rollback, or semantic receipts.",local scan: fs::write count 46 in production-like src files,"Replace or constrain patch_apply; require transaction receipt, before/after digests, rollback/quarantine, and post-write verification.","Replace or constrain patch_apply; require transaction receipt, before/after digests, rollback/quarantine, and post-write verification.",Phase 04 transactional patch engine,open,"Not all rows are reproduced runtime bugs; matrix intentionally includes confirmed defects, hardening risks, and missing hostile/conformance proofs."
AHD-0142,High,Conformance/test gap,Prior audit normalized,Patch transactionality & treatment integrity,v11A Boundary Compiler / Treatment Integrity,crates/aidens-runner/src/lib.rs,Before/after file digests are not guaranteed as first-class treatment evidence for every apply path. Scope variant 3: apply to crates/aidens-runner/src/lib.rs and adjacent caller/callee surfaces.,"Risk that code changes are applied without atomicity, rollback, or semantic receipts.",local scan: patch_apply implementation at aidens-tool-kit/src/lib.rs:1198; patch term count 448,"Replace or constrain patch_apply; require transaction receipt, before/after digests, rollback/quarantine, and post-write verification.","Replace or constrain patch_apply; require transaction receipt, before/after digests, rollback/quarantine, and post-write verification.",Phase 04 transactional patch engine,open,"Not all rows are reproduced runtime bugs; matrix intentionally includes confirmed defects, hardening risks, and missing hostile/conformance proofs."
AHD-0143,Medium,Confirmed source pattern,Prior audit normalized,Patch transactionality & treatment integrity,v11A Boundary Compiler / Treatment Integrity,crates/aidens-tool-kit/src/lib.rs,Patch proposal and patch application are not cryptographically or digest-bound as one treatment family. Scope variant 3: apply to crates/aidens-tool-kit/src/lib.rs and adjacent caller/callee surfaces.,"Risk that code changes are applied without atomicity, rollback, or semantic receipts.",local scan: fs::write count 46 in production-like src files,"Replace or constrain patch_apply; require transaction receipt, before/after digests, rollback/quarantine, and post-write verification.","Replace or constrain patch_apply; require transaction receipt, before/after digests, rollback/quarantine, and post-write verification.",Phase 04 transactional patch engine,open,"Not all rows are reproduced runtime bugs; matrix intentionally includes confirmed defects, hardening risks, and missing hostile/conformance proofs."
AHD-0144,Critical,High-confidence hardening risk,Prior audit normalized,Patch transactionality & treatment integrity,v11A Boundary Compiler / Treatment Integrity,crates/aidens-contracts/src/tool_artifacts.rs,"Rename, delete, mode-change, and binary-file semantics are not explicitly supported or rejected with receipts. Scope variant 3: apply to crates/aidens-contracts/src/tool_artifacts.rs and adjacent caller/callee surfaces.","Risk that code changes are applied without atomicity, rollback, or semantic receipts.",local scan: patch_apply implementation at aidens-tool-kit/src/lib.rs:1198; patch term count 448,"Replace or constrain patch_apply; require transaction receipt, before/after digests, rollback/quarantine, and post-write verification.","Replace or constrain patch_apply; require transaction receipt, before/after digests, rollback/quarantine, and post-write verification.",Phase 04 transactional patch engine,open,"Not all rows are reproduced runtime bugs; matrix intentionally includes confirmed defects, hardening risks, and missing hostile/conformance proofs."
AHD-0145,High,Conformance/test gap,Prior audit normalized,Patch transactionality & treatment integrity,v11A Boundary Compiler / Treatment Integrity,crates/aidens-runner/src/lib.rs,Patch report vocabulary can make dry-run and applied states ambiguous. Scope variant 3: apply to crates/aidens-runner/src/lib.rs and adjacent caller/callee surfaces.,"Risk that code changes are applied without atomicity, rollback, or semantic receipts.",local scan: fs::write count 46 in production-like src files,"Replace or constrain patch_apply; require transaction receipt, before/after digests, rollback/quarantine, and post-write verification.","Replace or constrain patch_apply; require transaction receipt, before/after digests, rollback/quarantine, and post-write verification.",Phase 04 transactional patch engine,open,"Not all rows are reproduced runtime bugs; matrix intentionally includes confirmed defects, hardening risks, and missing hostile/conformance proofs."
AHD-0146,High,Confirmed source pattern,Prior audit normalized,Patch transactionality & treatment integrity,v11A Boundary Compiler / Treatment Integrity,crates/aidens-tool-kit/src/lib.rs,Patch application is not a full unified-diff interpreter and can mislead users/tools expecting patch semantics. Scope variant 4: apply to crates/aidens-tool-kit/src/lib.rs and adjacent caller/callee surfaces.,"Risk that code changes are applied without atomicity, rollback, or semantic receipts.",local scan: patch_apply implementation at aidens-tool-kit/src/lib.rs:1198; patch term count 448,"Replace or constrain patch_apply; require transaction receipt, before/after digests, rollback/quarantine, and post-write verification.","Replace or constrain patch_apply; require transaction receipt, before/after digests, rollback/quarantine, and post-write verification.",Phase 04 transactional patch engine,open,"Not all rows are reproduced runtime bugs; matrix intentionally includes confirmed defects, hardening risks, and missing hostile/conformance proofs."
AHD-0147,Medium,High-confidence hardening risk,Prior audit normalized,Patch transactionality & treatment integrity,v11A Boundary Compiler / Treatment Integrity,crates/aidens-contracts/src/tool_artifacts.rs,Patch hunk anchoring is too weak for repeated-content files. Scope variant 4: apply to crates/aidens-contracts/src/tool_artifacts.rs and adjacent caller/callee surfaces.,"Risk that code changes are applied without atomicity, rollback, or semantic receipts.",local scan: fs::write count 46 in production-like src files,"Replace or constrain patch_apply; require transaction receipt, before/after digests, rollback/quarantine, and post-write verification.","Replace or constrain patch_apply; require transaction receipt, before/after digests, rollback/quarantine, and post-write verification.",Phase 04 transactional patch engine,open,"Not all rows are reproduced runtime bugs; matrix intentionally includes confirmed defects, hardening risks, and missing hostile/conformance proofs."
AHD-0148,Critical,Conformance/test gap,Prior audit normalized,Patch transactionality & treatment integrity,v11A Boundary Compiler / Treatment Integrity,crates/aidens-runner/src/lib.rs,Patch context is not enforced strongly enough to prove the intended treatment was applied. Scope variant 4: apply to crates/aidens-runner/src/lib.rs and adjacent caller/callee surfaces.,"Risk that code changes are applied without atomicity, rollback, or semantic receipts.",local scan: patch_apply implementation at aidens-tool-kit/src/lib.rs:1198; patch term count 448,"Replace or constrain patch_apply; require transaction receipt, before/after digests, rollback/quarantine, and post-write verification.","Replace or constrain patch_apply; require transaction receipt, before/after digests, rollback/quarantine, and post-write verification.",Phase 04 transactional patch engine,open,"Not all rows are reproduced runtime bugs; matrix intentionally includes confirmed defects, hardening risks, and missing hostile/conformance proofs."
AHD-0149,High,Confirmed source pattern,Prior audit normalized,Patch transactionality & treatment integrity,v11A Boundary Compiler / Treatment Integrity,crates/aidens-tool-kit/src/lib.rs,Multi-file patch application is not transactionally atomic. Scope variant 4: apply to crates/aidens-tool-kit/src/lib.rs and adjacent caller/callee surfaces.,"Risk that code changes are applied without atomicity, rollback, or semantic receipts.",local scan: fs::write count 46 in production-like src files,"Replace or constrain patch_apply; require transaction receipt, before/after digests, rollback/quarantine, and post-write verification.","Replace or constrain patch_apply; require transaction receipt, before/after digests, rollback/quarantine, and post-write verification.",Phase 04 transactional patch engine,open,"Not all rows are reproduced runtime bugs; matrix intentionally includes confirmed defects, hardening risks, and missing hostile/conformance proofs."
AHD-0150,High,High-confidence hardening risk,Prior audit normalized,Patch transactionality & treatment integrity,v11A Boundary Compiler / Treatment Integrity,crates/aidens-contracts/src/tool_artifacts.rs,Patch failure after partial write lacks a rollback/quarantine path. Scope variant 4: apply to crates/aidens-contracts/src/tool_artifacts.rs and adjacent caller/callee surfaces.,"Risk that code changes are applied without atomicity, rollback, or semantic receipts.",local scan: patch_apply implementation at aidens-tool-kit/src/lib.rs:1198; patch term count 448,"Replace or constrain patch_apply; require transaction receipt, before/after digests, rollback/quarantine, and post-write verification.","Replace or constrain patch_apply; require transaction receipt, before/after digests, rollback/quarantine, and post-write verification.",Phase 04 transactional patch engine,open,"Not all rows are reproduced runtime bugs; matrix intentionally includes confirmed defects, hardening risks, and missing hostile/conformance proofs."
AHD-0151,Medium,Conformance/test gap,Prior audit normalized,Patch transactionality & treatment integrity,v11A Boundary Compiler / Treatment Integrity,crates/aidens-runner/src/lib.rs,"Patch writes lack temp-file, atomic rename, fsync, and post-write digest verification. Scope variant 4: apply to crates/aidens-runner/src/lib.rs and adjacent caller/callee surfaces.","Risk that code changes are applied without atomicity, rollback, or semantic receipts.",local scan: fs::write count 46 in production-like src files,"Replace or constrain patch_apply; require transaction receipt, before/after digests, rollback/quarantine, and post-write verification.","Replace or constrain patch_apply; require transaction receipt, before/after digests, rollback/quarantine, and post-write verification.",Phase 04 transactional patch engine,open,"Not all rows are reproduced runtime bugs; matrix intentionally includes confirmed defects, hardening risks, and missing hostile/conformance proofs."
AHD-0152,Critical,Confirmed source pattern,Prior audit normalized,Patch transactionality & treatment integrity,v11A Boundary Compiler / Treatment Integrity,crates/aidens-tool-kit/src/lib.rs,Before/after file digests are not guaranteed as first-class treatment evidence for every apply path. Scope variant 4: apply to crates/aidens-tool-kit/src/lib.rs and adjacent caller/callee surfaces.,"Risk that code changes are applied without atomicity, rollback, or semantic receipts.",local scan: patch_apply implementation at aidens-tool-kit/src/lib.rs:1198; patch term count 448,"Replace or constrain patch_apply; require transaction receipt, before/after digests, rollback/quarantine, and post-write verification.","Replace or constrain patch_apply; require transaction receipt, before/after digests, rollback/quarantine, and post-write verification.",Phase 04 transactional patch engine,open,"Not all rows are reproduced runtime bugs; matrix intentionally includes confirmed defects, hardening risks, and missing hostile/conformance proofs."
AHD-0153,High,High-confidence hardening risk,Prior audit normalized,Patch transactionality & treatment integrity,v11A Boundary Compiler / Treatment Integrity,crates/aidens-contracts/src/tool_artifacts.rs,Patch proposal and patch application are not cryptographically or digest-bound as one treatment family. Scope variant 4: apply to crates/aidens-contracts/src/tool_artifacts.rs and adjacent caller/callee surfaces.,"Risk that code changes are applied without atomicity, rollback, or semantic receipts.",local scan: fs::write count 46 in production-like src files,"Replace or constrain patch_apply; require transaction receipt, before/after digests, rollback/quarantine, and post-write verification.","Replace or constrain patch_apply; require transaction receipt, before/after digests, rollback/quarantine, and post-write verification.",Phase 04 transactional patch engine,open,"Not all rows are reproduced runtime bugs; matrix intentionally includes confirmed defects, hardening risks, and missing hostile/conformance proofs."
AHD-0154,High,Conformance/test gap,Prior audit normalized,Patch transactionality & treatment integrity,v11A Boundary Compiler / Treatment Integrity,crates/aidens-runner/src/lib.rs,"Rename, delete, mode-change, and binary-file semantics are not explicitly supported or rejected with receipts. Scope variant 4: apply to crates/aidens-runner/src/lib.rs and adjacent caller/callee surfaces.","Risk that code changes are applied without atomicity, rollback, or semantic receipts.",local scan: patch_apply implementation at aidens-tool-kit/src/lib.rs:1198; patch term count 448,"Replace or constrain patch_apply; require transaction receipt, before/after digests, rollback/quarantine, and post-write verification.","Replace or constrain patch_apply; require transaction receipt, before/after digests, rollback/quarantine, and post-write verification.",Phase 04 transactional patch engine,open,"Not all rows are reproduced runtime bugs; matrix intentionally includes confirmed defects, hardening risks, and missing hostile/conformance proofs."
AHD-0155,Medium,Confirmed source pattern,Prior audit normalized,Patch transactionality & treatment integrity,v11A Boundary Compiler / Treatment Integrity,crates/aidens-tool-kit/src/lib.rs,Patch report vocabulary can make dry-run and applied states ambiguous. Scope variant 4: apply to crates/aidens-tool-kit/src/lib.rs and adjacent caller/callee surfaces.,"Risk that code changes are applied without atomicity, rollback, or semantic receipts.",local scan: fs::write count 46 in production-like src files,"Replace or constrain patch_apply; require transaction receipt, before/after digests, rollback/quarantine, and post-write verification.","Replace or constrain patch_apply; require transaction receipt, before/after digests, rollback/quarantine, and post-write verification.",Phase 04 transactional patch engine,open,"Not all rows are reproduced runtime bugs; matrix intentionally includes confirmed defects, hardening risks, and missing hostile/conformance proofs."
AHD-0156,Critical,High-confidence hardening risk,Prior audit normalized,Patch transactionality & treatment integrity,v11A Boundary Compiler / Treatment Integrity,crates/aidens-contracts/src/tool_artifacts.rs,Patch application is not a full unified-diff interpreter and can mislead users/tools expecting patch semantics. Scope variant 5: apply to crates/aidens-contracts/src/tool_artifacts.rs and adjacent caller/callee surfaces.,"Risk that code changes are applied without atomicity, rollback, or semantic receipts.",local scan: patch_apply implementation at aidens-tool-kit/src/lib.rs:1198; patch term count 448,"Replace or constrain patch_apply; require transaction receipt, before/after digests, rollback/quarantine, and post-write verification.","Replace or constrain patch_apply; require transaction receipt, before/after digests, rollback/quarantine, and post-write verification.",Phase 04 transactional patch engine,open,"Not all rows are reproduced runtime bugs; matrix intentionally includes confirmed defects, hardening risks, and missing hostile/conformance proofs."
AHD-0157,High,Conformance/test gap,Prior audit normalized,Patch transactionality & treatment integrity,v11A Boundary Compiler / Treatment Integrity,crates/aidens-runner/src/lib.rs,Patch hunk anchoring is too weak for repeated-content files. Scope variant 5: apply to crates/aidens-runner/src/lib.rs and adjacent caller/callee surfaces.,"Risk that code changes are applied without atomicity, rollback, or semantic receipts.",local scan: fs::write count 46 in production-like src files,"Replace or constrain patch_apply; require transaction receipt, before/after digests, rollback/quarantine, and post-write verification.","Replace or constrain patch_apply; require transaction receipt, before/after digests, rollback/quarantine, and post-write verification.",Phase 04 transactional patch engine,open,"Not all rows are reproduced runtime bugs; matrix intentionally includes confirmed defects, hardening risks, and missing hostile/conformance proofs."
AHD-0158,High,Confirmed source pattern,Prior audit normalized,Patch transactionality & treatment integrity,v11A Boundary Compiler / Treatment Integrity,crates/aidens-tool-kit/src/lib.rs,Patch context is not enforced strongly enough to prove the intended treatment was applied. Scope variant 5: apply to crates/aidens-tool-kit/src/lib.rs and adjacent caller/callee surfaces.,"Risk that code changes are applied without atomicity, rollback, or semantic receipts.",local scan: patch_apply implementation at aidens-tool-kit/src/lib.rs:1198; patch term count 448,"Replace or constrain patch_apply; require transaction receipt, before/after digests, rollback/quarantine, and post-write verification.","Replace or constrain patch_apply; require transaction receipt, before/after digests, rollback/quarantine, and post-write verification.",Phase 04 transactional patch engine,open,"Not all rows are reproduced runtime bugs; matrix intentionally includes confirmed defects, hardening risks, and missing hostile/conformance proofs."
AHD-0159,Medium,High-confidence hardening risk,Prior audit normalized,Patch transactionality & treatment integrity,v11A Boundary Compiler / Treatment Integrity,crates/aidens-contracts/src/tool_artifacts.rs,Multi-file patch application is not transactionally atomic. Scope variant 5: apply to crates/aidens-contracts/src/tool_artifacts.rs and adjacent caller/callee surfaces.,"Risk that code changes are applied without atomicity, rollback, or semantic receipts.",local scan: fs::write count 46 in production-like src files,"Replace or constrain patch_apply; require transaction receipt, before/after digests, rollback/quarantine, and post-write verification.","Replace or constrain patch_apply; require transaction receipt, before/after digests, rollback/quarantine, and post-write verification.",Phase 04 transactional patch engine,open,"Not all rows are reproduced runtime bugs; matrix intentionally includes confirmed defects, hardening risks, and missing hostile/conformance proofs."
AHD-0160,Critical,Conformance/test gap,Prior audit normalized,Patch transactionality & treatment integrity,v11A Boundary Compiler / Treatment Integrity,crates/aidens-runner/src/lib.rs,Patch failure after partial write lacks a rollback/quarantine path. Scope variant 5: apply to crates/aidens-runner/src/lib.rs and adjacent caller/callee surfaces.,"Risk that code changes are applied without atomicity, rollback, or semantic receipts.",local scan: patch_apply implementation at aidens-tool-kit/src/lib.rs:1198; patch term count 448,"Replace or constrain patch_apply; require transaction receipt, before/after digests, rollback/quarantine, and post-write verification.","Replace or constrain patch_apply; require transaction receipt, before/after digests, rollback/quarantine, and post-write verification.",Phase 04 transactional patch engine,open,"Not all rows are reproduced runtime bugs; matrix intentionally includes confirmed defects, hardening risks, and missing hostile/conformance proofs."
AHD-0161,High,Confirmed source pattern,Prior audit normalized,Patch transactionality & treatment integrity,v11A Boundary Compiler / Treatment Integrity,crates/aidens-tool-kit/src/lib.rs,"Patch writes lack temp-file, atomic rename, fsync, and post-write digest verification. Scope variant 5: apply to crates/aidens-tool-kit/src/lib.rs and adjacent caller/callee surfaces.","Risk that code changes are applied without atomicity, rollback, or semantic receipts.",local scan: fs::write count 46 in production-like src files,"Replace or constrain patch_apply; require transaction receipt, before/after digests, rollback/quarantine, and post-write verification.","Replace or constrain patch_apply; require transaction receipt, before/after digests, rollback/quarantine, and post-write verification.",Phase 04 transactional patch engine,open,"Not all rows are reproduced runtime bugs; matrix intentionally includes confirmed defects, hardening risks, and missing hostile/conformance proofs."
AHD-0162,High,High-confidence hardening risk,Prior audit normalized,Patch transactionality & treatment integrity,v11A Boundary Compiler / Treatment Integrity,crates/aidens-contracts/src/tool_artifacts.rs,Before/after file digests are not guaranteed as first-class treatment evidence for every apply path. Scope variant 5: apply to crates/aidens-contracts/src/tool_artifacts.rs and adjacent caller/callee surfaces.,"Risk that code changes are applied without atomicity, rollback, or semantic receipts.",local scan: patch_apply implementation at aidens-tool-kit/src/lib.rs:1198; patch term count 448,"Replace or constrain patch_apply; require transaction receipt, before/after digests, rollback/quarantine, and post-write verification.","Replace or constrain patch_apply; require transaction receipt, before/after digests, rollback/quarantine, and post-write verification.",Phase 04 transactional patch engine,open,"Not all rows are reproduced runtime bugs; matrix intentionally includes confirmed defects, hardening risks, and missing hostile/conformance proofs."
AHD-0163,Medium,Conformance/test gap,Prior audit normalized,Patch transactionality & treatment integrity,v11A Boundary Compiler / Treatment Integrity,crates/aidens-runner/src/lib.rs,Patch proposal and patch application are not cryptographically or digest-bound as one treatment family. Scope variant 5: apply to crates/aidens-runner/src/lib.rs and adjacent caller/callee surfaces.,"Risk that code changes are applied without atomicity, rollback, or semantic receipts.",local scan: fs::write count 46 in production-like src files,"Replace or constrain patch_apply; require transaction receipt, before/after digests, rollback/quarantine, and post-write verification.","Replace or constrain patch_apply; require transaction receipt, before/after digests, rollback/quarantine, and post-write verification.",Phase 04 transactional patch engine,open,"Not all rows are reproduced runtime bugs; matrix intentionally includes confirmed defects, hardening risks, and missing hostile/conformance proofs."
AHD-0164,Critical,Confirmed source pattern,Prior audit normalized,Patch transactionality & treatment integrity,v11A Boundary Compiler / Treatment Integrity,crates/aidens-tool-kit/src/lib.rs,"Rename, delete, mode-change, and binary-file semantics are not explicitly supported or rejected with receipts. Scope variant 5: apply to crates/aidens-tool-kit/src/lib.rs and adjacent caller/callee surfaces.","Risk that code changes are applied without atomicity, rollback, or semantic receipts.",local scan: patch_apply implementation at aidens-tool-kit/src/lib.rs:1198; patch term count 448,"Replace or constrain patch_apply; require transaction receipt, before/after digests, rollback/quarantine, and post-write verification.","Replace or constrain patch_apply; require transaction receipt, before/after digests, rollback/quarantine, and post-write verification.",Phase 04 transactional patch engine,open,"Not all rows are reproduced runtime bugs; matrix intentionally includes confirmed defects, hardening risks, and missing hostile/conformance proofs."
AHD-0165,High,High-confidence hardening risk,Prior audit normalized,Patch transactionality & treatment integrity,v11A Boundary Compiler / Treatment Integrity,crates/aidens-contracts/src/tool_artifacts.rs,Patch report vocabulary can make dry-run and applied states ambiguous. Scope variant 5: apply to crates/aidens-contracts/src/tool_artifacts.rs and adjacent caller/callee surfaces.,"Risk that code changes are applied without atomicity, rollback, or semantic receipts.",local scan: fs::write count 46 in production-like src files,"Replace or constrain patch_apply; require transaction receipt, before/after digests, rollback/quarantine, and post-write verification.","Replace or constrain patch_apply; require transaction receipt, before/after digests, rollback/quarantine, and post-write verification.",Phase 04 transactional patch engine,open,"Not all rows are reproduced runtime bugs; matrix intentionally includes confirmed defects, hardening risks, and missing hostile/conformance proofs."
AHD-0166,High,Conformance/test gap,Prior audit normalized,Patch transactionality & treatment integrity,v11A Boundary Compiler / Treatment Integrity,crates/aidens-runner/src/lib.rs,Patch application is not a full unified-diff interpreter and can mislead users/tools expecting patch semantics. Scope variant 6: apply to crates/aidens-runner/src/lib.rs and adjacent caller/callee surfaces.,"Risk that code changes are applied without atomicity, rollback, or semantic receipts.",local scan: patch_apply implementation at aidens-tool-kit/src/lib.rs:1198; patch term count 448,"Replace or constrain patch_apply; require transaction receipt, before/after digests, rollback/quarantine, and post-write verification.","Replace or constrain patch_apply; require transaction receipt, before/after digests, rollback/quarantine, and post-write verification.",Phase 04 transactional patch engine,open,"Not all rows are reproduced runtime bugs; matrix intentionally includes confirmed defects, hardening risks, and missing hostile/conformance proofs."
AHD-0167,Medium,Confirmed source pattern,Prior audit normalized,Patch transactionality & treatment integrity,v11A Boundary Compiler / Treatment Integrity,crates/aidens-tool-kit/src/lib.rs,Patch hunk anchoring is too weak for repeated-content files. Scope variant 6: apply to crates/aidens-tool-kit/src/lib.rs and adjacent caller/callee surfaces.,"Risk that code changes are applied without atomicity, rollback, or semantic receipts.",local scan: fs::write count 46 in production-like src files,"Replace or constrain patch_apply; require transaction receipt, before/after digests, rollback/quarantine, and post-write verification.","Replace or constrain patch_apply; require transaction receipt, before/after digests, rollback/quarantine, and post-write verification.",Phase 04 transactional patch engine,open,"Not all rows are reproduced runtime bugs; matrix intentionally includes confirmed defects, hardening risks, and missing hostile/conformance proofs."
AHD-0168,Critical,High-confidence hardening risk,Prior audit normalized,Patch transactionality & treatment integrity,v11A Boundary Compiler / Treatment Integrity,crates/aidens-contracts/src/tool_artifacts.rs,Patch context is not enforced strongly enough to prove the intended treatment was applied. Scope variant 6: apply to crates/aidens-contracts/src/tool_artifacts.rs and adjacent caller/callee surfaces.,"Risk that code changes are applied without atomicity, rollback, or semantic receipts.",local scan: patch_apply implementation at aidens-tool-kit/src/lib.rs:1198; patch term count 448,"Replace or constrain patch_apply; require transaction receipt, before/after digests, rollback/quarantine, and post-write verification.","Replace or constrain patch_apply; require transaction receipt, before/after digests, rollback/quarantine, and post-write verification.",Phase 04 transactional patch engine,open,"Not all rows are reproduced runtime bugs; matrix intentionally includes confirmed defects, hardening risks, and missing hostile/conformance proofs."
AHD-0169,High,Conformance/test gap,Prior audit normalized,Patch transactionality & treatment integrity,v11A Boundary Compiler / Treatment Integrity,crates/aidens-runner/src/lib.rs,Multi-file patch application is not transactionally atomic. Scope variant 6: apply to crates/aidens-runner/src/lib.rs and adjacent caller/callee surfaces.,"Risk that code changes are applied without atomicity, rollback, or semantic receipts.",local scan: fs::write count 46 in production-like src files,"Replace or constrain patch_apply; require transaction receipt, before/after digests, rollback/quarantine, and post-write verification.","Replace or constrain patch_apply; require transaction receipt, before/after digests, rollback/quarantine, and post-write verification.",Phase 04 transactional patch engine,open,"Not all rows are reproduced runtime bugs; matrix intentionally includes confirmed defects, hardening risks, and missing hostile/conformance proofs."
AHD-0170,High,Confirmed source pattern,Prior audit normalized,Patch transactionality & treatment integrity,v11A Boundary Compiler / Treatment Integrity,crates/aidens-tool-kit/src/lib.rs,Patch failure after partial write lacks a rollback/quarantine path. Scope variant 6: apply to crates/aidens-tool-kit/src/lib.rs and adjacent caller/callee surfaces.,"Risk that code changes are applied without atomicity, rollback, or semantic receipts.",local scan: patch_apply implementation at aidens-tool-kit/src/lib.rs:1198; patch term count 448,"Replace or constrain patch_apply; require transaction receipt, before/after digests, rollback/quarantine, and post-write verification.","Replace or constrain patch_apply; require transaction receipt, before/after digests, rollback/quarantine, and post-write verification.",Phase 04 transactional patch engine,open,"Not all rows are reproduced runtime bugs; matrix intentionally includes confirmed defects, hardening risks, and missing hostile/conformance proofs."
AHD-0171,Medium,High-confidence hardening risk,Prior audit normalized,Patch transactionality & treatment integrity,v11A Boundary Compiler / Treatment Integrity,crates/aidens-contracts/src/tool_artifacts.rs,"Patch writes lack temp-file, atomic rename, fsync, and post-write digest verification. Scope variant 6: apply to crates/aidens-contracts/src/tool_artifacts.rs and adjacent caller/callee surfaces.","Risk that code changes are applied without atomicity, rollback, or semantic receipts.",local scan: fs::write count 46 in production-like src files,"Replace or constrain patch_apply; require transaction receipt, before/after digests, rollback/quarantine, and post-write verification.","Replace or constrain patch_apply; require transaction receipt, before/after digests, rollback/quarantine, and post-write verification.",Phase 04 transactional patch engine,open,"Not all rows are reproduced runtime bugs; matrix intentionally includes confirmed defects, hardening risks, and missing hostile/conformance proofs."
AHD-0172,Critical,Conformance/test gap,Prior audit normalized,Patch transactionality & treatment integrity,v11A Boundary Compiler / Treatment Integrity,crates/aidens-runner/src/lib.rs,Before/after file digests are not guaranteed as first-class treatment evidence for every apply path. Scope variant 6: apply to crates/aidens-runner/src/lib.rs and adjacent caller/callee surfaces.,"Risk that code changes are applied without atomicity, rollback, or semantic receipts.",local scan: patch_apply implementation at aidens-tool-kit/src/lib.rs:1198; patch term count 448,"Replace or constrain patch_apply; require transaction receipt, before/after digests, rollback/quarantine, and post-write verification.","Replace or constrain patch_apply; require transaction receipt, before/after digests, rollback/quarantine, and post-write verification.",Phase 04 transactional patch engine,open,"Not all rows are reproduced runtime bugs; matrix intentionally includes confirmed defects, hardening risks, and missing hostile/conformance proofs."
AHD-0173,High,Confirmed source pattern,Prior audit normalized,Patch transactionality & treatment integrity,v11A Boundary Compiler / Treatment Integrity,crates/aidens-tool-kit/src/lib.rs,Patch proposal and patch application are not cryptographically or digest-bound as one treatment family. Scope variant 6: apply to crates/aidens-tool-kit/src/lib.rs and adjacent caller/callee surfaces.,"Risk that code changes are applied without atomicity, rollback, or semantic receipts.",local scan: fs::write count 46 in production-like src files,"Replace or constrain patch_apply; require transaction receipt, before/after digests, rollback/quarantine, and post-write verification.","Replace or constrain patch_apply; require transaction receipt, before/after digests, rollback/quarantine, and post-write verification.",Phase 04 transactional patch engine,open,"Not all rows are reproduced runtime bugs; matrix intentionally includes confirmed defects, hardening risks, and missing hostile/conformance proofs."
AHD-0174,High,High-confidence hardening risk,Prior audit normalized,Patch transactionality & treatment integrity,v11A Boundary Compiler / Treatment Integrity,crates/aidens-contracts/src/tool_artifacts.rs,"Rename, delete, mode-change, and binary-file semantics are not explicitly supported or rejected with receipts. Scope variant 6: apply to crates/aidens-contracts/src/tool_artifacts.rs and adjacent caller/callee surfaces.","Risk that code changes are applied without atomicity, rollback, or semantic receipts.",local scan: patch_apply implementation at aidens-tool-kit/src/lib.rs:1198; patch term count 448,"Replace or constrain patch_apply; require transaction receipt, before/after digests, rollback/quarantine, and post-write verification.","Replace or constrain patch_apply; require transaction receipt, before/after digests, rollback/quarantine, and post-write verification.",Phase 04 transactional patch engine,open,"Not all rows are reproduced runtime bugs; matrix intentionally includes confirmed defects, hardening risks, and missing hostile/conformance proofs."
AHD-0175,Medium,Conformance/test gap,Prior audit normalized,Patch transactionality & treatment integrity,v11A Boundary Compiler / Treatment Integrity,crates/aidens-runner/src/lib.rs,Patch report vocabulary can make dry-run and applied states ambiguous. Scope variant 6: apply to crates/aidens-runner/src/lib.rs and adjacent caller/callee surfaces.,"Risk that code changes are applied without atomicity, rollback, or semantic receipts.",local scan: fs::write count 46 in production-like src files,"Replace or constrain patch_apply; require transaction receipt, before/after digests, rollback/quarantine, and post-write verification.","Replace or constrain patch_apply; require transaction receipt, before/after digests, rollback/quarantine, and post-write verification.",Phase 04 transactional patch engine,open,"Not all rows are reproduced runtime bugs; matrix intentionally includes confirmed defects, hardening risks, and missing hostile/conformance proofs."
AHD-0176,Critical,Confirmed source pattern,Prior audit normalized,Patch transactionality & treatment integrity,v11A Boundary Compiler / Treatment Integrity,crates/aidens-tool-kit/src/lib.rs,Patch application is not a full unified-diff interpreter and can mislead users/tools expecting patch semantics. Scope variant 7: apply to crates/aidens-tool-kit/src/lib.rs and adjacent caller/callee surfaces.,"Risk that code changes are applied without atomicity, rollback, or semantic receipts.",local scan: patch_apply implementation at aidens-tool-kit/src/lib.rs:1198; patch term count 448,"Replace or constrain patch_apply; require transaction receipt, before/after digests, rollback/quarantine, and post-write verification.","Replace or constrain patch_apply; require transaction receipt, before/after digests, rollback/quarantine, and post-write verification.",Phase 04 transactional patch engine,open,"Not all rows are reproduced runtime bugs; matrix intentionally includes confirmed defects, hardening risks, and missing hostile/conformance proofs."
AHD-0177,High,High-confidence hardening risk,Prior audit normalized,Patch transactionality & treatment integrity,v11A Boundary Compiler / Treatment Integrity,crates/aidens-contracts/src/tool_artifacts.rs,Patch hunk anchoring is too weak for repeated-content files. Scope variant 7: apply to crates/aidens-contracts/src/tool_artifacts.rs and adjacent caller/callee surfaces.,"Risk that code changes are applied without atomicity, rollback, or semantic receipts.",local scan: fs::write count 46 in production-like src files,"Replace or constrain patch_apply; require transaction receipt, before/after digests, rollback/quarantine, and post-write verification.","Replace or constrain patch_apply; require transaction receipt, before/after digests, rollback/quarantine, and post-write verification.",Phase 04 transactional patch engine,open,"Not all rows are reproduced runtime bugs; matrix intentionally includes confirmed defects, hardening risks, and missing hostile/conformance proofs."
AHD-0178,High,Conformance/test gap,Prior audit normalized,Patch transactionality & treatment integrity,v11A Boundary Compiler / Treatment Integrity,crates/aidens-runner/src/lib.rs,Patch context is not enforced strongly enough to prove the intended treatment was applied. Scope variant 7: apply to crates/aidens-runner/src/lib.rs and adjacent caller/callee surfaces.,"Risk that code changes are applied without atomicity, rollback, or semantic receipts.",local scan: patch_apply implementation at aidens-tool-kit/src/lib.rs:1198; patch term count 448,"Replace or constrain patch_apply; require transaction receipt, before/after digests, rollback/quarantine, and post-write verification.","Replace or constrain patch_apply; require transaction receipt, before/after digests, rollback/quarantine, and post-write verification.",Phase 04 transactional patch engine,open,"Not all rows are reproduced runtime bugs; matrix intentionally includes confirmed defects, hardening risks, and missing hostile/conformance proofs."
AHD-0179,Medium,Confirmed source pattern,Prior audit normalized,Patch transactionality & treatment integrity,v11A Boundary Compiler / Treatment Integrity,crates/aidens-tool-kit/src/lib.rs,Multi-file patch application is not transactionally atomic. Scope variant 7: apply to crates/aidens-tool-kit/src/lib.rs and adjacent caller/callee surfaces.,"Risk that code changes are applied without atomicity, rollback, or semantic receipts.",local scan: fs::write count 46 in production-like src files,"Replace or constrain patch_apply; require transaction receipt, before/after digests, rollback/quarantine, and post-write verification.","Replace or constrain patch_apply; require transaction receipt, before/after digests, rollback/quarantine, and post-write verification.",Phase 04 transactional patch engine,open,"Not all rows are reproduced runtime bugs; matrix intentionally includes confirmed defects, hardening risks, and missing hostile/conformance proofs."
AHD-0180,Critical,High-confidence hardening risk,Prior audit normalized,Patch transactionality & treatment integrity,v11A Boundary Compiler / Treatment Integrity,crates/aidens-contracts/src/tool_artifacts.rs,Patch failure after partial write lacks a rollback/quarantine path. Scope variant 7: apply to crates/aidens-contracts/src/tool_artifacts.rs and adjacent caller/callee surfaces.,"Risk that code changes are applied without atomicity, rollback, or semantic receipts.",local scan: patch_apply implementation at aidens-tool-kit/src/lib.rs:1198; patch term count 448,"Replace or constrain patch_apply; require transaction receipt, before/after digests, rollback/quarantine, and post-write verification.","Replace or constrain patch_apply; require transaction receipt, before/after digests, rollback/quarantine, and post-write verification.",Phase 04 transactional patch engine,open,"Not all rows are reproduced runtime bugs; matrix intentionally includes confirmed defects, hardening risks, and missing hostile/conformance proofs."
AHD-0181,High,Conformance/test gap,Prior audit normalized,Patch transactionality & treatment integrity,v11A Boundary Compiler / Treatment Integrity,crates/aidens-runner/src/lib.rs,"Patch writes lack temp-file, atomic rename, fsync, and post-write digest verification. Scope variant 7: apply to crates/aidens-runner/src/lib.rs and adjacent caller/callee surfaces.","Risk that code changes are applied without atomicity, rollback, or semantic receipts.",local scan: fs::write count 46 in production-like src files,"Replace or constrain patch_apply; require transaction receipt, before/after digests, rollback/quarantine, and post-write verification.","Replace or constrain patch_apply; require transaction receipt, before/after digests, rollback/quarantine, and post-write verification.",Phase 04 transactional patch engine,open,"Not all rows are reproduced runtime bugs; matrix intentionally includes confirmed defects, hardening risks, and missing hostile/conformance proofs."
AHD-0182,High,Confirmed source pattern,Prior audit normalized,Patch transactionality & treatment integrity,v11A Boundary Compiler / Treatment Integrity,crates/aidens-tool-kit/src/lib.rs,Before/after file digests are not guaranteed as first-class treatment evidence for every apply path. Scope variant 7: apply to crates/aidens-tool-kit/src/lib.rs and adjacent caller/callee surfaces.,"Risk that code changes are applied without atomicity, rollback, or semantic receipts.",local scan: patch_apply implementation at aidens-tool-kit/src/lib.rs:1198; patch term count 448,"Replace or constrain patch_apply; require transaction receipt, before/after digests, rollback/quarantine, and post-write verification.","Replace or constrain patch_apply; require transaction receipt, before/after digests, rollback/quarantine, and post-write verification.",Phase 04 transactional patch engine,open,"Not all rows are reproduced runtime bugs; matrix intentionally includes confirmed defects, hardening risks, and missing hostile/conformance proofs."
AHD-0183,Medium,High-confidence hardening risk,Prior audit normalized,Patch transactionality & treatment integrity,v11A Boundary Compiler / Treatment Integrity,crates/aidens-contracts/src/tool_artifacts.rs,Patch proposal and patch application are not cryptographically or digest-bound as one treatment family. Scope variant 7: apply to crates/aidens-contracts/src/tool_artifacts.rs and adjacent caller/callee surfaces.,"Risk that code changes are applied without atomicity, rollback, or semantic receipts.",local scan: fs::write count 46 in production-like src files,"Replace or constrain patch_apply; require transaction receipt, before/after digests, rollback/quarantine, and post-write verification.","Replace or constrain patch_apply; require transaction receipt, before/after digests, rollback/quarantine, and post-write verification.",Phase 04 transactional patch engine,open,"Not all rows are reproduced runtime bugs; matrix intentionally includes confirmed defects, hardening risks, and missing hostile/conformance proofs."
AHD-0184,Critical,Conformance/test gap,Prior audit normalized,Patch transactionality & treatment integrity,v11A Boundary Compiler / Treatment Integrity,crates/aidens-runner/src/lib.rs,"Rename, delete, mode-change, and binary-file semantics are not explicitly supported or rejected with receipts. Scope variant 7: apply to crates/aidens-runner/src/lib.rs and adjacent caller/callee surfaces.","Risk that code changes are applied without atomicity, rollback, or semantic receipts.",local scan: patch_apply implementation at aidens-tool-kit/src/lib.rs:1198; patch term count 448,"Replace or constrain patch_apply; require transaction receipt, before/after digests, rollback/quarantine, and post-write verification.","Replace or constrain patch_apply; require transaction receipt, before/after digests, rollback/quarantine, and post-write verification.",Phase 04 transactional patch engine,open,"Not all rows are reproduced runtime bugs; matrix intentionally includes confirmed defects, hardening risks, and missing hostile/conformance proofs."
AHD-0185,High,Confirmed source pattern,Prior audit normalized,Patch transactionality & treatment integrity,v11A Boundary Compiler / Treatment Integrity,crates/aidens-tool-kit/src/lib.rs,Patch report vocabulary can make dry-run and applied states ambiguous. Scope variant 7: apply to crates/aidens-tool-kit/src/lib.rs and adjacent caller/callee surfaces.,"Risk that code changes are applied without atomicity, rollback, or semantic receipts.",local scan: fs::write count 46 in production-like src files,"Replace or constrain patch_apply; require transaction receipt, before/after digests, rollback/quarantine, and post-write verification.","Replace or constrain patch_apply; require transaction receipt, before/after digests, rollback/quarantine, and post-write verification.",Phase 04 transactional patch engine,open,"Not all rows are reproduced runtime bugs; matrix intentionally includes confirmed defects, hardening risks, and missing hostile/conformance proofs."
AHD-0186,High,Confirmed source pattern,Prior audit normalized,Command execution & environment control,v11A Execution Evidence,crates/aidens-tool-kit/src/lib.rs,Command arguments are parsed with whitespace-oriented logic instead of structured argv.,"Risk that command execution is not replayable, bounded, or environment-fingerprinted.",local scan: Command::new at aidens-tool-kit/src/lib.rs:1410; split_whitespace at aidens-tool-kit/src/lib.rs:1750,"Require structured argv, process-group kill, output caps, environment/toolchain fingerprints, and replay mismatch taxonomy.","Require structured argv, process-group kill, output caps, environment/toolchain fingerprints, and replay mismatch taxonomy.",Phase 05 command execution receipts,open,"Not all rows are reproduced runtime bugs; matrix intentionally includes confirmed defects, hardening risks, and missing hostile/conformance proofs."
AHD-0187,High,High-confidence hardening risk,Prior audit normalized,Command execution & environment control,v11A Execution Evidence,crates/aidens-cli/src/lib.rs,Child process timeout does not prove grandchildren are killed or quarantined.,"Risk that command execution is not replayable, bounded, or environment-fingerprinted.",local scan: Command::new at aidens-tool-kit/src/lib.rs:1410; split_whitespace at aidens-tool-kit/src/lib.rs:1750,"Require structured argv, process-group kill, output caps, environment/toolchain fingerprints, and replay mismatch taxonomy.","Require structured argv, process-group kill, output caps, environment/toolchain fingerprints, and replay mismatch taxonomy.",Phase 05 command execution receipts,open,"Not all rows are reproduced runtime bugs; matrix intentionally includes confirmed defects, hardening risks, and missing hostile/conformance proofs."
AHD-0188,Medium,Conformance/test gap,Prior audit normalized,Command execution & environment control,v11A Execution Evidence,crates/aidens-cli/src/package.rs,Command output volume is not proven bounded by byte caps in every path.,"Risk that command execution is not replayable, bounded, or environment-fingerprinted.",local scan: Command::new at aidens-tool-kit/src/lib.rs:1410; split_whitespace at aidens-tool-kit/src/lib.rs:1750,"Require structured argv, process-group kill, output caps, environment/toolchain fingerprints, and replay mismatch taxonomy.","Require structured argv, process-group kill, output caps, environment/toolchain fingerprints, and replay mismatch taxonomy.",Phase 05 command execution receipts,open,"Not all rows are reproduced runtime bugs; matrix intentionally includes confirmed defects, hardening risks, and missing hostile/conformance proofs."
AHD-0189,High,Confirmed source pattern,Prior audit normalized,Command execution & environment control,v11A Execution Evidence,crates/aidens-tool-kit/src/lib.rs,Command execution receipts lack sufficient environment/toolchain fingerprinting for replay.,"Risk that command execution is not replayable, bounded, or environment-fingerprinted.",local scan: Command::new at aidens-tool-kit/src/lib.rs:1410; split_whitespace at aidens-tool-kit/src/lib.rs:1750,"Require structured argv, process-group kill, output caps, environment/toolchain fingerprints, and replay mismatch taxonomy.","Require structured argv, process-group kill, output caps, environment/toolchain fingerprints, and replay mismatch taxonomy.",Phase 05 command execution receipts,open,"Not all rows are reproduced runtime bugs; matrix intentionally includes confirmed defects, hardening risks, and missing hostile/conformance proofs."
AHD-0190,High,High-confidence hardening risk,Prior audit normalized,Command execution & environment control,v11A Execution Evidence,crates/aidens-cli/src/lib.rs,Allowed-command policy is narrower than actual verification needs and can cause bypass workarounds.,"Risk that command execution is not replayable, bounded, or environment-fingerprinted.",local scan: Command::new at aidens-tool-kit/src/lib.rs:1410; split_whitespace at aidens-tool-kit/src/lib.rs:1750,"Require structured argv, process-group kill, output caps, environment/toolchain fingerprints, and replay mismatch taxonomy.","Require structured argv, process-group kill, output caps, environment/toolchain fingerprints, and replay mismatch taxonomy.",Phase 05 command execution receipts,open,"Not all rows are reproduced runtime bugs; matrix intentionally includes confirmed defects, hardening risks, and missing hostile/conformance proofs."
AHD-0191,Medium,Conformance/test gap,Prior audit normalized,Command execution & environment control,v11A Execution Evidence,crates/aidens-cli/src/package.rs,Command binary identity is not digest-bound to the receipt.,"Risk that command execution is not replayable, bounded, or environment-fingerprinted.",local scan: Command::new at aidens-tool-kit/src/lib.rs:1410; split_whitespace at aidens-tool-kit/src/lib.rs:1750,"Require structured argv, process-group kill, output caps, environment/toolchain fingerprints, and replay mismatch taxonomy.","Require structured argv, process-group kill, output caps, environment/toolchain fingerprints, and replay mismatch taxonomy.",Phase 05 command execution receipts,open,"Not all rows are reproduced runtime bugs; matrix intentionally includes confirmed defects, hardening risks, and missing hostile/conformance proofs."
AHD-0192,High,Confirmed source pattern,Prior audit normalized,Command execution & environment control,v11A Execution Evidence,crates/aidens-tool-kit/src/lib.rs,"Working tree, lockfile, and dependency state are not fully bound to command receipts.","Risk that command execution is not replayable, bounded, or environment-fingerprinted.",local scan: Command::new at aidens-tool-kit/src/lib.rs:1410; split_whitespace at aidens-tool-kit/src/lib.rs:1750,"Require structured argv, process-group kill, output caps, environment/toolchain fingerprints, and replay mismatch taxonomy.","Require structured argv, process-group kill, output caps, environment/toolchain fingerprints, and replay mismatch taxonomy.",Phase 05 command execution receipts,open,"Not all rows are reproduced runtime bugs; matrix intentionally includes confirmed defects, hardening risks, and missing hostile/conformance proofs."
AHD-0193,High,High-confidence hardening risk,Prior audit normalized,Command execution & environment control,v11A Execution Evidence,crates/aidens-cli/src/lib.rs,"Exit status, timeout, signal, stderr truncation, and stdout truncation need stricter taxonomy.","Risk that command execution is not replayable, bounded, or environment-fingerprinted.",local scan: Command::new at aidens-tool-kit/src/lib.rs:1410; split_whitespace at aidens-tool-kit/src/lib.rs:1750,"Require structured argv, process-group kill, output caps, environment/toolchain fingerprints, and replay mismatch taxonomy.","Require structured argv, process-group kill, output caps, environment/toolchain fingerprints, and replay mismatch taxonomy.",Phase 05 command execution receipts,open,"Not all rows are reproduced runtime bugs; matrix intentionally includes confirmed defects, hardening risks, and missing hostile/conformance proofs."
AHD-0194,Medium,Conformance/test gap,Prior audit normalized,Command execution & environment control,v11A Execution Evidence,crates/aidens-cli/src/package.rs,Shell/string commands should be forbidden or compiled into structured argv with parser receipts.,"Risk that command execution is not replayable, bounded, or environment-fingerprinted.",local scan: Command::new at aidens-tool-kit/src/lib.rs:1410; split_whitespace at aidens-tool-kit/src/lib.rs:1750,"Require structured argv, process-group kill, output caps, environment/toolchain fingerprints, and replay mismatch taxonomy.","Require structured argv, process-group kill, output caps, environment/toolchain fingerprints, and replay mismatch taxonomy.",Phase 05 command execution receipts,open,"Not all rows are reproduced runtime bugs; matrix intentionally includes confirmed defects, hardening risks, and missing hostile/conformance proofs."
AHD-0195,High,Confirmed source pattern,Prior audit normalized,Command execution & environment control,v11A Execution Evidence,crates/aidens-tool-kit/src/lib.rs,Command replay mismatch is not classified distinctly from command failure.,"Risk that command execution is not replayable, bounded, or environment-fingerprinted.",local scan: Command::new at aidens-tool-kit/src/lib.rs:1410; split_whitespace at aidens-tool-kit/src/lib.rs:1750,"Require structured argv, process-group kill, output caps, environment/toolchain fingerprints, and replay mismatch taxonomy.","Require structured argv, process-group kill, output caps, environment/toolchain fingerprints, and replay mismatch taxonomy.",Phase 05 command execution receipts,open,"Not all rows are reproduced runtime bugs; matrix intentionally includes confirmed defects, hardening risks, and missing hostile/conformance proofs."
AHD-0196,High,High-confidence hardening risk,Prior audit normalized,Command execution & environment control,v11A Execution Evidence,crates/aidens-cli/src/lib.rs,Command arguments are parsed with whitespace-oriented logic instead of structured argv. Scope variant 2: apply to crates/aidens-cli/src/lib.rs and adjacent caller/callee surfaces.,"Risk that command execution is not replayable, bounded, or environment-fingerprinted.",local scan: Command::new at aidens-tool-kit/src/lib.rs:1410; split_whitespace at aidens-tool-kit/src/lib.rs:1750,"Require structured argv, process-group kill, output caps, environment/toolchain fingerprints, and replay mismatch taxonomy.","Require structured argv, process-group kill, output caps, environment/toolchain fingerprints, and replay mismatch taxonomy.",Phase 05 command execution receipts,open,"Not all rows are reproduced runtime bugs; matrix intentionally includes confirmed defects, hardening risks, and missing hostile/conformance proofs."
AHD-0197,Medium,Conformance/test gap,Prior audit normalized,Command execution & environment control,v11A Execution Evidence,crates/aidens-cli/src/package.rs,Child process timeout does not prove grandchildren are killed or quarantined. Scope variant 2: apply to crates/aidens-cli/src/package.rs and adjacent caller/callee surfaces.,"Risk that command execution is not replayable, bounded, or environment-fingerprinted.",local scan: Command::new at aidens-tool-kit/src/lib.rs:1410; split_whitespace at aidens-tool-kit/src/lib.rs:1750,"Require structured argv, process-group kill, output caps, environment/toolchain fingerprints, and replay mismatch taxonomy.","Require structured argv, process-group kill, output caps, environment/toolchain fingerprints, and replay mismatch taxonomy.",Phase 05 command execution receipts,open,"Not all rows are reproduced runtime bugs; matrix intentionally includes confirmed defects, hardening risks, and missing hostile/conformance proofs."
AHD-0198,High,Confirmed source pattern,Prior audit normalized,Command execution & environment control,v11A Execution Evidence,crates/aidens-tool-kit/src/lib.rs,Command output volume is not proven bounded by byte caps in every path. Scope variant 2: apply to crates/aidens-tool-kit/src/lib.rs and adjacent caller/callee surfaces.,"Risk that command execution is not replayable, bounded, or environment-fingerprinted.",local scan: Command::new at aidens-tool-kit/src/lib.rs:1410; split_whitespace at aidens-tool-kit/src/lib.rs:1750,"Require structured argv, process-group kill, output caps, environment/toolchain fingerprints, and replay mismatch taxonomy.","Require structured argv, process-group kill, output caps, environment/toolchain fingerprints, and replay mismatch taxonomy.",Phase 05 command execution receipts,open,"Not all rows are reproduced runtime bugs; matrix intentionally includes confirmed defects, hardening risks, and missing hostile/conformance proofs."
AHD-0199,High,High-confidence hardening risk,Prior audit normalized,Command execution & environment control,v11A Execution Evidence,crates/aidens-cli/src/lib.rs,Command execution receipts lack sufficient environment/toolchain fingerprinting for replay. Scope variant 2: apply to crates/aidens-cli/src/lib.rs and adjacent caller/callee surfaces.,"Risk that command execution is not replayable, bounded, or environment-fingerprinted.",local scan: Command::new at aidens-tool-kit/src/lib.rs:1410; split_whitespace at aidens-tool-kit/src/lib.rs:1750,"Require structured argv, process-group kill, output caps, environment/toolchain fingerprints, and replay mismatch taxonomy.","Require structured argv, process-group kill, output caps, environment/toolchain fingerprints, and replay mismatch taxonomy.",Phase 05 command execution receipts,open,"Not all rows are reproduced runtime bugs; matrix intentionally includes confirmed defects, hardening risks, and missing hostile/conformance proofs."
AHD-0200,Medium,Conformance/test gap,Prior audit normalized,Command execution & environment control,v11A Execution Evidence,crates/aidens-cli/src/package.rs,Allowed-command policy is narrower than actual verification needs and can cause bypass workarounds. Scope variant 2: apply to crates/aidens-cli/src/package.rs and adjacent caller/callee surfaces.,"Risk that command execution is not replayable, bounded, or environment-fingerprinted.",local scan: Command::new at aidens-tool-kit/src/lib.rs:1410; split_whitespace at aidens-tool-kit/src/lib.rs:1750,"Require structured argv, process-group kill, output caps, environment/toolchain fingerprints, and replay mismatch taxonomy.","Require structured argv, process-group kill, output caps, environment/toolchain fingerprints, and replay mismatch taxonomy.",Phase 05 command execution receipts,open,"Not all rows are reproduced runtime bugs; matrix intentionally includes confirmed defects, hardening risks, and missing hostile/conformance proofs."
AHD-0201,High,Confirmed source pattern,Prior audit normalized,Command execution & environment control,v11A Execution Evidence,crates/aidens-tool-kit/src/lib.rs,Command binary identity is not digest-bound to the receipt. Scope variant 2: apply to crates/aidens-tool-kit/src/lib.rs and adjacent caller/callee surfaces.,"Risk that command execution is not replayable, bounded, or environment-fingerprinted.",local scan: Command::new at aidens-tool-kit/src/lib.rs:1410; split_whitespace at aidens-tool-kit/src/lib.rs:1750,"Require structured argv, process-group kill, output caps, environment/toolchain fingerprints, and replay mismatch taxonomy.","Require structured argv, process-group kill, output caps, environment/toolchain fingerprints, and replay mismatch taxonomy.",Phase 05 command execution receipts,open,"Not all rows are reproduced runtime bugs; matrix intentionally includes confirmed defects, hardening risks, and missing hostile/conformance proofs."
AHD-0202,High,High-confidence hardening risk,Prior audit normalized,Command execution & environment control,v11A Execution Evidence,crates/aidens-cli/src/lib.rs,"Working tree, lockfile, and dependency state are not fully bound to command receipts. Scope variant 2: apply to crates/aidens-cli/src/lib.rs and adjacent caller/callee surfaces.","Risk that command execution is not replayable, bounded, or environment-fingerprinted.",local scan: Command::new at aidens-tool-kit/src/lib.rs:1410; split_whitespace at aidens-tool-kit/src/lib.rs:1750,"Require structured argv, process-group kill, output caps, environment/toolchain fingerprints, and replay mismatch taxonomy.","Require structured argv, process-group kill, output caps, environment/toolchain fingerprints, and replay mismatch taxonomy.",Phase 05 command execution receipts,open,"Not all rows are reproduced runtime bugs; matrix intentionally includes confirmed defects, hardening risks, and missing hostile/conformance proofs."
AHD-0203,Medium,Conformance/test gap,Prior audit normalized,Command execution & environment control,v11A Execution Evidence,crates/aidens-cli/src/package.rs,"Exit status, timeout, signal, stderr truncation, and stdout truncation need stricter taxonomy. Scope variant 2: apply to crates/aidens-cli/src/package.rs and adjacent caller/callee surfaces.","Risk that command execution is not replayable, bounded, or environment-fingerprinted.",local scan: Command::new at aidens-tool-kit/src/lib.rs:1410; split_whitespace at aidens-tool-kit/src/lib.rs:1750,"Require structured argv, process-group kill, output caps, environment/toolchain fingerprints, and replay mismatch taxonomy.","Require structured argv, process-group kill, output caps, environment/toolchain fingerprints, and replay mismatch taxonomy.",Phase 05 command execution receipts,open,"Not all rows are reproduced runtime bugs; matrix intentionally includes confirmed defects, hardening risks, and missing hostile/conformance proofs."
AHD-0204,High,Confirmed source pattern,Prior audit normalized,Command execution & environment control,v11A Execution Evidence,crates/aidens-tool-kit/src/lib.rs,Shell/string commands should be forbidden or compiled into structured argv with parser receipts. Scope variant 2: apply to crates/aidens-tool-kit/src/lib.rs and adjacent caller/callee surfaces.,"Risk that command execution is not replayable, bounded, or environment-fingerprinted.",local scan: Command::new at aidens-tool-kit/src/lib.rs:1410; split_whitespace at aidens-tool-kit/src/lib.rs:1750,"Require structured argv, process-group kill, output caps, environment/toolchain fingerprints, and replay mismatch taxonomy.","Require structured argv, process-group kill, output caps, environment/toolchain fingerprints, and replay mismatch taxonomy.",Phase 05 command execution receipts,open,"Not all rows are reproduced runtime bugs; matrix intentionally includes confirmed defects, hardening risks, and missing hostile/conformance proofs."
AHD-0205,High,High-confidence hardening risk,Prior audit normalized,Command execution & environment control,v11A Execution Evidence,crates/aidens-cli/src/lib.rs,Command replay mismatch is not classified distinctly from command failure. Scope variant 2: apply to crates/aidens-cli/src/lib.rs and adjacent caller/callee surfaces.,"Risk that command execution is not replayable, bounded, or environment-fingerprinted.",local scan: Command::new at aidens-tool-kit/src/lib.rs:1410; split_whitespace at aidens-tool-kit/src/lib.rs:1750,"Require structured argv, process-group kill, output caps, environment/toolchain fingerprints, and replay mismatch taxonomy.","Require structured argv, process-group kill, output caps, environment/toolchain fingerprints, and replay mismatch taxonomy.",Phase 05 command execution receipts,open,"Not all rows are reproduced runtime bugs; matrix intentionally includes confirmed defects, hardening risks, and missing hostile/conformance proofs."
AHD-0206,Medium,Conformance/test gap,Prior audit normalized,Command execution & environment control,v11A Execution Evidence,crates/aidens-cli/src/package.rs,Command arguments are parsed with whitespace-oriented logic instead of structured argv. Scope variant 3: apply to crates/aidens-cli/src/package.rs and adjacent caller/callee surfaces.,"Risk that command execution is not replayable, bounded, or environment-fingerprinted.",local scan: Command::new at aidens-tool-kit/src/lib.rs:1410; split_whitespace at aidens-tool-kit/src/lib.rs:1750,"Require structured argv, process-group kill, output caps, environment/toolchain fingerprints, and replay mismatch taxonomy.","Require structured argv, process-group kill, output caps, environment/toolchain fingerprints, and replay mismatch taxonomy.",Phase 05 command execution receipts,open,"Not all rows are reproduced runtime bugs; matrix intentionally includes confirmed defects, hardening risks, and missing hostile/conformance proofs."
AHD-0207,High,Confirmed source pattern,Prior audit normalized,Command execution & environment control,v11A Execution Evidence,crates/aidens-tool-kit/src/lib.rs,Child process timeout does not prove grandchildren are killed or quarantined. Scope variant 3: apply to crates/aidens-tool-kit/src/lib.rs and adjacent caller/callee surfaces.,"Risk that command execution is not replayable, bounded, or environment-fingerprinted.",local scan: Command::new at aidens-tool-kit/src/lib.rs:1410; split_whitespace at aidens-tool-kit/src/lib.rs:1750,"Require structured argv, process-group kill, output caps, environment/toolchain fingerprints, and replay mismatch taxonomy.","Require structured argv, process-group kill, output caps, environment/toolchain fingerprints, and replay mismatch taxonomy.",Phase 05 command execution receipts,open,"Not all rows are reproduced runtime bugs; matrix intentionally includes confirmed defects, hardening risks, and missing hostile/conformance proofs."
AHD-0208,High,High-confidence hardening risk,Prior audit normalized,Command execution & environment control,v11A Execution Evidence,crates/aidens-cli/src/lib.rs,Command output volume is not proven bounded by byte caps in every path. Scope variant 3: apply to crates/aidens-cli/src/lib.rs and adjacent caller/callee surfaces.,"Risk that command execution is not replayable, bounded, or environment-fingerprinted.",local scan: Command::new at aidens-tool-kit/src/lib.rs:1410; split_whitespace at aidens-tool-kit/src/lib.rs:1750,"Require structured argv, process-group kill, output caps, environment/toolchain fingerprints, and replay mismatch taxonomy.","Require structured argv, process-group kill, output caps, environment/toolchain fingerprints, and replay mismatch taxonomy.",Phase 05 command execution receipts,open,"Not all rows are reproduced runtime bugs; matrix intentionally includes confirmed defects, hardening risks, and missing hostile/conformance proofs."
AHD-0209,Medium,Conformance/test gap,Prior audit normalized,Command execution & environment control,v11A Execution Evidence,crates/aidens-cli/src/package.rs,Command execution receipts lack sufficient environment/toolchain fingerprinting for replay. Scope variant 3: apply to crates/aidens-cli/src/package.rs and adjacent caller/callee surfaces.,"Risk that command execution is not replayable, bounded, or environment-fingerprinted.",local scan: Command::new at aidens-tool-kit/src/lib.rs:1410; split_whitespace at aidens-tool-kit/src/lib.rs:1750,"Require structured argv, process-group kill, output caps, environment/toolchain fingerprints, and replay mismatch taxonomy.","Require structured argv, process-group kill, output caps, environment/toolchain fingerprints, and replay mismatch taxonomy.",Phase 05 command execution receipts,open,"Not all rows are reproduced runtime bugs; matrix intentionally includes confirmed defects, hardening risks, and missing hostile/conformance proofs."
AHD-0210,High,Confirmed source pattern,Prior audit normalized,Command execution & environment control,v11A Execution Evidence,crates/aidens-tool-kit/src/lib.rs,Allowed-command policy is narrower than actual verification needs and can cause bypass workarounds. Scope variant 3: apply to crates/aidens-tool-kit/src/lib.rs and adjacent caller/callee surfaces.,"Risk that command execution is not replayable, bounded, or environment-fingerprinted.",local scan: Command::new at aidens-tool-kit/src/lib.rs:1410; split_whitespace at aidens-tool-kit/src/lib.rs:1750,"Require structured argv, process-group kill, output caps, environment/toolchain fingerprints, and replay mismatch taxonomy.","Require structured argv, process-group kill, output caps, environment/toolchain fingerprints, and replay mismatch taxonomy.",Phase 05 command execution receipts,open,"Not all rows are reproduced runtime bugs; matrix intentionally includes confirmed defects, hardening risks, and missing hostile/conformance proofs."
AHD-0211,High,High-confidence hardening risk,Prior audit normalized,Command execution & environment control,v11A Execution Evidence,crates/aidens-cli/src/lib.rs,Command binary identity is not digest-bound to the receipt. Scope variant 3: apply to crates/aidens-cli/src/lib.rs and adjacent caller/callee surfaces.,"Risk that command execution is not replayable, bounded, or environment-fingerprinted.",local scan: Command::new at aidens-tool-kit/src/lib.rs:1410; split_whitespace at aidens-tool-kit/src/lib.rs:1750,"Require structured argv, process-group kill, output caps, environment/toolchain fingerprints, and replay mismatch taxonomy.","Require structured argv, process-group kill, output caps, environment/toolchain fingerprints, and replay mismatch taxonomy.",Phase 05 command execution receipts,open,"Not all rows are reproduced runtime bugs; matrix intentionally includes confirmed defects, hardening risks, and missing hostile/conformance proofs."
AHD-0212,Medium,Conformance/test gap,Prior audit normalized,Command execution & environment control,v11A Execution Evidence,crates/aidens-cli/src/package.rs,"Working tree, lockfile, and dependency state are not fully bound to command receipts. Scope variant 3: apply to crates/aidens-cli/src/package.rs and adjacent caller/callee surfaces.","Risk that command execution is not replayable, bounded, or environment-fingerprinted.",local scan: Command::new at aidens-tool-kit/src/lib.rs:1410; split_whitespace at aidens-tool-kit/src/lib.rs:1750,"Require structured argv, process-group kill, output caps, environment/toolchain fingerprints, and replay mismatch taxonomy.","Require structured argv, process-group kill, output caps, environment/toolchain fingerprints, and replay mismatch taxonomy.",Phase 05 command execution receipts,open,"Not all rows are reproduced runtime bugs; matrix intentionally includes confirmed defects, hardening risks, and missing hostile/conformance proofs."
AHD-0213,High,Confirmed source pattern,Prior audit normalized,Command execution & environment control,v11A Execution Evidence,crates/aidens-tool-kit/src/lib.rs,"Exit status, timeout, signal, stderr truncation, and stdout truncation need stricter taxonomy. Scope variant 3: apply to crates/aidens-tool-kit/src/lib.rs and adjacent caller/callee surfaces.","Risk that command execution is not replayable, bounded, or environment-fingerprinted.",local scan: Command::new at aidens-tool-kit/src/lib.rs:1410; split_whitespace at aidens-tool-kit/src/lib.rs:1750,"Require structured argv, process-group kill, output caps, environment/toolchain fingerprints, and replay mismatch taxonomy.","Require structured argv, process-group kill, output caps, environment/toolchain fingerprints, and replay mismatch taxonomy.",Phase 05 command execution receipts,open,"Not all rows are reproduced runtime bugs; matrix intentionally includes confirmed defects, hardening risks, and missing hostile/conformance proofs."
AHD-0214,High,High-confidence hardening risk,Prior audit normalized,Command execution & environment control,v11A Execution Evidence,crates/aidens-cli/src/lib.rs,Shell/string commands should be forbidden or compiled into structured argv with parser receipts. Scope variant 3: apply to crates/aidens-cli/src/lib.rs and adjacent caller/callee surfaces.,"Risk that command execution is not replayable, bounded, or environment-fingerprinted.",local scan: Command::new at aidens-tool-kit/src/lib.rs:1410; split_whitespace at aidens-tool-kit/src/lib.rs:1750,"Require structured argv, process-group kill, output caps, environment/toolchain fingerprints, and replay mismatch taxonomy.","Require structured argv, process-group kill, output caps, environment/toolchain fingerprints, and replay mismatch taxonomy.",Phase 05 command execution receipts,open,"Not all rows are reproduced runtime bugs; matrix intentionally includes confirmed defects, hardening risks, and missing hostile/conformance proofs."
AHD-0215,Medium,Conformance/test gap,Prior audit normalized,Command execution & environment control,v11A Execution Evidence,crates/aidens-cli/src/package.rs,Command replay mismatch is not classified distinctly from command failure. Scope variant 3: apply to crates/aidens-cli/src/package.rs and adjacent caller/callee surfaces.,"Risk that command execution is not replayable, bounded, or environment-fingerprinted.",local scan: Command::new at aidens-tool-kit/src/lib.rs:1410; split_whitespace at aidens-tool-kit/src/lib.rs:1750,"Require structured argv, process-group kill, output caps, environment/toolchain fingerprints, and replay mismatch taxonomy.","Require structured argv, process-group kill, output caps, environment/toolchain fingerprints, and replay mismatch taxonomy.",Phase 05 command execution receipts,open,"Not all rows are reproduced runtime bugs; matrix intentionally includes confirmed defects, hardening risks, and missing hostile/conformance proofs."
AHD-0216,High,Confirmed source pattern,Prior audit normalized,Command execution & environment control,v11A Execution Evidence,crates/aidens-tool-kit/src/lib.rs,Command arguments are parsed with whitespace-oriented logic instead of structured argv. Scope variant 4: apply to crates/aidens-tool-kit/src/lib.rs and adjacent caller/callee surfaces.,"Risk that command execution is not replayable, bounded, or environment-fingerprinted.",local scan: Command::new at aidens-tool-kit/src/lib.rs:1410; split_whitespace at aidens-tool-kit/src/lib.rs:1750,"Require structured argv, process-group kill, output caps, environment/toolchain fingerprints, and replay mismatch taxonomy.","Require structured argv, process-group kill, output caps, environment/toolchain fingerprints, and replay mismatch taxonomy.",Phase 05 command execution receipts,open,"Not all rows are reproduced runtime bugs; matrix intentionally includes confirmed defects, hardening risks, and missing hostile/conformance proofs."
AHD-0217,High,High-confidence hardening risk,Prior audit normalized,Command execution & environment control,v11A Execution Evidence,crates/aidens-cli/src/lib.rs,Child process timeout does not prove grandchildren are killed or quarantined. Scope variant 4: apply to crates/aidens-cli/src/lib.rs and adjacent caller/callee surfaces.,"Risk that command execution is not replayable, bounded, or environment-fingerprinted.",local scan: Command::new at aidens-tool-kit/src/lib.rs:1410; split_whitespace at aidens-tool-kit/src/lib.rs:1750,"Require structured argv, process-group kill, output caps, environment/toolchain fingerprints, and replay mismatch taxonomy.","Require structured argv, process-group kill, output caps, environment/toolchain fingerprints, and replay mismatch taxonomy.",Phase 05 command execution receipts,open,"Not all rows are reproduced runtime bugs; matrix intentionally includes confirmed defects, hardening risks, and missing hostile/conformance proofs."
AHD-0218,Medium,Conformance/test gap,Prior audit normalized,Command execution & environment control,v11A Execution Evidence,crates/aidens-cli/src/package.rs,Command output volume is not proven bounded by byte caps in every path. Scope variant 4: apply to crates/aidens-cli/src/package.rs and adjacent caller/callee surfaces.,"Risk that command execution is not replayable, bounded, or environment-fingerprinted.",local scan: Command::new at aidens-tool-kit/src/lib.rs:1410; split_whitespace at aidens-tool-kit/src/lib.rs:1750,"Require structured argv, process-group kill, output caps, environment/toolchain fingerprints, and replay mismatch taxonomy.","Require structured argv, process-group kill, output caps, environment/toolchain fingerprints, and replay mismatch taxonomy.",Phase 05 command execution receipts,open,"Not all rows are reproduced runtime bugs; matrix intentionally includes confirmed defects, hardening risks, and missing hostile/conformance proofs."
AHD-0219,High,Confirmed source pattern,Prior audit normalized,Command execution & environment control,v11A Execution Evidence,crates/aidens-tool-kit/src/lib.rs,Command execution receipts lack sufficient environment/toolchain fingerprinting for replay. Scope variant 4: apply to crates/aidens-tool-kit/src/lib.rs and adjacent caller/callee surfaces.,"Risk that command execution is not replayable, bounded, or environment-fingerprinted.",local scan: Command::new at aidens-tool-kit/src/lib.rs:1410; split_whitespace at aidens-tool-kit/src/lib.rs:1750,"Require structured argv, process-group kill, output caps, environment/toolchain fingerprints, and replay mismatch taxonomy.","Require structured argv, process-group kill, output caps, environment/toolchain fingerprints, and replay mismatch taxonomy.",Phase 05 command execution receipts,open,"Not all rows are reproduced runtime bugs; matrix intentionally includes confirmed defects, hardening risks, and missing hostile/conformance proofs."
AHD-0220,High,High-confidence hardening risk,Prior audit normalized,Command execution & environment control,v11A Execution Evidence,crates/aidens-cli/src/lib.rs,Allowed-command policy is narrower than actual verification needs and can cause bypass workarounds. Scope variant 4: apply to crates/aidens-cli/src/lib.rs and adjacent caller/callee surfaces.,"Risk that command execution is not replayable, bounded, or environment-fingerprinted.",local scan: Command::new at aidens-tool-kit/src/lib.rs:1410; split_whitespace at aidens-tool-kit/src/lib.rs:1750,"Require structured argv, process-group kill, output caps, environment/toolchain fingerprints, and replay mismatch taxonomy.","Require structured argv, process-group kill, output caps, environment/toolchain fingerprints, and replay mismatch taxonomy.",Phase 05 command execution receipts,open,"Not all rows are reproduced runtime bugs; matrix intentionally includes confirmed defects, hardening risks, and missing hostile/conformance proofs."
AHD-0221,Medium,Conformance/test gap,Prior audit normalized,Command execution & environment control,v11A Execution Evidence,crates/aidens-cli/src/package.rs,Command binary identity is not digest-bound to the receipt. Scope variant 4: apply to crates/aidens-cli/src/package.rs and adjacent caller/callee surfaces.,"Risk that command execution is not replayable, bounded, or environment-fingerprinted.",local scan: Command::new at aidens-tool-kit/src/lib.rs:1410; split_whitespace at aidens-tool-kit/src/lib.rs:1750,"Require structured argv, process-group kill, output caps, environment/toolchain fingerprints, and replay mismatch taxonomy.","Require structured argv, process-group kill, output caps, environment/toolchain fingerprints, and replay mismatch taxonomy.",Phase 05 command execution receipts,open,"Not all rows are reproduced runtime bugs; matrix intentionally includes confirmed defects, hardening risks, and missing hostile/conformance proofs."
AHD-0222,High,Confirmed source pattern,Prior audit normalized,Command execution & environment control,v11A Execution Evidence,crates/aidens-tool-kit/src/lib.rs,"Working tree, lockfile, and dependency state are not fully bound to command receipts. Scope variant 4: apply to crates/aidens-tool-kit/src/lib.rs and adjacent caller/callee surfaces.","Risk that command execution is not replayable, bounded, or environment-fingerprinted.",local scan: Command::new at aidens-tool-kit/src/lib.rs:1410; split_whitespace at aidens-tool-kit/src/lib.rs:1750,"Require structured argv, process-group kill, output caps, environment/toolchain fingerprints, and replay mismatch taxonomy.","Require structured argv, process-group kill, output caps, environment/toolchain fingerprints, and replay mismatch taxonomy.",Phase 05 command execution receipts,open,"Not all rows are reproduced runtime bugs; matrix intentionally includes confirmed defects, hardening risks, and missing hostile/conformance proofs."
AHD-0223,High,High-confidence hardening risk,Prior audit normalized,Command execution & environment control,v11A Execution Evidence,crates/aidens-cli/src/lib.rs,"Exit status, timeout, signal, stderr truncation, and stdout truncation need stricter taxonomy. Scope variant 4: apply to crates/aidens-cli/src/lib.rs and adjacent caller/callee surfaces.","Risk that command execution is not replayable, bounded, or environment-fingerprinted.",local scan: Command::new at aidens-tool-kit/src/lib.rs:1410; split_whitespace at aidens-tool-kit/src/lib.rs:1750,"Require structured argv, process-group kill, output caps, environment/toolchain fingerprints, and replay mismatch taxonomy.","Require structured argv, process-group kill, output caps, environment/toolchain fingerprints, and replay mismatch taxonomy.",Phase 05 command execution receipts,open,"Not all rows are reproduced runtime bugs; matrix intentionally includes confirmed defects, hardening risks, and missing hostile/conformance proofs."
AHD-0224,Medium,Conformance/test gap,Prior audit normalized,Command execution & environment control,v11A Execution Evidence,crates/aidens-cli/src/package.rs,Shell/string commands should be forbidden or compiled into structured argv with parser receipts. Scope variant 4: apply to crates/aidens-cli/src/package.rs and adjacent caller/callee surfaces.,"Risk that command execution is not replayable, bounded, or environment-fingerprinted.",local scan: Command::new at aidens-tool-kit/src/lib.rs:1410; split_whitespace at aidens-tool-kit/src/lib.rs:1750,"Require structured argv, process-group kill, output caps, environment/toolchain fingerprints, and replay mismatch taxonomy.","Require structured argv, process-group kill, output caps, environment/toolchain fingerprints, and replay mismatch taxonomy.",Phase 05 command execution receipts,open,"Not all rows are reproduced runtime bugs; matrix intentionally includes confirmed defects, hardening risks, and missing hostile/conformance proofs."
AHD-0225,High,Confirmed source pattern,Prior audit normalized,Command execution & environment control,v11A Execution Evidence,crates/aidens-tool-kit/src/lib.rs,Command replay mismatch is not classified distinctly from command failure. Scope variant 4: apply to crates/aidens-tool-kit/src/lib.rs and adjacent caller/callee surfaces.,"Risk that command execution is not replayable, bounded, or environment-fingerprinted.",local scan: Command::new at aidens-tool-kit/src/lib.rs:1410; split_whitespace at aidens-tool-kit/src/lib.rs:1750,"Require structured argv, process-group kill, output caps, environment/toolchain fingerprints, and replay mismatch taxonomy.","Require structured argv, process-group kill, output caps, environment/toolchain fingerprints, and replay mismatch taxonomy.",Phase 05 command execution receipts,open,"Not all rows are reproduced runtime bugs; matrix intentionally includes confirmed defects, hardening risks, and missing hostile/conformance proofs."
AHD-0226,High,High-confidence hardening risk,Prior audit normalized,Command execution & environment control,v11A Execution Evidence,crates/aidens-cli/src/lib.rs,Command arguments are parsed with whitespace-oriented logic instead of structured argv. Scope variant 5: apply to crates/aidens-cli/src/lib.rs and adjacent caller/callee surfaces.,"Risk that command execution is not replayable, bounded, or environment-fingerprinted.",local scan: Command::new at aidens-tool-kit/src/lib.rs:1410; split_whitespace at aidens-tool-kit/src/lib.rs:1750,"Require structured argv, process-group kill, output caps, environment/toolchain fingerprints, and replay mismatch taxonomy.","Require structured argv, process-group kill, output caps, environment/toolchain fingerprints, and replay mismatch taxonomy.",Phase 05 command execution receipts,open,"Not all rows are reproduced runtime bugs; matrix intentionally includes confirmed defects, hardening risks, and missing hostile/conformance proofs."
AHD-0227,Medium,Conformance/test gap,Prior audit normalized,Command execution & environment control,v11A Execution Evidence,crates/aidens-cli/src/package.rs,Child process timeout does not prove grandchildren are killed or quarantined. Scope variant 5: apply to crates/aidens-cli/src/package.rs and adjacent caller/callee surfaces.,"Risk that command execution is not replayable, bounded, or environment-fingerprinted.",local scan: Command::new at aidens-tool-kit/src/lib.rs:1410; split_whitespace at aidens-tool-kit/src/lib.rs:1750,"Require structured argv, process-group kill, output caps, environment/toolchain fingerprints, and replay mismatch taxonomy.","Require structured argv, process-group kill, output caps, environment/toolchain fingerprints, and replay mismatch taxonomy.",Phase 05 command execution receipts,open,"Not all rows are reproduced runtime bugs; matrix intentionally includes confirmed defects, hardening risks, and missing hostile/conformance proofs."
AHD-0228,High,Confirmed source pattern,Prior audit normalized,Command execution & environment control,v11A Execution Evidence,crates/aidens-tool-kit/src/lib.rs,Command output volume is not proven bounded by byte caps in every path. Scope variant 5: apply to crates/aidens-tool-kit/src/lib.rs and adjacent caller/callee surfaces.,"Risk that command execution is not replayable, bounded, or environment-fingerprinted.",local scan: Command::new at aidens-tool-kit/src/lib.rs:1410; split_whitespace at aidens-tool-kit/src/lib.rs:1750,"Require structured argv, process-group kill, output caps, environment/toolchain fingerprints, and replay mismatch taxonomy.","Require structured argv, process-group kill, output caps, environment/toolchain fingerprints, and replay mismatch taxonomy.",Phase 05 command execution receipts,open,"Not all rows are reproduced runtime bugs; matrix intentionally includes confirmed defects, hardening risks, and missing hostile/conformance proofs."
AHD-0229,High,High-confidence hardening risk,Prior audit normalized,Command execution & environment control,v11A Execution Evidence,crates/aidens-cli/src/lib.rs,Command execution receipts lack sufficient environment/toolchain fingerprinting for replay. Scope variant 5: apply to crates/aidens-cli/src/lib.rs and adjacent caller/callee surfaces.,"Risk that command execution is not replayable, bounded, or environment-fingerprinted.",local scan: Command::new at aidens-tool-kit/src/lib.rs:1410; split_whitespace at aidens-tool-kit/src/lib.rs:1750,"Require structured argv, process-group kill, output caps, environment/toolchain fingerprints, and replay mismatch taxonomy.","Require structured argv, process-group kill, output caps, environment/toolchain fingerprints, and replay mismatch taxonomy.",Phase 05 command execution receipts,open,"Not all rows are reproduced runtime bugs; matrix intentionally includes confirmed defects, hardening risks, and missing hostile/conformance proofs."
AHD-0230,Medium,Conformance/test gap,Prior audit normalized,Command execution & environment control,v11A Execution Evidence,crates/aidens-cli/src/package.rs,Allowed-command policy is narrower than actual verification needs and can cause bypass workarounds. Scope variant 5: apply to crates/aidens-cli/src/package.rs and adjacent caller/callee surfaces.,"Risk that command execution is not replayable, bounded, or environment-fingerprinted.",local scan: Command::new at aidens-tool-kit/src/lib.rs:1410; split_whitespace at aidens-tool-kit/src/lib.rs:1750,"Require structured argv, process-group kill, output caps, environment/toolchain fingerprints, and replay mismatch taxonomy.","Require structured argv, process-group kill, output caps, environment/toolchain fingerprints, and replay mismatch taxonomy.",Phase 05 command execution receipts,open,"Not all rows are reproduced runtime bugs; matrix intentionally includes confirmed defects, hardening risks, and missing hostile/conformance proofs."
AHD-0231,Critical,Confirmed source pattern,Prior audit normalized,Provider route & local/mocking honesty,v11A Execution Evidence / Support Profile,crates/aidens-provider-kit/src/lib.rs,"Local provider mode can map to mock behavior, creating support-profile dishonesty.","Risk that provider mode, provider route, and actual behavior disagree.",local scan: AgentProviderModeV1::Local maps to mock at aidens-runner/src/lib.rs:274,Make local/mock/Ollama/provider routes honest; prevent local=>mock fallback without explicit degradation and support-label change.,Make local/mock/Ollama/provider routes honest; prevent local=>mock fallback without explicit degradation and support-label change.,Phase 06 provider honesty,open,"Not all rows are reproduced runtime bugs; matrix intentionally includes confirmed defects, hardening risks, and missing hostile/conformance proofs."
AHD-0232,High,High-confidence hardening risk,Prior audit normalized,Provider route & local/mocking honesty,v11A Execution Evidence / Support Profile,crates/aidens-runner/src/lib.rs,Mock provider paths can appear as successful runs without sufficiently sharp exactness/degradation labeling.,"Risk that provider mode, provider route, and actual behavior disagree.",local scan: Ollama provider surface in aidens-provider-kit/src/lib.rs:247-420,Make local/mock/Ollama/provider routes honest; prevent local=>mock fallback without explicit degradation and support-label change.,Make local/mock/Ollama/provider routes honest; prevent local=>mock fallback without explicit degradation and support-label change.,Phase 06 provider honesty,open,"Not all rows are reproduced runtime bugs; matrix intentionally includes confirmed defects, hardening risks, and missing hostile/conformance proofs."
AHD-0233,Medium,Conformance/test gap,Prior audit normalized,Provider route & local/mocking honesty,v11A Execution Evidence / Support Profile,crates/aidens-cli/src/lib.rs,Ollama provider does not prove native tool schema/tool-result loop parity.,"Risk that provider mode, provider route, and actual behavior disagree.",local scan: AgentProviderModeV1::Local maps to mock at aidens-runner/src/lib.rs:274,Make local/mock/Ollama/provider routes honest; prevent local=>mock fallback without explicit degradation and support-label change.,Make local/mock/Ollama/provider routes honest; prevent local=>mock fallback without explicit degradation and support-label change.,Phase 06 provider honesty,open,"Not all rows are reproduced runtime bugs; matrix intentionally includes confirmed defects, hardening risks, and missing hostile/conformance proofs."
AHD-0234,Critical,Confirmed source pattern,Prior audit normalized,Provider route & local/mocking honesty,v11A Execution Evidence / Support Profile,crates/aidens-provider-kit/src/lib.rs,Provider route fallback can change execution semantics without a strong rejected-alternatives receipt.,"Risk that provider mode, provider route, and actual behavior disagree.",local scan: Ollama provider surface in aidens-provider-kit/src/lib.rs:247-420,Make local/mock/Ollama/provider routes honest; prevent local=>mock fallback without explicit degradation and support-label change.,Make local/mock/Ollama/provider routes honest; prevent local=>mock fallback without explicit degradation and support-label change.,Phase 06 provider honesty,open,"Not all rows are reproduced runtime bugs; matrix intentionally includes confirmed defects, hardening risks, and missing hostile/conformance proofs."
AHD-0235,High,High-confidence hardening risk,Prior audit normalized,Provider route & local/mocking honesty,v11A Execution Evidence / Support Profile,crates/aidens-runner/src/lib.rs,Provider endpoint policy does not prove local-only network behavior for local providers.,"Risk that provider mode, provider route, and actual behavior disagree.",local scan: AgentProviderModeV1::Local maps to mock at aidens-runner/src/lib.rs:274,Make local/mock/Ollama/provider routes honest; prevent local=>mock fallback without explicit degradation and support-label change.,Make local/mock/Ollama/provider routes honest; prevent local=>mock fallback without explicit degradation and support-label change.,Phase 06 provider honesty,open,"Not all rows are reproduced runtime bugs; matrix intentionally includes confirmed defects, hardening risks, and missing hostile/conformance proofs."
AHD-0236,Medium,Conformance/test gap,Prior audit normalized,Provider route & local/mocking honesty,v11A Execution Evidence / Support Profile,crates/aidens-cli/src/lib.rs,Provider timeout is not consistently derived from the run budget/deadline.,"Risk that provider mode, provider route, and actual behavior disagree.",local scan: Ollama provider surface in aidens-provider-kit/src/lib.rs:247-420,Make local/mock/Ollama/provider routes honest; prevent local=>mock fallback without explicit degradation and support-label change.,Make local/mock/Ollama/provider routes honest; prevent local=>mock fallback without explicit degradation and support-label change.,Phase 06 provider honesty,open,"Not all rows are reproduced runtime bugs; matrix intentionally includes confirmed defects, hardening risks, and missing hostile/conformance proofs."
AHD-0237,Critical,Confirmed source pattern,Prior audit normalized,Provider route & local/mocking honesty,v11A Execution Evidence / Support Profile,crates/aidens-provider-kit/src/lib.rs,Provider readiness is not always live capability truth.,"Risk that provider mode, provider route, and actual behavior disagree.",local scan: AgentProviderModeV1::Local maps to mock at aidens-runner/src/lib.rs:274,Make local/mock/Ollama/provider routes honest; prevent local=>mock fallback without explicit degradation and support-label change.,Make local/mock/Ollama/provider routes honest; prevent local=>mock fallback without explicit degradation and support-label change.,Phase 06 provider honesty,open,"Not all rows are reproduced runtime bugs; matrix intentionally includes confirmed defects, hardening risks, and missing hostile/conformance proofs."
AHD-0238,High,High-confidence hardening risk,Prior audit normalized,Provider route & local/mocking honesty,v11A Execution Evidence / Support Profile,crates/aidens-runner/src/lib.rs,Provider model/version/digest fingerprint is insufficient for replay-grade receipts.,"Risk that provider mode, provider route, and actual behavior disagree.",local scan: Ollama provider surface in aidens-provider-kit/src/lib.rs:247-420,Make local/mock/Ollama/provider routes honest; prevent local=>mock fallback without explicit degradation and support-label change.,Make local/mock/Ollama/provider routes honest; prevent local=>mock fallback without explicit degradation and support-label change.,Phase 06 provider honesty,open,"Not all rows are reproduced runtime bugs; matrix intentionally includes confirmed defects, hardening risks, and missing hostile/conformance proofs."
AHD-0239,Medium,Conformance/test gap,Prior audit normalized,Provider route & local/mocking honesty,v11A Execution Evidence / Support Profile,crates/aidens-cli/src/lib.rs,Tool-output redaction/capping before model reinjection is not proven in every provider mode.,"Risk that provider mode, provider route, and actual behavior disagree.",local scan: AgentProviderModeV1::Local maps to mock at aidens-runner/src/lib.rs:274,Make local/mock/Ollama/provider routes honest; prevent local=>mock fallback without explicit degradation and support-label change.,Make local/mock/Ollama/provider routes honest; prevent local=>mock fallback without explicit degradation and support-label change.,Phase 06 provider honesty,open,"Not all rows are reproduced runtime bugs; matrix intentionally includes confirmed defects, hardening risks, and missing hostile/conformance proofs."
AHD-0240,Critical,Confirmed source pattern,Prior audit normalized,Provider route & local/mocking honesty,v11A Execution Evidence / Support Profile,crates/aidens-provider-kit/src/lib.rs,Parser fallback for tool calls needs stronger disclosure than native tool-call paths.,"Risk that provider mode, provider route, and actual behavior disagree.",local scan: Ollama provider surface in aidens-provider-kit/src/lib.rs:247-420,Make local/mock/Ollama/provider routes honest; prevent local=>mock fallback without explicit degradation and support-label change.,Make local/mock/Ollama/provider routes honest; prevent local=>mock fallback without explicit degradation and support-label change.,Phase 06 provider honesty,open,"Not all rows are reproduced runtime bugs; matrix intentionally includes confirmed defects, hardening risks, and missing hostile/conformance proofs."
AHD-0241,High,High-confidence hardening risk,Prior audit normalized,Provider route & local/mocking honesty,v11A Execution Evidence / Support Profile,crates/aidens-runner/src/lib.rs,"Local provider mode can map to mock behavior, creating support-profile dishonesty. Scope variant 2: apply to crates/aidens-runner/src/lib.rs and adjacent caller/callee surfaces.","Risk that provider mode, provider route, and actual behavior disagree.",local scan: AgentProviderModeV1::Local maps to mock at aidens-runner/src/lib.rs:274,Make local/mock/Ollama/provider routes honest; prevent local=>mock fallback without explicit degradation and support-label change.,Make local/mock/Ollama/provider routes honest; prevent local=>mock fallback without explicit degradation and support-label change.,Phase 06 provider honesty,open,"Not all rows are reproduced runtime bugs; matrix intentionally includes confirmed defects, hardening risks, and missing hostile/conformance proofs."
AHD-0242,Medium,Conformance/test gap,Prior audit normalized,Provider route & local/mocking honesty,v11A Execution Evidence / Support Profile,crates/aidens-cli/src/lib.rs,Mock provider paths can appear as successful runs without sufficiently sharp exactness/degradation labeling. Scope variant 2: apply to crates/aidens-cli/src/lib.rs and adjacent caller/callee surfaces.,"Risk that provider mode, provider route, and actual behavior disagree.",local scan: Ollama provider surface in aidens-provider-kit/src/lib.rs:247-420,Make local/mock/Ollama/provider routes honest; prevent local=>mock fallback without explicit degradation and support-label change.,Make local/mock/Ollama/provider routes honest; prevent local=>mock fallback without explicit degradation and support-label change.,Phase 06 provider honesty,open,"Not all rows are reproduced runtime bugs; matrix intentionally includes confirmed defects, hardening risks, and missing hostile/conformance proofs."
AHD-0243,Critical,Confirmed source pattern,Prior audit normalized,Provider route & local/mocking honesty,v11A Execution Evidence / Support Profile,crates/aidens-provider-kit/src/lib.rs,Ollama provider does not prove native tool schema/tool-result loop parity. Scope variant 2: apply to crates/aidens-provider-kit/src/lib.rs and adjacent caller/callee surfaces.,"Risk that provider mode, provider route, and actual behavior disagree.",local scan: AgentProviderModeV1::Local maps to mock at aidens-runner/src/lib.rs:274,Make local/mock/Ollama/provider routes honest; prevent local=>mock fallback without explicit degradation and support-label change.,Make local/mock/Ollama/provider routes honest; prevent local=>mock fallback without explicit degradation and support-label change.,Phase 06 provider honesty,open,"Not all rows are reproduced runtime bugs; matrix intentionally includes confirmed defects, hardening risks, and missing hostile/conformance proofs."
AHD-0244,High,High-confidence hardening risk,Prior audit normalized,Provider route & local/mocking honesty,v11A Execution Evidence / Support Profile,crates/aidens-runner/src/lib.rs,Provider route fallback can change execution semantics without a strong rejected-alternatives receipt. Scope variant 2: apply to crates/aidens-runner/src/lib.rs and adjacent caller/callee surfaces.,"Risk that provider mode, provider route, and actual behavior disagree.",local scan: Ollama provider surface in aidens-provider-kit/src/lib.rs:247-420,Make local/mock/Ollama/provider routes honest; prevent local=>mock fallback without explicit degradation and support-label change.,Make local/mock/Ollama/provider routes honest; prevent local=>mock fallback without explicit degradation and support-label change.,Phase 06 provider honesty,open,"Not all rows are reproduced runtime bugs; matrix intentionally includes confirmed defects, hardening risks, and missing hostile/conformance proofs."
AHD-0245,Medium,Conformance/test gap,Prior audit normalized,Provider route & local/mocking honesty,v11A Execution Evidence / Support Profile,crates/aidens-cli/src/lib.rs,Provider endpoint policy does not prove local-only network behavior for local providers. Scope variant 2: apply to crates/aidens-cli/src/lib.rs and adjacent caller/callee surfaces.,"Risk that provider mode, provider route, and actual behavior disagree.",local scan: AgentProviderModeV1::Local maps to mock at aidens-runner/src/lib.rs:274,Make local/mock/Ollama/provider routes honest; prevent local=>mock fallback without explicit degradation and support-label change.,Make local/mock/Ollama/provider routes honest; prevent local=>mock fallback without explicit degradation and support-label change.,Phase 06 provider honesty,open,"Not all rows are reproduced runtime bugs; matrix intentionally includes confirmed defects, hardening risks, and missing hostile/conformance proofs."
AHD-0246,Critical,Confirmed source pattern,Prior audit normalized,Provider route & local/mocking honesty,v11A Execution Evidence / Support Profile,crates/aidens-provider-kit/src/lib.rs,Provider timeout is not consistently derived from the run budget/deadline. Scope variant 2: apply to crates/aidens-provider-kit/src/lib.rs and adjacent caller/callee surfaces.,"Risk that provider mode, provider route, and actual behavior disagree.",local scan: Ollama provider surface in aidens-provider-kit/src/lib.rs:247-420,Make local/mock/Ollama/provider routes honest; prevent local=>mock fallback without explicit degradation and support-label change.,Make local/mock/Ollama/provider routes honest; prevent local=>mock fallback without explicit degradation and support-label change.,Phase 06 provider honesty,open,"Not all rows are reproduced runtime bugs; matrix intentionally includes confirmed defects, hardening risks, and missing hostile/conformance proofs."
AHD-0247,High,High-confidence hardening risk,Prior audit normalized,Provider route & local/mocking honesty,v11A Execution Evidence / Support Profile,crates/aidens-runner/src/lib.rs,Provider readiness is not always live capability truth. Scope variant 2: apply to crates/aidens-runner/src/lib.rs and adjacent caller/callee surfaces.,"Risk that provider mode, provider route, and actual behavior disagree.",local scan: AgentProviderModeV1::Local maps to mock at aidens-runner/src/lib.rs:274,Make local/mock/Ollama/provider routes honest; prevent local=>mock fallback without explicit degradation and support-label change.,Make local/mock/Ollama/provider routes honest; prevent local=>mock fallback without explicit degradation and support-label change.,Phase 06 provider honesty,open,"Not all rows are reproduced runtime bugs; matrix intentionally includes confirmed defects, hardening risks, and missing hostile/conformance proofs."
AHD-0248,Medium,Conformance/test gap,Prior audit normalized,Provider route & local/mocking honesty,v11A Execution Evidence / Support Profile,crates/aidens-cli/src/lib.rs,Provider model/version/digest fingerprint is insufficient for replay-grade receipts. Scope variant 2: apply to crates/aidens-cli/src/lib.rs and adjacent caller/callee surfaces.,"Risk that provider mode, provider route, and actual behavior disagree.",local scan: Ollama provider surface in aidens-provider-kit/src/lib.rs:247-420,Make local/mock/Ollama/provider routes honest; prevent local=>mock fallback without explicit degradation and support-label change.,Make local/mock/Ollama/provider routes honest; prevent local=>mock fallback without explicit degradation and support-label change.,Phase 06 provider honesty,open,"Not all rows are reproduced runtime bugs; matrix intentionally includes confirmed defects, hardening risks, and missing hostile/conformance proofs."
AHD-0249,Critical,Confirmed source pattern,Prior audit normalized,Provider route & local/mocking honesty,v11A Execution Evidence / Support Profile,crates/aidens-provider-kit/src/lib.rs,Tool-output redaction/capping before model reinjection is not proven in every provider mode. Scope variant 2: apply to crates/aidens-provider-kit/src/lib.rs and adjacent caller/callee surfaces.,"Risk that provider mode, provider route, and actual behavior disagree.",local scan: AgentProviderModeV1::Local maps to mock at aidens-runner/src/lib.rs:274,Make local/mock/Ollama/provider routes honest; prevent local=>mock fallback without explicit degradation and support-label change.,Make local/mock/Ollama/provider routes honest; prevent local=>mock fallback without explicit degradation and support-label change.,Phase 06 provider honesty,open,"Not all rows are reproduced runtime bugs; matrix intentionally includes confirmed defects, hardening risks, and missing hostile/conformance proofs."
AHD-0250,High,High-confidence hardening risk,Prior audit normalized,Provider route & local/mocking honesty,v11A Execution Evidence / Support Profile,crates/aidens-runner/src/lib.rs,Parser fallback for tool calls needs stronger disclosure than native tool-call paths. Scope variant 2: apply to crates/aidens-runner/src/lib.rs and adjacent caller/callee surfaces.,"Risk that provider mode, provider route, and actual behavior disagree.",local scan: Ollama provider surface in aidens-provider-kit/src/lib.rs:247-420,Make local/mock/Ollama/provider routes honest; prevent local=>mock fallback without explicit degradation and support-label change.,Make local/mock/Ollama/provider routes honest; prevent local=>mock fallback without explicit degradation and support-label change.,Phase 06 provider honesty,open,"Not all rows are reproduced runtime bugs; matrix intentionally includes confirmed defects, hardening risks, and missing hostile/conformance proofs."
AHD-0251,Medium,Conformance/test gap,Prior audit normalized,Provider route & local/mocking honesty,v11A Execution Evidence / Support Profile,crates/aidens-cli/src/lib.rs,"Local provider mode can map to mock behavior, creating support-profile dishonesty. Scope variant 3: apply to crates/aidens-cli/src/lib.rs and adjacent caller/callee surfaces.","Risk that provider mode, provider route, and actual behavior disagree.",local scan: AgentProviderModeV1::Local maps to mock at aidens-runner/src/lib.rs:274,Make local/mock/Ollama/provider routes honest; prevent local=>mock fallback without explicit degradation and support-label change.,Make local/mock/Ollama/provider routes honest; prevent local=>mock fallback without explicit degradation and support-label change.,Phase 06 provider honesty,open,"Not all rows are reproduced runtime bugs; matrix intentionally includes confirmed defects, hardening risks, and missing hostile/conformance proofs."
AHD-0252,Critical,Confirmed source pattern,Prior audit normalized,Provider route & local/mocking honesty,v11A Execution Evidence / Support Profile,crates/aidens-provider-kit/src/lib.rs,Mock provider paths can appear as successful runs without sufficiently sharp exactness/degradation labeling. Scope variant 3: apply to crates/aidens-provider-kit/src/lib.rs and adjacent caller/callee surfaces.,"Risk that provider mode, provider route, and actual behavior disagree.",local scan: Ollama provider surface in aidens-provider-kit/src/lib.rs:247-420,Make local/mock/Ollama/provider routes honest; prevent local=>mock fallback without explicit degradation and support-label change.,Make local/mock/Ollama/provider routes honest; prevent local=>mock fallback without explicit degradation and support-label change.,Phase 06 provider honesty,open,"Not all rows are reproduced runtime bugs; matrix intentionally includes confirmed defects, hardening risks, and missing hostile/conformance proofs."
AHD-0253,High,High-confidence hardening risk,Prior audit normalized,Provider route & local/mocking honesty,v11A Execution Evidence / Support Profile,crates/aidens-runner/src/lib.rs,Ollama provider does not prove native tool schema/tool-result loop parity. Scope variant 3: apply to crates/aidens-runner/src/lib.rs and adjacent caller/callee surfaces.,"Risk that provider mode, provider route, and actual behavior disagree.",local scan: AgentProviderModeV1::Local maps to mock at aidens-runner/src/lib.rs:274,Make local/mock/Ollama/provider routes honest; prevent local=>mock fallback without explicit degradation and support-label change.,Make local/mock/Ollama/provider routes honest; prevent local=>mock fallback without explicit degradation and support-label change.,Phase 06 provider honesty,open,"Not all rows are reproduced runtime bugs; matrix intentionally includes confirmed defects, hardening risks, and missing hostile/conformance proofs."
AHD-0254,Medium,Conformance/test gap,Prior audit normalized,Provider route & local/mocking honesty,v11A Execution Evidence / Support Profile,crates/aidens-cli/src/lib.rs,Provider route fallback can change execution semantics without a strong rejected-alternatives receipt. Scope variant 3: apply to crates/aidens-cli/src/lib.rs and adjacent caller/callee surfaces.,"Risk that provider mode, provider route, and actual behavior disagree.",local scan: Ollama provider surface in aidens-provider-kit/src/lib.rs:247-420,Make local/mock/Ollama/provider routes honest; prevent local=>mock fallback without explicit degradation and support-label change.,Make local/mock/Ollama/provider routes honest; prevent local=>mock fallback without explicit degradation and support-label change.,Phase 06 provider honesty,open,"Not all rows are reproduced runtime bugs; matrix intentionally includes confirmed defects, hardening risks, and missing hostile/conformance proofs."
AHD-0255,Critical,Confirmed source pattern,Prior audit normalized,Provider route & local/mocking honesty,v11A Execution Evidence / Support Profile,crates/aidens-provider-kit/src/lib.rs,Provider endpoint policy does not prove local-only network behavior for local providers. Scope variant 3: apply to crates/aidens-provider-kit/src/lib.rs and adjacent caller/callee surfaces.,"Risk that provider mode, provider route, and actual behavior disagree.",local scan: AgentProviderModeV1::Local maps to mock at aidens-runner/src/lib.rs:274,Make local/mock/Ollama/provider routes honest; prevent local=>mock fallback without explicit degradation and support-label change.,Make local/mock/Ollama/provider routes honest; prevent local=>mock fallback without explicit degradation and support-label change.,Phase 06 provider honesty,open,"Not all rows are reproduced runtime bugs; matrix intentionally includes confirmed defects, hardening risks, and missing hostile/conformance proofs."
AHD-0256,High,High-confidence hardening risk,Prior audit normalized,Provider route & local/mocking honesty,v11A Execution Evidence / Support Profile,crates/aidens-runner/src/lib.rs,Provider timeout is not consistently derived from the run budget/deadline. Scope variant 3: apply to crates/aidens-runner/src/lib.rs and adjacent caller/callee surfaces.,"Risk that provider mode, provider route, and actual behavior disagree.",local scan: Ollama provider surface in aidens-provider-kit/src/lib.rs:247-420,Make local/mock/Ollama/provider routes honest; prevent local=>mock fallback without explicit degradation and support-label change.,Make local/mock/Ollama/provider routes honest; prevent local=>mock fallback without explicit degradation and support-label change.,Phase 06 provider honesty,open,"Not all rows are reproduced runtime bugs; matrix intentionally includes confirmed defects, hardening risks, and missing hostile/conformance proofs."
AHD-0257,Medium,Conformance/test gap,Prior audit normalized,Provider route & local/mocking honesty,v11A Execution Evidence / Support Profile,crates/aidens-cli/src/lib.rs,Provider readiness is not always live capability truth. Scope variant 3: apply to crates/aidens-cli/src/lib.rs and adjacent caller/callee surfaces.,"Risk that provider mode, provider route, and actual behavior disagree.",local scan: AgentProviderModeV1::Local maps to mock at aidens-runner/src/lib.rs:274,Make local/mock/Ollama/provider routes honest; prevent local=>mock fallback without explicit degradation and support-label change.,Make local/mock/Ollama/provider routes honest; prevent local=>mock fallback without explicit degradation and support-label change.,Phase 06 provider honesty,open,"Not all rows are reproduced runtime bugs; matrix intentionally includes confirmed defects, hardening risks, and missing hostile/conformance proofs."
AHD-0258,Critical,Confirmed source pattern,Prior audit normalized,Provider route & local/mocking honesty,v11A Execution Evidence / Support Profile,crates/aidens-provider-kit/src/lib.rs,Provider model/version/digest fingerprint is insufficient for replay-grade receipts. Scope variant 3: apply to crates/aidens-provider-kit/src/lib.rs and adjacent caller/callee surfaces.,"Risk that provider mode, provider route, and actual behavior disagree.",local scan: Ollama provider surface in aidens-provider-kit/src/lib.rs:247-420,Make local/mock/Ollama/provider routes honest; prevent local=>mock fallback without explicit degradation and support-label change.,Make local/mock/Ollama/provider routes honest; prevent local=>mock fallback without explicit degradation and support-label change.,Phase 06 provider honesty,open,"Not all rows are reproduced runtime bugs; matrix intentionally includes confirmed defects, hardening risks, and missing hostile/conformance proofs."
AHD-0259,High,High-confidence hardening risk,Prior audit normalized,Provider route & local/mocking honesty,v11A Execution Evidence / Support Profile,crates/aidens-runner/src/lib.rs,Tool-output redaction/capping before model reinjection is not proven in every provider mode. Scope variant 3: apply to crates/aidens-runner/src/lib.rs and adjacent caller/callee surfaces.,"Risk that provider mode, provider route, and actual behavior disagree.",local scan: AgentProviderModeV1::Local maps to mock at aidens-runner/src/lib.rs:274,Make local/mock/Ollama/provider routes honest; prevent local=>mock fallback without explicit degradation and support-label change.,Make local/mock/Ollama/provider routes honest; prevent local=>mock fallback without explicit degradation and support-label change.,Phase 06 provider honesty,open,"Not all rows are reproduced runtime bugs; matrix intentionally includes confirmed defects, hardening risks, and missing hostile/conformance proofs."
AHD-0260,Medium,Conformance/test gap,Prior audit normalized,Provider route & local/mocking honesty,v11A Execution Evidence / Support Profile,crates/aidens-cli/src/lib.rs,Parser fallback for tool calls needs stronger disclosure than native tool-call paths. Scope variant 3: apply to crates/aidens-cli/src/lib.rs and adjacent caller/callee surfaces.,"Risk that provider mode, provider route, and actual behavior disagree.",local scan: Ollama provider surface in aidens-provider-kit/src/lib.rs:247-420,Make local/mock/Ollama/provider routes honest; prevent local=>mock fallback without explicit degradation and support-label change.,Make local/mock/Ollama/provider routes honest; prevent local=>mock fallback without explicit degradation and support-label change.,Phase 06 provider honesty,open,"Not all rows are reproduced runtime bugs; matrix intentionally includes confirmed defects, hardening risks, and missing hostile/conformance proofs."
AHD-0261,Critical,Confirmed source pattern,Prior audit normalized,Provider route & local/mocking honesty,v11A Execution Evidence / Support Profile,crates/aidens-provider-kit/src/lib.rs,"Local provider mode can map to mock behavior, creating support-profile dishonesty. Scope variant 4: apply to crates/aidens-provider-kit/src/lib.rs and adjacent caller/callee surfaces.","Risk that provider mode, provider route, and actual behavior disagree.",local scan: AgentProviderModeV1::Local maps to mock at aidens-runner/src/lib.rs:274,Make local/mock/Ollama/provider routes honest; prevent local=>mock fallback without explicit degradation and support-label change.,Make local/mock/Ollama/provider routes honest; prevent local=>mock fallback without explicit degradation and support-label change.,Phase 06 provider honesty,open,"Not all rows are reproduced runtime bugs; matrix intentionally includes confirmed defects, hardening risks, and missing hostile/conformance proofs."
AHD-0262,High,High-confidence hardening risk,Prior audit normalized,Provider route & local/mocking honesty,v11A Execution Evidence / Support Profile,crates/aidens-runner/src/lib.rs,Mock provider paths can appear as successful runs without sufficiently sharp exactness/degradation labeling. Scope variant 4: apply to crates/aidens-runner/src/lib.rs and adjacent caller/callee surfaces.,"Risk that provider mode, provider route, and actual behavior disagree.",local scan: Ollama provider surface in aidens-provider-kit/src/lib.rs:247-420,Make local/mock/Ollama/provider routes honest; prevent local=>mock fallback without explicit degradation and support-label change.,Make local/mock/Ollama/provider routes honest; prevent local=>mock fallback without explicit degradation and support-label change.,Phase 06 provider honesty,open,"Not all rows are reproduced runtime bugs; matrix intentionally includes confirmed defects, hardening risks, and missing hostile/conformance proofs."
AHD-0263,Medium,Conformance/test gap,Prior audit normalized,Provider route & local/mocking honesty,v11A Execution Evidence / Support Profile,crates/aidens-cli/src/lib.rs,Ollama provider does not prove native tool schema/tool-result loop parity. Scope variant 4: apply to crates/aidens-cli/src/lib.rs and adjacent caller/callee surfaces.,"Risk that provider mode, provider route, and actual behavior disagree.",local scan: AgentProviderModeV1::Local maps to mock at aidens-runner/src/lib.rs:274,Make local/mock/Ollama/provider routes honest; prevent local=>mock fallback without explicit degradation and support-label change.,Make local/mock/Ollama/provider routes honest; prevent local=>mock fallback without explicit degradation and support-label change.,Phase 06 provider honesty,open,"Not all rows are reproduced runtime bugs; matrix intentionally includes confirmed defects, hardening risks, and missing hostile/conformance proofs."
AHD-0264,Critical,Confirmed source pattern,Prior audit normalized,Provider route & local/mocking honesty,v11A Execution Evidence / Support Profile,crates/aidens-provider-kit/src/lib.rs,Provider route fallback can change execution semantics without a strong rejected-alternatives receipt. Scope variant 4: apply to crates/aidens-provider-kit/src/lib.rs and adjacent caller/callee surfaces.,"Risk that provider mode, provider route, and actual behavior disagree.",local scan: Ollama provider surface in aidens-provider-kit/src/lib.rs:247-420,Make local/mock/Ollama/provider routes honest; prevent local=>mock fallback without explicit degradation and support-label change.,Make local/mock/Ollama/provider routes honest; prevent local=>mock fallback without explicit degradation and support-label change.,Phase 06 provider honesty,open,"Not all rows are reproduced runtime bugs; matrix intentionally includes confirmed defects, hardening risks, and missing hostile/conformance proofs."
AHD-0265,High,High-confidence hardening risk,Prior audit normalized,Provider route & local/mocking honesty,v11A Execution Evidence / Support Profile,crates/aidens-runner/src/lib.rs,Provider endpoint policy does not prove local-only network behavior for local providers. Scope variant 4: apply to crates/aidens-runner/src/lib.rs and adjacent caller/callee surfaces.,"Risk that provider mode, provider route, and actual behavior disagree.",local scan: AgentProviderModeV1::Local maps to mock at aidens-runner/src/lib.rs:274,Make local/mock/Ollama/provider routes honest; prevent local=>mock fallback without explicit degradation and support-label change.,Make local/mock/Ollama/provider routes honest; prevent local=>mock fallback without explicit degradation and support-label change.,Phase 06 provider honesty,open,"Not all rows are reproduced runtime bugs; matrix intentionally includes confirmed defects, hardening risks, and missing hostile/conformance proofs."
AHD-0266,Medium,Conformance/test gap,Prior audit normalized,Provider route & local/mocking honesty,v11A Execution Evidence / Support Profile,crates/aidens-cli/src/lib.rs,Provider timeout is not consistently derived from the run budget/deadline. Scope variant 4: apply to crates/aidens-cli/src/lib.rs and adjacent caller/callee surfaces.,"Risk that provider mode, provider route, and actual behavior disagree.",local scan: Ollama provider surface in aidens-provider-kit/src/lib.rs:247-420,Make local/mock/Ollama/provider routes honest; prevent local=>mock fallback without explicit degradation and support-label change.,Make local/mock/Ollama/provider routes honest; prevent local=>mock fallback without explicit degradation and support-label change.,Phase 06 provider honesty,open,"Not all rows are reproduced runtime bugs; matrix intentionally includes confirmed defects, hardening risks, and missing hostile/conformance proofs."
AHD-0267,Critical,Confirmed source pattern,Prior audit normalized,Provider route & local/mocking honesty,v11A Execution Evidence / Support Profile,crates/aidens-provider-kit/src/lib.rs,Provider readiness is not always live capability truth. Scope variant 4: apply to crates/aidens-provider-kit/src/lib.rs and adjacent caller/callee surfaces.,"Risk that provider mode, provider route, and actual behavior disagree.",local scan: AgentProviderModeV1::Local maps to mock at aidens-runner/src/lib.rs:274,Make local/mock/Ollama/provider routes honest; prevent local=>mock fallback without explicit degradation and support-label change.,Make local/mock/Ollama/provider routes honest; prevent local=>mock fallback without explicit degradation and support-label change.,Phase 06 provider honesty,open,"Not all rows are reproduced runtime bugs; matrix intentionally includes confirmed defects, hardening risks, and missing hostile/conformance proofs."
AHD-0268,High,High-confidence hardening risk,Prior audit normalized,Provider route & local/mocking honesty,v11A Execution Evidence / Support Profile,crates/aidens-runner/src/lib.rs,Provider model/version/digest fingerprint is insufficient for replay-grade receipts. Scope variant 4: apply to crates/aidens-runner/src/lib.rs and adjacent caller/callee surfaces.,"Risk that provider mode, provider route, and actual behavior disagree.",local scan: Ollama provider surface in aidens-provider-kit/src/lib.rs:247-420,Make local/mock/Ollama/provider routes honest; prevent local=>mock fallback without explicit degradation and support-label change.,Make local/mock/Ollama/provider routes honest; prevent local=>mock fallback without explicit degradation and support-label change.,Phase 06 provider honesty,open,"Not all rows are reproduced runtime bugs; matrix intentionally includes confirmed defects, hardening risks, and missing hostile/conformance proofs."
AHD-0269,Medium,Conformance/test gap,Prior audit normalized,Provider route & local/mocking honesty,v11A Execution Evidence / Support Profile,crates/aidens-cli/src/lib.rs,Tool-output redaction/capping before model reinjection is not proven in every provider mode. Scope variant 4: apply to crates/aidens-cli/src/lib.rs and adjacent caller/callee surfaces.,"Risk that provider mode, provider route, and actual behavior disagree.",local scan: AgentProviderModeV1::Local maps to mock at aidens-runner/src/lib.rs:274,Make local/mock/Ollama/provider routes honest; prevent local=>mock fallback without explicit degradation and support-label change.,Make local/mock/Ollama/provider routes honest; prevent local=>mock fallback without explicit degradation and support-label change.,Phase 06 provider honesty,open,"Not all rows are reproduced runtime bugs; matrix intentionally includes confirmed defects, hardening risks, and missing hostile/conformance proofs."
AHD-0270,Critical,Confirmed source pattern,Prior audit normalized,Provider route & local/mocking honesty,v11A Execution Evidence / Support Profile,crates/aidens-provider-kit/src/lib.rs,Parser fallback for tool calls needs stronger disclosure than native tool-call paths. Scope variant 4: apply to crates/aidens-provider-kit/src/lib.rs and adjacent caller/callee surfaces.,"Risk that provider mode, provider route, and actual behavior disagree.",local scan: Ollama provider surface in aidens-provider-kit/src/lib.rs:247-420,Make local/mock/Ollama/provider routes honest; prevent local=>mock fallback without explicit degradation and support-label change.,Make local/mock/Ollama/provider routes honest; prevent local=>mock fallback without explicit degradation and support-label change.,Phase 06 provider honesty,open,"Not all rows are reproduced runtime bugs; matrix intentionally includes confirmed defects, hardening risks, and missing hostile/conformance proofs."
AHD-0271,High,High-confidence hardening risk,Prior audit normalized,Provider route & local/mocking honesty,v11A Execution Evidence / Support Profile,crates/aidens-runner/src/lib.rs,"Local provider mode can map to mock behavior, creating support-profile dishonesty. Scope variant 5: apply to crates/aidens-runner/src/lib.rs and adjacent caller/callee surfaces.","Risk that provider mode, provider route, and actual behavior disagree.",local scan: AgentProviderModeV1::Local maps to mock at aidens-runner/src/lib.rs:274,Make local/mock/Ollama/provider routes honest; prevent local=>mock fallback without explicit degradation and support-label change.,Make local/mock/Ollama/provider routes honest; prevent local=>mock fallback without explicit degradation and support-label change.,Phase 06 provider honesty,open,"Not all rows are reproduced runtime bugs; matrix intentionally includes confirmed defects, hardening risks, and missing hostile/conformance proofs."
AHD-0272,Medium,Conformance/test gap,Prior audit normalized,Provider route & local/mocking honesty,v11A Execution Evidence / Support Profile,crates/aidens-cli/src/lib.rs,Mock provider paths can appear as successful runs without sufficiently sharp exactness/degradation labeling. Scope variant 5: apply to crates/aidens-cli/src/lib.rs and adjacent caller/callee surfaces.,"Risk that provider mode, provider route, and actual behavior disagree.",local scan: Ollama provider surface in aidens-provider-kit/src/lib.rs:247-420,Make local/mock/Ollama/provider routes honest; prevent local=>mock fallback without explicit degradation and support-label change.,Make local/mock/Ollama/provider routes honest; prevent local=>mock fallback without explicit degradation and support-label change.,Phase 06 provider honesty,open,"Not all rows are reproduced runtime bugs; matrix intentionally includes confirmed defects, hardening risks, and missing hostile/conformance proofs."
AHD-0273,Critical,Confirmed source pattern,Prior audit normalized,Provider route & local/mocking honesty,v11A Execution Evidence / Support Profile,crates/aidens-provider-kit/src/lib.rs,Ollama provider does not prove native tool schema/tool-result loop parity. Scope variant 5: apply to crates/aidens-provider-kit/src/lib.rs and adjacent caller/callee surfaces.,"Risk that provider mode, provider route, and actual behavior disagree.",local scan: AgentProviderModeV1::Local maps to mock at aidens-runner/src/lib.rs:274,Make local/mock/Ollama/provider routes honest; prevent local=>mock fallback without explicit degradation and support-label change.,Make local/mock/Ollama/provider routes honest; prevent local=>mock fallback without explicit degradation and support-label change.,Phase 06 provider honesty,open,"Not all rows are reproduced runtime bugs; matrix intentionally includes confirmed defects, hardening risks, and missing hostile/conformance proofs."
AHD-0274,High,High-confidence hardening risk,Prior audit normalized,Provider route & local/mocking honesty,v11A Execution Evidence / Support Profile,crates/aidens-runner/src/lib.rs,Provider route fallback can change execution semantics without a strong rejected-alternatives receipt. Scope variant 5: apply to crates/aidens-runner/src/lib.rs and adjacent caller/callee surfaces.,"Risk that provider mode, provider route, and actual behavior disagree.",local scan: Ollama provider surface in aidens-provider-kit/src/lib.rs:247-420,Make local/mock/Ollama/provider routes honest; prevent local=>mock fallback without explicit degradation and support-label change.,Make local/mock/Ollama/provider routes honest; prevent local=>mock fallback without explicit degradation and support-label change.,Phase 06 provider honesty,open,"Not all rows are reproduced runtime bugs; matrix intentionally includes confirmed defects, hardening risks, and missing hostile/conformance proofs."
AHD-0275,Medium,Conformance/test gap,Prior audit normalized,Provider route & local/mocking honesty,v11A Execution Evidence / Support Profile,crates/aidens-cli/src/lib.rs,Provider endpoint policy does not prove local-only network behavior for local providers. Scope variant 5: apply to crates/aidens-cli/src/lib.rs and adjacent caller/callee surfaces.,"Risk that provider mode, provider route, and actual behavior disagree.",local scan: AgentProviderModeV1::Local maps to mock at aidens-runner/src/lib.rs:274,Make local/mock/Ollama/provider routes honest; prevent local=>mock fallback without explicit degradation and support-label change.,Make local/mock/Ollama/provider routes honest; prevent local=>mock fallback without explicit degradation and support-label change.,Phase 06 provider honesty,open,"Not all rows are reproduced runtime bugs; matrix intentionally includes confirmed defects, hardening risks, and missing hostile/conformance proofs."
AHD-0276,Critical,Confirmed source pattern,Prior audit normalized,Provider route & local/mocking honesty,v11A Execution Evidence / Support Profile,crates/aidens-provider-kit/src/lib.rs,Provider timeout is not consistently derived from the run budget/deadline. Scope variant 5: apply to crates/aidens-provider-kit/src/lib.rs and adjacent caller/callee surfaces.,"Risk that provider mode, provider route, and actual behavior disagree.",local scan: Ollama provider surface in aidens-provider-kit/src/lib.rs:247-420,Make local/mock/Ollama/provider routes honest; prevent local=>mock fallback without explicit degradation and support-label change.,Make local/mock/Ollama/provider routes honest; prevent local=>mock fallback without explicit degradation and support-label change.,Phase 06 provider honesty,open,"Not all rows are reproduced runtime bugs; matrix intentionally includes confirmed defects, hardening risks, and missing hostile/conformance proofs."
AHD-0277,High,High-confidence hardening risk,Prior audit normalized,Provider route & local/mocking honesty,v11A Execution Evidence / Support Profile,crates/aidens-runner/src/lib.rs,Provider readiness is not always live capability truth. Scope variant 5: apply to crates/aidens-runner/src/lib.rs and adjacent caller/callee surfaces.,"Risk that provider mode, provider route, and actual behavior disagree.",local scan: AgentProviderModeV1::Local maps to mock at aidens-runner/src/lib.rs:274,Make local/mock/Ollama/provider routes honest; prevent local=>mock fallback without explicit degradation and support-label change.,Make local/mock/Ollama/provider routes honest; prevent local=>mock fallback without explicit degradation and support-label change.,Phase 06 provider honesty,open,"Not all rows are reproduced runtime bugs; matrix intentionally includes confirmed defects, hardening risks, and missing hostile/conformance proofs."
AHD-0278,Medium,Conformance/test gap,Prior audit normalized,Provider route & local/mocking honesty,v11A Execution Evidence / Support Profile,crates/aidens-cli/src/lib.rs,Provider model/version/digest fingerprint is insufficient for replay-grade receipts. Scope variant 5: apply to crates/aidens-cli/src/lib.rs and adjacent caller/callee surfaces.,"Risk that provider mode, provider route, and actual behavior disagree.",local scan: Ollama provider surface in aidens-provider-kit/src/lib.rs:247-420,Make local/mock/Ollama/provider routes honest; prevent local=>mock fallback without explicit degradation and support-label change.,Make local/mock/Ollama/provider routes honest; prevent local=>mock fallback without explicit degradation and support-label change.,Phase 06 provider honesty,open,"Not all rows are reproduced runtime bugs; matrix intentionally includes confirmed defects, hardening risks, and missing hostile/conformance proofs."
AHD-0279,Critical,Confirmed source pattern,Prior audit normalized,Provider route & local/mocking honesty,v11A Execution Evidence / Support Profile,crates/aidens-provider-kit/src/lib.rs,Tool-output redaction/capping before model reinjection is not proven in every provider mode. Scope variant 5: apply to crates/aidens-provider-kit/src/lib.rs and adjacent caller/callee surfaces.,"Risk that provider mode, provider route, and actual behavior disagree.",local scan: AgentProviderModeV1::Local maps to mock at aidens-runner/src/lib.rs:274,Make local/mock/Ollama/provider routes honest; prevent local=>mock fallback without explicit degradation and support-label change.,Make local/mock/Ollama/provider routes honest; prevent local=>mock fallback without explicit degradation and support-label change.,Phase 06 provider honesty,open,"Not all rows are reproduced runtime bugs; matrix intentionally includes confirmed defects, hardening risks, and missing hostile/conformance proofs."
AHD-0280,High,High-confidence hardening risk,Prior audit normalized,Provider route & local/mocking honesty,v11A Execution Evidence / Support Profile,crates/aidens-runner/src/lib.rs,Parser fallback for tool calls needs stronger disclosure than native tool-call paths. Scope variant 5: apply to crates/aidens-runner/src/lib.rs and adjacent caller/callee surfaces.,"Risk that provider mode, provider route, and actual behavior disagree.",local scan: Ollama provider surface in aidens-provider-kit/src/lib.rs:247-420,Make local/mock/Ollama/provider routes honest; prevent local=>mock fallback without explicit degradation and support-label change.,Make local/mock/Ollama/provider routes honest; prevent local=>mock fallback without explicit degradation and support-label change.,Phase 06 provider honesty,open,"Not all rows are reproduced runtime bugs; matrix intentionally includes confirmed defects, hardening risks, and missing hostile/conformance proofs."
AHD-0281,Medium,Conformance/test gap,Prior audit normalized,Provider route & local/mocking honesty,v11A Execution Evidence / Support Profile,crates/aidens-cli/src/lib.rs,"Local provider mode can map to mock behavior, creating support-profile dishonesty. Scope variant 6: apply to crates/aidens-cli/src/lib.rs and adjacent caller/callee surfaces.","Risk that provider mode, provider route, and actual behavior disagree.",local scan: AgentProviderModeV1::Local maps to mock at aidens-runner/src/lib.rs:274,Make local/mock/Ollama/provider routes honest; prevent local=>mock fallback without explicit degradation and support-label change.,Make local/mock/Ollama/provider routes honest; prevent local=>mock fallback without explicit degradation and support-label change.,Phase 06 provider honesty,open,"Not all rows are reproduced runtime bugs; matrix intentionally includes confirmed defects, hardening risks, and missing hostile/conformance proofs."
AHD-0282,Critical,Confirmed source pattern,Prior audit normalized,Provider route & local/mocking honesty,v11A Execution Evidence / Support Profile,crates/aidens-provider-kit/src/lib.rs,Mock provider paths can appear as successful runs without sufficiently sharp exactness/degradation labeling. Scope variant 6: apply to crates/aidens-provider-kit/src/lib.rs and adjacent caller/callee surfaces.,"Risk that provider mode, provider route, and actual behavior disagree.",local scan: Ollama provider surface in aidens-provider-kit/src/lib.rs:247-420,Make local/mock/Ollama/provider routes honest; prevent local=>mock fallback without explicit degradation and support-label change.,Make local/mock/Ollama/provider routes honest; prevent local=>mock fallback without explicit degradation and support-label change.,Phase 06 provider honesty,open,"Not all rows are reproduced runtime bugs; matrix intentionally includes confirmed defects, hardening risks, and missing hostile/conformance proofs."
AHD-0283,High,High-confidence hardening risk,Prior audit normalized,Provider route & local/mocking honesty,v11A Execution Evidence / Support Profile,crates/aidens-runner/src/lib.rs,Ollama provider does not prove native tool schema/tool-result loop parity. Scope variant 6: apply to crates/aidens-runner/src/lib.rs and adjacent caller/callee surfaces.,"Risk that provider mode, provider route, and actual behavior disagree.",local scan: AgentProviderModeV1::Local maps to mock at aidens-runner/src/lib.rs:274,Make local/mock/Ollama/provider routes honest; prevent local=>mock fallback without explicit degradation and support-label change.,Make local/mock/Ollama/provider routes honest; prevent local=>mock fallback without explicit degradation and support-label change.,Phase 06 provider honesty,open,"Not all rows are reproduced runtime bugs; matrix intentionally includes confirmed defects, hardening risks, and missing hostile/conformance proofs."
AHD-0284,Medium,Conformance/test gap,Prior audit normalized,Provider route & local/mocking honesty,v11A Execution Evidence / Support Profile,crates/aidens-cli/src/lib.rs,Provider route fallback can change execution semantics without a strong rejected-alternatives receipt. Scope variant 6: apply to crates/aidens-cli/src/lib.rs and adjacent caller/callee surfaces.,"Risk that provider mode, provider route, and actual behavior disagree.",local scan: Ollama provider surface in aidens-provider-kit/src/lib.rs:247-420,Make local/mock/Ollama/provider routes honest; prevent local=>mock fallback without explicit degradation and support-label change.,Make local/mock/Ollama/provider routes honest; prevent local=>mock fallback without explicit degradation and support-label change.,Phase 06 provider honesty,open,"Not all rows are reproduced runtime bugs; matrix intentionally includes confirmed defects, hardening risks, and missing hostile/conformance proofs."
AHD-0285,Critical,Confirmed source pattern,Prior audit normalized,Provider route & local/mocking honesty,v11A Execution Evidence / Support Profile,crates/aidens-provider-kit/src/lib.rs,Provider endpoint policy does not prove local-only network behavior for local providers. Scope variant 6: apply to crates/aidens-provider-kit/src/lib.rs and adjacent caller/callee surfaces.,"Risk that provider mode, provider route, and actual behavior disagree.",local scan: AgentProviderModeV1::Local maps to mock at aidens-runner/src/lib.rs:274,Make local/mock/Ollama/provider routes honest; prevent local=>mock fallback without explicit degradation and support-label change.,Make local/mock/Ollama/provider routes honest; prevent local=>mock fallback without explicit degradation and support-label change.,Phase 06 provider honesty,open,"Not all rows are reproduced runtime bugs; matrix intentionally includes confirmed defects, hardening risks, and missing hostile/conformance proofs."
AHD-0286,Critical,Confirmed source pattern,Prior audit normalized,"Receipts, event logs, durability & replay",v11A Execution Evidence / Artifact Lifecycle,crates/aidens-receipts/src/lib.rs,Receipt/event append path is not proven single-writer or file-lock protected.,"Risk that receipts are not durable, ordered, tamper-evident, or replay-linked.",local scan: OpenOptions append in aidens-receipts/src/lib.rs:266/524/602/620,"Introduce file locking/single-writer logs, atomic writes, fsync, hash-chain verification, corruption quarantine, and no done without receipts.","Introduce file locking/single-writer logs, atomic writes, fsync, hash-chain verification, corruption quarantine, and no done without receipts.",Phase 01 receipt/log durability,open,"Not all rows are reproduced runtime bugs; matrix intentionally includes confirmed defects, hardening risks, and missing hostile/conformance proofs."
AHD-0287,High,High-confidence hardening risk,Prior audit normalized,"Receipts, event logs, durability & replay",v11A Execution Evidence / Artifact Lifecycle,crates/aidens-runner/src/lib.rs,Sequence numbers and previous digests can race under concurrent append.,"Risk that receipts are not durable, ordered, tamper-evident, or replay-linked.",local scan: receipt term count 3177; direct writes to final files detected,"Introduce file locking/single-writer logs, atomic writes, fsync, hash-chain verification, corruption quarantine, and no done without receipts.","Introduce file locking/single-writer logs, atomic writes, fsync, hash-chain verification, corruption quarantine, and no done without receipts.",Phase 01 receipt/log durability,open,"Not all rows are reproduced runtime bugs; matrix intentionally includes confirmed defects, hardening risks, and missing hostile/conformance proofs."
AHD-0288,High,Conformance/test gap,Prior audit normalized,"Receipts, event logs, durability & replay",v11A Execution Evidence / Artifact Lifecycle,crates/aidens-cli/src/agent.rs,Direct file writes can create visible artifacts before all receipt records exist.,"Risk that receipts are not durable, ordered, tamper-evident, or replay-linked.",local scan: OpenOptions append in aidens-receipts/src/lib.rs:266/524/602/620,"Introduce file locking/single-writer logs, atomic writes, fsync, hash-chain verification, corruption quarantine, and no done without receipts.","Introduce file locking/single-writer logs, atomic writes, fsync, hash-chain verification, corruption quarantine, and no done without receipts.",Phase 01 receipt/log durability,open,"Not all rows are reproduced runtime bugs; matrix intentionally includes confirmed defects, hardening risks, and missing hostile/conformance proofs."
AHD-0289,Medium,Confirmed source pattern,Prior audit normalized,"Receipts, event logs, durability & replay",v11A Execution Evidence / Artifact Lifecycle,crates/aidens-receipts/src/lib.rs,Corrupt trailing NDJSON/event records can poison the whole log instead of entering quarantine.,"Risk that receipts are not durable, ordered, tamper-evident, or replay-linked.",local scan: receipt term count 3177; direct writes to final files detected,"Introduce file locking/single-writer logs, atomic writes, fsync, hash-chain verification, corruption quarantine, and no done without receipts.","Introduce file locking/single-writer logs, atomic writes, fsync, hash-chain verification, corruption quarantine, and no done without receipts.",Phase 01 receipt/log durability,open,"Not all rows are reproduced runtime bugs; matrix intentionally includes confirmed defects, hardening risks, and missing hostile/conformance proofs."
AHD-0290,Critical,High-confidence hardening risk,Prior audit normalized,"Receipts, event logs, durability & replay",v11A Execution Evidence / Artifact Lifecycle,crates/aidens-runner/src/lib.rs,Receipt inspection does not prove duplicate IDs are impossible or corruption-blocking.,"Risk that receipts are not durable, ordered, tamper-evident, or replay-linked.",local scan: OpenOptions append in aidens-receipts/src/lib.rs:266/524/602/620,"Introduce file locking/single-writer logs, atomic writes, fsync, hash-chain verification, corruption quarantine, and no done without receipts.","Introduce file locking/single-writer logs, atomic writes, fsync, hash-chain verification, corruption quarantine, and no done without receipts.",Phase 01 receipt/log durability,open,"Not all rows are reproduced runtime bugs; matrix intentionally includes confirmed defects, hardening risks, and missing hostile/conformance proofs."
AHD-0291,High,Conformance/test gap,Prior audit normalized,"Receipts, event logs, durability & replay",v11A Execution Evidence / Artifact Lifecycle,crates/aidens-cli/src/agent.rs,Replay handles are not complete structured manifests for every material run.,"Risk that receipts are not durable, ordered, tamper-evident, or replay-linked.",local scan: receipt term count 3177; direct writes to final files detected,"Introduce file locking/single-writer logs, atomic writes, fsync, hash-chain verification, corruption quarantine, and no done without receipts.","Introduce file locking/single-writer logs, atomic writes, fsync, hash-chain verification, corruption quarantine, and no done without receipts.",Phase 01 receipt/log durability,open,"Not all rows are reproduced runtime bugs; matrix intentionally includes confirmed defects, hardening risks, and missing hostile/conformance proofs."
AHD-0292,High,Confirmed source pattern,Prior audit normalized,"Receipts, event logs, durability & replay",v11A Execution Evidence / Artifact Lifecycle,crates/aidens-receipts/src/lib.rs,Canonical event log durability lacks explicit fsync and crash-consistency guarantees.,"Risk that receipts are not durable, ordered, tamper-evident, or replay-linked.",local scan: OpenOptions append in aidens-receipts/src/lib.rs:266/524/602/620,"Introduce file locking/single-writer logs, atomic writes, fsync, hash-chain verification, corruption quarantine, and no done without receipts.","Introduce file locking/single-writer logs, atomic writes, fsync, hash-chain verification, corruption quarantine, and no done without receipts.",Phase 01 receipt/log durability,open,"Not all rows are reproduced runtime bugs; matrix intentionally includes confirmed defects, hardening risks, and missing hostile/conformance proofs."
AHD-0293,Medium,High-confidence hardening risk,Prior audit normalized,"Receipts, event logs, durability & replay",v11A Execution Evidence / Artifact Lifecycle,crates/aidens-runner/src/lib.rs,Bundle store can leave orphan bundles if index append fails.,"Risk that receipts are not durable, ordered, tamper-evident, or replay-linked.",local scan: receipt term count 3177; direct writes to final files detected,"Introduce file locking/single-writer logs, atomic writes, fsync, hash-chain verification, corruption quarantine, and no done without receipts.","Introduce file locking/single-writer logs, atomic writes, fsync, hash-chain verification, corruption quarantine, and no done without receipts.",Phase 01 receipt/log durability,open,"Not all rows are reproduced runtime bugs; matrix intentionally includes confirmed defects, hardening risks, and missing hostile/conformance proofs."
AHD-0294,Critical,Conformance/test gap,Prior audit normalized,"Receipts, event logs, durability & replay",v11A Execution Evidence / Artifact Lifecycle,crates/aidens-cli/src/agent.rs,Material done state can be emitted before proof/degradation/receipt surfaces are complete.,"Risk that receipts are not durable, ordered, tamper-evident, or replay-linked.",local scan: OpenOptions append in aidens-receipts/src/lib.rs:266/524/602/620,"Introduce file locking/single-writer logs, atomic writes, fsync, hash-chain verification, corruption quarantine, and no done without receipts.","Introduce file locking/single-writer logs, atomic writes, fsync, hash-chain verification, corruption quarantine, and no done without receipts.",Phase 01 receipt/log durability,open,"Not all rows are reproduced runtime bugs; matrix intentionally includes confirmed defects, hardening risks, and missing hostile/conformance proofs."
AHD-0295,High,Confirmed source pattern,Prior audit normalized,"Receipts, event logs, durability & replay",v11A Execution Evidence / Artifact Lifecycle,crates/aidens-receipts/src/lib.rs,Receipt chains need tamper-evidence verification as a standard command/gate.,"Risk that receipts are not durable, ordered, tamper-evident, or replay-linked.",local scan: receipt term count 3177; direct writes to final files detected,"Introduce file locking/single-writer logs, atomic writes, fsync, hash-chain verification, corruption quarantine, and no done without receipts.","Introduce file locking/single-writer logs, atomic writes, fsync, hash-chain verification, corruption quarantine, and no done without receipts.",Phase 01 receipt/log durability,open,"Not all rows are reproduced runtime bugs; matrix intentionally includes confirmed defects, hardening risks, and missing hostile/conformance proofs."
AHD-0296,High,High-confidence hardening risk,Prior audit normalized,"Receipts, event logs, durability & replay",v11A Execution Evidence / Artifact Lifecycle,crates/aidens-runner/src/lib.rs,Receipt/event append path is not proven single-writer or file-lock protected. Scope variant 2: apply to crates/aidens-runner/src/lib.rs and adjacent caller/callee surfaces.,"Risk that receipts are not durable, ordered, tamper-evident, or replay-linked.",local scan: OpenOptions append in aidens-receipts/src/lib.rs:266/524/602/620,"Introduce file locking/single-writer logs, atomic writes, fsync, hash-chain verification, corruption quarantine, and no done without receipts.","Introduce file locking/single-writer logs, atomic writes, fsync, hash-chain verification, corruption quarantine, and no done without receipts.",Phase 01 receipt/log durability,open,"Not all rows are reproduced runtime bugs; matrix intentionally includes confirmed defects, hardening risks, and missing hostile/conformance proofs."
AHD-0297,Medium,Conformance/test gap,Prior audit normalized,"Receipts, event logs, durability & replay",v11A Execution Evidence / Artifact Lifecycle,crates/aidens-cli/src/agent.rs,Sequence numbers and previous digests can race under concurrent append. Scope variant 2: apply to crates/aidens-cli/src/agent.rs and adjacent caller/callee surfaces.,"Risk that receipts are not durable, ordered, tamper-evident, or replay-linked.",local scan: receipt term count 3177; direct writes to final files detected,"Introduce file locking/single-writer logs, atomic writes, fsync, hash-chain verification, corruption quarantine, and no done without receipts.","Introduce file locking/single-writer logs, atomic writes, fsync, hash-chain verification, corruption quarantine, and no done without receipts.",Phase 01 receipt/log durability,open,"Not all rows are reproduced runtime bugs; matrix intentionally includes confirmed defects, hardening risks, and missing hostile/conformance proofs."
AHD-0298,Critical,Confirmed source pattern,Prior audit normalized,"Receipts, event logs, durability & replay",v11A Execution Evidence / Artifact Lifecycle,crates/aidens-receipts/src/lib.rs,Direct file writes can create visible artifacts before all receipt records exist. Scope variant 2: apply to crates/aidens-receipts/src/lib.rs and adjacent caller/callee surfaces.,"Risk that receipts are not durable, ordered, tamper-evident, or replay-linked.",local scan: OpenOptions append in aidens-receipts/src/lib.rs:266/524/602/620,"Introduce file locking/single-writer logs, atomic writes, fsync, hash-chain verification, corruption quarantine, and no done without receipts.","Introduce file locking/single-writer logs, atomic writes, fsync, hash-chain verification, corruption quarantine, and no done without receipts.",Phase 01 receipt/log durability,open,"Not all rows are reproduced runtime bugs; matrix intentionally includes confirmed defects, hardening risks, and missing hostile/conformance proofs."
AHD-0299,High,High-confidence hardening risk,Prior audit normalized,"Receipts, event logs, durability & replay",v11A Execution Evidence / Artifact Lifecycle,crates/aidens-runner/src/lib.rs,Corrupt trailing NDJSON/event records can poison the whole log instead of entering quarantine. Scope variant 2: apply to crates/aidens-runner/src/lib.rs and adjacent caller/callee surfaces.,"Risk that receipts are not durable, ordered, tamper-evident, or replay-linked.",local scan: receipt term count 3177; direct writes to final files detected,"Introduce file locking/single-writer logs, atomic writes, fsync, hash-chain verification, corruption quarantine, and no done without receipts.","Introduce file locking/single-writer logs, atomic writes, fsync, hash-chain verification, corruption quarantine, and no done without receipts.",Phase 01 receipt/log durability,open,"Not all rows are reproduced runtime bugs; matrix intentionally includes confirmed defects, hardening risks, and missing hostile/conformance proofs."
AHD-0300,High,Conformance/test gap,Prior audit normalized,"Receipts, event logs, durability & replay",v11A Execution Evidence / Artifact Lifecycle,crates/aidens-cli/src/agent.rs,Receipt inspection does not prove duplicate IDs are impossible or corruption-blocking. Scope variant 2: apply to crates/aidens-cli/src/agent.rs and adjacent caller/callee surfaces.,"Risk that receipts are not durable, ordered, tamper-evident, or replay-linked.",local scan: OpenOptions append in aidens-receipts/src/lib.rs:266/524/602/620,"Introduce file locking/single-writer logs, atomic writes, fsync, hash-chain verification, corruption quarantine, and no done without receipts.","Introduce file locking/single-writer logs, atomic writes, fsync, hash-chain verification, corruption quarantine, and no done without receipts.",Phase 01 receipt/log durability,open,"Not all rows are reproduced runtime bugs; matrix intentionally includes confirmed defects, hardening risks, and missing hostile/conformance proofs."
AHD-0301,Medium,Confirmed source pattern,Prior audit normalized,"Receipts, event logs, durability & replay",v11A Execution Evidence / Artifact Lifecycle,crates/aidens-receipts/src/lib.rs,Replay handles are not complete structured manifests for every material run. Scope variant 2: apply to crates/aidens-receipts/src/lib.rs and adjacent caller/callee surfaces.,"Risk that receipts are not durable, ordered, tamper-evident, or replay-linked.",local scan: receipt term count 3177; direct writes to final files detected,"Introduce file locking/single-writer logs, atomic writes, fsync, hash-chain verification, corruption quarantine, and no done without receipts.","Introduce file locking/single-writer logs, atomic writes, fsync, hash-chain verification, corruption quarantine, and no done without receipts.",Phase 01 receipt/log durability,open,"Not all rows are reproduced runtime bugs; matrix intentionally includes confirmed defects, hardening risks, and missing hostile/conformance proofs."
AHD-0302,Critical,High-confidence hardening risk,Prior audit normalized,"Receipts, event logs, durability & replay",v11A Execution Evidence / Artifact Lifecycle,crates/aidens-runner/src/lib.rs,Canonical event log durability lacks explicit fsync and crash-consistency guarantees. Scope variant 2: apply to crates/aidens-runner/src/lib.rs and adjacent caller/callee surfaces.,"Risk that receipts are not durable, ordered, tamper-evident, or replay-linked.",local scan: OpenOptions append in aidens-receipts/src/lib.rs:266/524/602/620,"Introduce file locking/single-writer logs, atomic writes, fsync, hash-chain verification, corruption quarantine, and no done without receipts.","Introduce file locking/single-writer logs, atomic writes, fsync, hash-chain verification, corruption quarantine, and no done without receipts.",Phase 01 receipt/log durability,open,"Not all rows are reproduced runtime bugs; matrix intentionally includes confirmed defects, hardening risks, and missing hostile/conformance proofs."
AHD-0303,High,Conformance/test gap,Prior audit normalized,"Receipts, event logs, durability & replay",v11A Execution Evidence / Artifact Lifecycle,crates/aidens-cli/src/agent.rs,Bundle store can leave orphan bundles if index append fails. Scope variant 2: apply to crates/aidens-cli/src/agent.rs and adjacent caller/callee surfaces.,"Risk that receipts are not durable, ordered, tamper-evident, or replay-linked.",local scan: receipt term count 3177; direct writes to final files detected,"Introduce file locking/single-writer logs, atomic writes, fsync, hash-chain verification, corruption quarantine, and no done without receipts.","Introduce file locking/single-writer logs, atomic writes, fsync, hash-chain verification, corruption quarantine, and no done without receipts.",Phase 01 receipt/log durability,open,"Not all rows are reproduced runtime bugs; matrix intentionally includes confirmed defects, hardening risks, and missing hostile/conformance proofs."
AHD-0304,High,Confirmed source pattern,Prior audit normalized,"Receipts, event logs, durability & replay",v11A Execution Evidence / Artifact Lifecycle,crates/aidens-receipts/src/lib.rs,Material done state can be emitted before proof/degradation/receipt surfaces are complete. Scope variant 2: apply to crates/aidens-receipts/src/lib.rs and adjacent caller/callee surfaces.,"Risk that receipts are not durable, ordered, tamper-evident, or replay-linked.",local scan: OpenOptions append in aidens-receipts/src/lib.rs:266/524/602/620,"Introduce file locking/single-writer logs, atomic writes, fsync, hash-chain verification, corruption quarantine, and no done without receipts.","Introduce file locking/single-writer logs, atomic writes, fsync, hash-chain verification, corruption quarantine, and no done without receipts.",Phase 01 receipt/log durability,open,"Not all rows are reproduced runtime bugs; matrix intentionally includes confirmed defects, hardening risks, and missing hostile/conformance proofs."
AHD-0305,Medium,High-confidence hardening risk,Prior audit normalized,"Receipts, event logs, durability & replay",v11A Execution Evidence / Artifact Lifecycle,crates/aidens-runner/src/lib.rs,Receipt chains need tamper-evidence verification as a standard command/gate. Scope variant 2: apply to crates/aidens-runner/src/lib.rs and adjacent caller/callee surfaces.,"Risk that receipts are not durable, ordered, tamper-evident, or replay-linked.",local scan: receipt term count 3177; direct writes to final files detected,"Introduce file locking/single-writer logs, atomic writes, fsync, hash-chain verification, corruption quarantine, and no done without receipts.","Introduce file locking/single-writer logs, atomic writes, fsync, hash-chain verification, corruption quarantine, and no done without receipts.",Phase 01 receipt/log durability,open,"Not all rows are reproduced runtime bugs; matrix intentionally includes confirmed defects, hardening risks, and missing hostile/conformance proofs."
AHD-0306,Critical,Conformance/test gap,Prior audit normalized,"Receipts, event logs, durability & replay",v11A Execution Evidence / Artifact Lifecycle,crates/aidens-cli/src/agent.rs,Receipt/event append path is not proven single-writer or file-lock protected. Scope variant 3: apply to crates/aidens-cli/src/agent.rs and adjacent caller/callee surfaces.,"Risk that receipts are not durable, ordered, tamper-evident, or replay-linked.",local scan: OpenOptions append in aidens-receipts/src/lib.rs:266/524/602/620,"Introduce file locking/single-writer logs, atomic writes, fsync, hash-chain verification, corruption quarantine, and no done without receipts.","Introduce file locking/single-writer logs, atomic writes, fsync, hash-chain verification, corruption quarantine, and no done without receipts.",Phase 01 receipt/log durability,open,"Not all rows are reproduced runtime bugs; matrix intentionally includes confirmed defects, hardening risks, and missing hostile/conformance proofs."
AHD-0307,High,Confirmed source pattern,Prior audit normalized,"Receipts, event logs, durability & replay",v11A Execution Evidence / Artifact Lifecycle,crates/aidens-receipts/src/lib.rs,Sequence numbers and previous digests can race under concurrent append. Scope variant 3: apply to crates/aidens-receipts/src/lib.rs and adjacent caller/callee surfaces.,"Risk that receipts are not durable, ordered, tamper-evident, or replay-linked.",local scan: receipt term count 3177; direct writes to final files detected,"Introduce file locking/single-writer logs, atomic writes, fsync, hash-chain verification, corruption quarantine, and no done without receipts.","Introduce file locking/single-writer logs, atomic writes, fsync, hash-chain verification, corruption quarantine, and no done without receipts.",Phase 01 receipt/log durability,open,"Not all rows are reproduced runtime bugs; matrix intentionally includes confirmed defects, hardening risks, and missing hostile/conformance proofs."
AHD-0308,High,High-confidence hardening risk,Prior audit normalized,"Receipts, event logs, durability & replay",v11A Execution Evidence / Artifact Lifecycle,crates/aidens-runner/src/lib.rs,Direct file writes can create visible artifacts before all receipt records exist. Scope variant 3: apply to crates/aidens-runner/src/lib.rs and adjacent caller/callee surfaces.,"Risk that receipts are not durable, ordered, tamper-evident, or replay-linked.",local scan: OpenOptions append in aidens-receipts/src/lib.rs:266/524/602/620,"Introduce file locking/single-writer logs, atomic writes, fsync, hash-chain verification, corruption quarantine, and no done without receipts.","Introduce file locking/single-writer logs, atomic writes, fsync, hash-chain verification, corruption quarantine, and no done without receipts.",Phase 01 receipt/log durability,open,"Not all rows are reproduced runtime bugs; matrix intentionally includes confirmed defects, hardening risks, and missing hostile/conformance proofs."
AHD-0309,Medium,Conformance/test gap,Prior audit normalized,"Receipts, event logs, durability & replay",v11A Execution Evidence / Artifact Lifecycle,crates/aidens-cli/src/agent.rs,Corrupt trailing NDJSON/event records can poison the whole log instead of entering quarantine. Scope variant 3: apply to crates/aidens-cli/src/agent.rs and adjacent caller/callee surfaces.,"Risk that receipts are not durable, ordered, tamper-evident, or replay-linked.",local scan: receipt term count 3177; direct writes to final files detected,"Introduce file locking/single-writer logs, atomic writes, fsync, hash-chain verification, corruption quarantine, and no done without receipts.","Introduce file locking/single-writer logs, atomic writes, fsync, hash-chain verification, corruption quarantine, and no done without receipts.",Phase 01 receipt/log durability,open,"Not all rows are reproduced runtime bugs; matrix intentionally includes confirmed defects, hardening risks, and missing hostile/conformance proofs."
AHD-0310,Critical,Confirmed source pattern,Prior audit normalized,"Receipts, event logs, durability & replay",v11A Execution Evidence / Artifact Lifecycle,crates/aidens-receipts/src/lib.rs,Receipt inspection does not prove duplicate IDs are impossible or corruption-blocking. Scope variant 3: apply to crates/aidens-receipts/src/lib.rs and adjacent caller/callee surfaces.,"Risk that receipts are not durable, ordered, tamper-evident, or replay-linked.",local scan: OpenOptions append in aidens-receipts/src/lib.rs:266/524/602/620,"Introduce file locking/single-writer logs, atomic writes, fsync, hash-chain verification, corruption quarantine, and no done without receipts.","Introduce file locking/single-writer logs, atomic writes, fsync, hash-chain verification, corruption quarantine, and no done without receipts.",Phase 01 receipt/log durability,open,"Not all rows are reproduced runtime bugs; matrix intentionally includes confirmed defects, hardening risks, and missing hostile/conformance proofs."
AHD-0311,High,High-confidence hardening risk,Prior audit normalized,"Receipts, event logs, durability & replay",v11A Execution Evidence / Artifact Lifecycle,crates/aidens-runner/src/lib.rs,Replay handles are not complete structured manifests for every material run. Scope variant 3: apply to crates/aidens-runner/src/lib.rs and adjacent caller/callee surfaces.,"Risk that receipts are not durable, ordered, tamper-evident, or replay-linked.",local scan: receipt term count 3177; direct writes to final files detected,"Introduce file locking/single-writer logs, atomic writes, fsync, hash-chain verification, corruption quarantine, and no done without receipts.","Introduce file locking/single-writer logs, atomic writes, fsync, hash-chain verification, corruption quarantine, and no done without receipts.",Phase 01 receipt/log durability,open,"Not all rows are reproduced runtime bugs; matrix intentionally includes confirmed defects, hardening risks, and missing hostile/conformance proofs."
AHD-0312,High,Conformance/test gap,Prior audit normalized,"Receipts, event logs, durability & replay",v11A Execution Evidence / Artifact Lifecycle,crates/aidens-cli/src/agent.rs,Canonical event log durability lacks explicit fsync and crash-consistency guarantees. Scope variant 3: apply to crates/aidens-cli/src/agent.rs and adjacent caller/callee surfaces.,"Risk that receipts are not durable, ordered, tamper-evident, or replay-linked.",local scan: OpenOptions append in aidens-receipts/src/lib.rs:266/524/602/620,"Introduce file locking/single-writer logs, atomic writes, fsync, hash-chain verification, corruption quarantine, and no done without receipts.","Introduce file locking/single-writer logs, atomic writes, fsync, hash-chain verification, corruption quarantine, and no done without receipts.",Phase 01 receipt/log durability,open,"Not all rows are reproduced runtime bugs; matrix intentionally includes confirmed defects, hardening risks, and missing hostile/conformance proofs."
AHD-0313,Medium,Confirmed source pattern,Prior audit normalized,"Receipts, event logs, durability & replay",v11A Execution Evidence / Artifact Lifecycle,crates/aidens-receipts/src/lib.rs,Bundle store can leave orphan bundles if index append fails. Scope variant 3: apply to crates/aidens-receipts/src/lib.rs and adjacent caller/callee surfaces.,"Risk that receipts are not durable, ordered, tamper-evident, or replay-linked.",local scan: receipt term count 3177; direct writes to final files detected,"Introduce file locking/single-writer logs, atomic writes, fsync, hash-chain verification, corruption quarantine, and no done without receipts.","Introduce file locking/single-writer logs, atomic writes, fsync, hash-chain verification, corruption quarantine, and no done without receipts.",Phase 01 receipt/log durability,open,"Not all rows are reproduced runtime bugs; matrix intentionally includes confirmed defects, hardening risks, and missing hostile/conformance proofs."
AHD-0314,Critical,High-confidence hardening risk,Prior audit normalized,"Receipts, event logs, durability & replay",v11A Execution Evidence / Artifact Lifecycle,crates/aidens-runner/src/lib.rs,Material done state can be emitted before proof/degradation/receipt surfaces are complete. Scope variant 3: apply to crates/aidens-runner/src/lib.rs and adjacent caller/callee surfaces.,"Risk that receipts are not durable, ordered, tamper-evident, or replay-linked.",local scan: OpenOptions append in aidens-receipts/src/lib.rs:266/524/602/620,"Introduce file locking/single-writer logs, atomic writes, fsync, hash-chain verification, corruption quarantine, and no done without receipts.","Introduce file locking/single-writer logs, atomic writes, fsync, hash-chain verification, corruption quarantine, and no done without receipts.",Phase 01 receipt/log durability,open,"Not all rows are reproduced runtime bugs; matrix intentionally includes confirmed defects, hardening risks, and missing hostile/conformance proofs."
AHD-0315,High,Conformance/test gap,Prior audit normalized,"Receipts, event logs, durability & replay",v11A Execution Evidence / Artifact Lifecycle,crates/aidens-cli/src/agent.rs,Receipt chains need tamper-evidence verification as a standard command/gate. Scope variant 3: apply to crates/aidens-cli/src/agent.rs and adjacent caller/callee surfaces.,"Risk that receipts are not durable, ordered, tamper-evident, or replay-linked.",local scan: receipt term count 3177; direct writes to final files detected,"Introduce file locking/single-writer logs, atomic writes, fsync, hash-chain verification, corruption quarantine, and no done without receipts.","Introduce file locking/single-writer logs, atomic writes, fsync, hash-chain verification, corruption quarantine, and no done without receipts.",Phase 01 receipt/log durability,open,"Not all rows are reproduced runtime bugs; matrix intentionally includes confirmed defects, hardening risks, and missing hostile/conformance proofs."
AHD-0316,High,Confirmed source pattern,Prior audit normalized,"Receipts, event logs, durability & replay",v11A Execution Evidence / Artifact Lifecycle,crates/aidens-receipts/src/lib.rs,Receipt/event append path is not proven single-writer or file-lock protected. Scope variant 4: apply to crates/aidens-receipts/src/lib.rs and adjacent caller/callee surfaces.,"Risk that receipts are not durable, ordered, tamper-evident, or replay-linked.",local scan: OpenOptions append in aidens-receipts/src/lib.rs:266/524/602/620,"Introduce file locking/single-writer logs, atomic writes, fsync, hash-chain verification, corruption quarantine, and no done without receipts.","Introduce file locking/single-writer logs, atomic writes, fsync, hash-chain verification, corruption quarantine, and no done without receipts.",Phase 01 receipt/log durability,open,"Not all rows are reproduced runtime bugs; matrix intentionally includes confirmed defects, hardening risks, and missing hostile/conformance proofs."
AHD-0317,Medium,High-confidence hardening risk,Prior audit normalized,"Receipts, event logs, durability & replay",v11A Execution Evidence / Artifact Lifecycle,crates/aidens-runner/src/lib.rs,Sequence numbers and previous digests can race under concurrent append. Scope variant 4: apply to crates/aidens-runner/src/lib.rs and adjacent caller/callee surfaces.,"Risk that receipts are not durable, ordered, tamper-evident, or replay-linked.",local scan: receipt term count 3177; direct writes to final files detected,"Introduce file locking/single-writer logs, atomic writes, fsync, hash-chain verification, corruption quarantine, and no done without receipts.","Introduce file locking/single-writer logs, atomic writes, fsync, hash-chain verification, corruption quarantine, and no done without receipts.",Phase 01 receipt/log durability,open,"Not all rows are reproduced runtime bugs; matrix intentionally includes confirmed defects, hardening risks, and missing hostile/conformance proofs."
AHD-0318,Critical,Conformance/test gap,Prior audit normalized,"Receipts, event logs, durability & replay",v11A Execution Evidence / Artifact Lifecycle,crates/aidens-cli/src/agent.rs,Direct file writes can create visible artifacts before all receipt records exist. Scope variant 4: apply to crates/aidens-cli/src/agent.rs and adjacent caller/callee surfaces.,"Risk that receipts are not durable, ordered, tamper-evident, or replay-linked.",local scan: OpenOptions append in aidens-receipts/src/lib.rs:266/524/602/620,"Introduce file locking/single-writer logs, atomic writes, fsync, hash-chain verification, corruption quarantine, and no done without receipts.","Introduce file locking/single-writer logs, atomic writes, fsync, hash-chain verification, corruption quarantine, and no done without receipts.",Phase 01 receipt/log durability,open,"Not all rows are reproduced runtime bugs; matrix intentionally includes confirmed defects, hardening risks, and missing hostile/conformance proofs."
AHD-0319,High,Confirmed source pattern,Prior audit normalized,"Receipts, event logs, durability & replay",v11A Execution Evidence / Artifact Lifecycle,crates/aidens-receipts/src/lib.rs,Corrupt trailing NDJSON/event records can poison the whole log instead of entering quarantine. Scope variant 4: apply to crates/aidens-receipts/src/lib.rs and adjacent caller/callee surfaces.,"Risk that receipts are not durable, ordered, tamper-evident, or replay-linked.",local scan: receipt term count 3177; direct writes to final files detected,"Introduce file locking/single-writer logs, atomic writes, fsync, hash-chain verification, corruption quarantine, and no done without receipts.","Introduce file locking/single-writer logs, atomic writes, fsync, hash-chain verification, corruption quarantine, and no done without receipts.",Phase 01 receipt/log durability,open,"Not all rows are reproduced runtime bugs; matrix intentionally includes confirmed defects, hardening risks, and missing hostile/conformance proofs."
AHD-0320,High,High-confidence hardening risk,Prior audit normalized,"Receipts, event logs, durability & replay",v11A Execution Evidence / Artifact Lifecycle,crates/aidens-runner/src/lib.rs,Receipt inspection does not prove duplicate IDs are impossible or corruption-blocking. Scope variant 4: apply to crates/aidens-runner/src/lib.rs and adjacent caller/callee surfaces.,"Risk that receipts are not durable, ordered, tamper-evident, or replay-linked.",local scan: OpenOptions append in aidens-receipts/src/lib.rs:266/524/602/620,"Introduce file locking/single-writer logs, atomic writes, fsync, hash-chain verification, corruption quarantine, and no done without receipts.","Introduce file locking/single-writer logs, atomic writes, fsync, hash-chain verification, corruption quarantine, and no done without receipts.",Phase 01 receipt/log durability,open,"Not all rows are reproduced runtime bugs; matrix intentionally includes confirmed defects, hardening risks, and missing hostile/conformance proofs."
AHD-0321,Medium,Conformance/test gap,Prior audit normalized,"Receipts, event logs, durability & replay",v11A Execution Evidence / Artifact Lifecycle,crates/aidens-cli/src/agent.rs,Replay handles are not complete structured manifests for every material run. Scope variant 4: apply to crates/aidens-cli/src/agent.rs and adjacent caller/callee surfaces.,"Risk that receipts are not durable, ordered, tamper-evident, or replay-linked.",local scan: receipt term count 3177; direct writes to final files detected,"Introduce file locking/single-writer logs, atomic writes, fsync, hash-chain verification, corruption quarantine, and no done without receipts.","Introduce file locking/single-writer logs, atomic writes, fsync, hash-chain verification, corruption quarantine, and no done without receipts.",Phase 01 receipt/log durability,open,"Not all rows are reproduced runtime bugs; matrix intentionally includes confirmed defects, hardening risks, and missing hostile/conformance proofs."
AHD-0322,Critical,Confirmed source pattern,Prior audit normalized,"Receipts, event logs, durability & replay",v11A Execution Evidence / Artifact Lifecycle,crates/aidens-receipts/src/lib.rs,Canonical event log durability lacks explicit fsync and crash-consistency guarantees. Scope variant 4: apply to crates/aidens-receipts/src/lib.rs and adjacent caller/callee surfaces.,"Risk that receipts are not durable, ordered, tamper-evident, or replay-linked.",local scan: OpenOptions append in aidens-receipts/src/lib.rs:266/524/602/620,"Introduce file locking/single-writer logs, atomic writes, fsync, hash-chain verification, corruption quarantine, and no done without receipts.","Introduce file locking/single-writer logs, atomic writes, fsync, hash-chain verification, corruption quarantine, and no done without receipts.",Phase 01 receipt/log durability,open,"Not all rows are reproduced runtime bugs; matrix intentionally includes confirmed defects, hardening risks, and missing hostile/conformance proofs."
AHD-0323,High,High-confidence hardening risk,Prior audit normalized,"Receipts, event logs, durability & replay",v11A Execution Evidence / Artifact Lifecycle,crates/aidens-runner/src/lib.rs,Bundle store can leave orphan bundles if index append fails. Scope variant 4: apply to crates/aidens-runner/src/lib.rs and adjacent caller/callee surfaces.,"Risk that receipts are not durable, ordered, tamper-evident, or replay-linked.",local scan: receipt term count 3177; direct writes to final files detected,"Introduce file locking/single-writer logs, atomic writes, fsync, hash-chain verification, corruption quarantine, and no done without receipts.","Introduce file locking/single-writer logs, atomic writes, fsync, hash-chain verification, corruption quarantine, and no done without receipts.",Phase 01 receipt/log durability,open,"Not all rows are reproduced runtime bugs; matrix intentionally includes confirmed defects, hardening risks, and missing hostile/conformance proofs."
AHD-0324,High,Conformance/test gap,Prior audit normalized,"Receipts, event logs, durability & replay",v11A Execution Evidence / Artifact Lifecycle,crates/aidens-cli/src/agent.rs,Material done state can be emitted before proof/degradation/receipt surfaces are complete. Scope variant 4: apply to crates/aidens-cli/src/agent.rs and adjacent caller/callee surfaces.,"Risk that receipts are not durable, ordered, tamper-evident, or replay-linked.",local scan: OpenOptions append in aidens-receipts/src/lib.rs:266/524/602/620,"Introduce file locking/single-writer logs, atomic writes, fsync, hash-chain verification, corruption quarantine, and no done without receipts.","Introduce file locking/single-writer logs, atomic writes, fsync, hash-chain verification, corruption quarantine, and no done without receipts.",Phase 01 receipt/log durability,open,"Not all rows are reproduced runtime bugs; matrix intentionally includes confirmed defects, hardening risks, and missing hostile/conformance proofs."
AHD-0325,Medium,Confirmed source pattern,Prior audit normalized,"Receipts, event logs, durability & replay",v11A Execution Evidence / Artifact Lifecycle,crates/aidens-receipts/src/lib.rs,Receipt chains need tamper-evidence verification as a standard command/gate. Scope variant 4: apply to crates/aidens-receipts/src/lib.rs and adjacent caller/callee surfaces.,"Risk that receipts are not durable, ordered, tamper-evident, or replay-linked.",local scan: receipt term count 3177; direct writes to final files detected,"Introduce file locking/single-writer logs, atomic writes, fsync, hash-chain verification, corruption quarantine, and no done without receipts.","Introduce file locking/single-writer logs, atomic writes, fsync, hash-chain verification, corruption quarantine, and no done without receipts.",Phase 01 receipt/log durability,open,"Not all rows are reproduced runtime bugs; matrix intentionally includes confirmed defects, hardening risks, and missing hostile/conformance proofs."
AHD-0326,Critical,High-confidence hardening risk,Prior audit normalized,"Receipts, event logs, durability & replay",v11A Execution Evidence / Artifact Lifecycle,crates/aidens-runner/src/lib.rs,Receipt/event append path is not proven single-writer or file-lock protected. Scope variant 5: apply to crates/aidens-runner/src/lib.rs and adjacent caller/callee surfaces.,"Risk that receipts are not durable, ordered, tamper-evident, or replay-linked.",local scan: OpenOptions append in aidens-receipts/src/lib.rs:266/524/602/620,"Introduce file locking/single-writer logs, atomic writes, fsync, hash-chain verification, corruption quarantine, and no done without receipts.","Introduce file locking/single-writer logs, atomic writes, fsync, hash-chain verification, corruption quarantine, and no done without receipts.",Phase 01 receipt/log durability,open,"Not all rows are reproduced runtime bugs; matrix intentionally includes confirmed defects, hardening risks, and missing hostile/conformance proofs."
AHD-0327,High,Conformance/test gap,Prior audit normalized,"Receipts, event logs, durability & replay",v11A Execution Evidence / Artifact Lifecycle,crates/aidens-cli/src/agent.rs,Sequence numbers and previous digests can race under concurrent append. Scope variant 5: apply to crates/aidens-cli/src/agent.rs and adjacent caller/callee surfaces.,"Risk that receipts are not durable, ordered, tamper-evident, or replay-linked.",local scan: receipt term count 3177; direct writes to final files detected,"Introduce file locking/single-writer logs, atomic writes, fsync, hash-chain verification, corruption quarantine, and no done without receipts.","Introduce file locking/single-writer logs, atomic writes, fsync, hash-chain verification, corruption quarantine, and no done without receipts.",Phase 01 receipt/log durability,open,"Not all rows are reproduced runtime bugs; matrix intentionally includes confirmed defects, hardening risks, and missing hostile/conformance proofs."
AHD-0328,High,Confirmed source pattern,Prior audit normalized,"Receipts, event logs, durability & replay",v11A Execution Evidence / Artifact Lifecycle,crates/aidens-receipts/src/lib.rs,Direct file writes can create visible artifacts before all receipt records exist. Scope variant 5: apply to crates/aidens-receipts/src/lib.rs and adjacent caller/callee surfaces.,"Risk that receipts are not durable, ordered, tamper-evident, or replay-linked.",local scan: OpenOptions append in aidens-receipts/src/lib.rs:266/524/602/620,"Introduce file locking/single-writer logs, atomic writes, fsync, hash-chain verification, corruption quarantine, and no done without receipts.","Introduce file locking/single-writer logs, atomic writes, fsync, hash-chain verification, corruption quarantine, and no done without receipts.",Phase 01 receipt/log durability,open,"Not all rows are reproduced runtime bugs; matrix intentionally includes confirmed defects, hardening risks, and missing hostile/conformance proofs."
AHD-0329,Medium,High-confidence hardening risk,Prior audit normalized,"Receipts, event logs, durability & replay",v11A Execution Evidence / Artifact Lifecycle,crates/aidens-runner/src/lib.rs,Corrupt trailing NDJSON/event records can poison the whole log instead of entering quarantine. Scope variant 5: apply to crates/aidens-runner/src/lib.rs and adjacent caller/callee surfaces.,"Risk that receipts are not durable, ordered, tamper-evident, or replay-linked.",local scan: receipt term count 3177; direct writes to final files detected,"Introduce file locking/single-writer logs, atomic writes, fsync, hash-chain verification, corruption quarantine, and no done without receipts.","Introduce file locking/single-writer logs, atomic writes, fsync, hash-chain verification, corruption quarantine, and no done without receipts.",Phase 01 receipt/log durability,open,"Not all rows are reproduced runtime bugs; matrix intentionally includes confirmed defects, hardening risks, and missing hostile/conformance proofs."
AHD-0330,Critical,Conformance/test gap,Prior audit normalized,"Receipts, event logs, durability & replay",v11A Execution Evidence / Artifact Lifecycle,crates/aidens-cli/src/agent.rs,Receipt inspection does not prove duplicate IDs are impossible or corruption-blocking. Scope variant 5: apply to crates/aidens-cli/src/agent.rs and adjacent caller/callee surfaces.,"Risk that receipts are not durable, ordered, tamper-evident, or replay-linked.",local scan: OpenOptions append in aidens-receipts/src/lib.rs:266/524/602/620,"Introduce file locking/single-writer logs, atomic writes, fsync, hash-chain verification, corruption quarantine, and no done without receipts.","Introduce file locking/single-writer logs, atomic writes, fsync, hash-chain verification, corruption quarantine, and no done without receipts.",Phase 01 receipt/log durability,open,"Not all rows are reproduced runtime bugs; matrix intentionally includes confirmed defects, hardening risks, and missing hostile/conformance proofs."
AHD-0331,High,Confirmed source pattern,Prior audit normalized,"Receipts, event logs, durability & replay",v11A Execution Evidence / Artifact Lifecycle,crates/aidens-receipts/src/lib.rs,Replay handles are not complete structured manifests for every material run. Scope variant 5: apply to crates/aidens-receipts/src/lib.rs and adjacent caller/callee surfaces.,"Risk that receipts are not durable, ordered, tamper-evident, or replay-linked.",local scan: receipt term count 3177; direct writes to final files detected,"Introduce file locking/single-writer logs, atomic writes, fsync, hash-chain verification, corruption quarantine, and no done without receipts.","Introduce file locking/single-writer logs, atomic writes, fsync, hash-chain verification, corruption quarantine, and no done without receipts.",Phase 01 receipt/log durability,open,"Not all rows are reproduced runtime bugs; matrix intentionally includes confirmed defects, hardening risks, and missing hostile/conformance proofs."
AHD-0332,High,High-confidence hardening risk,Prior audit normalized,"Receipts, event logs, durability & replay",v11A Execution Evidence / Artifact Lifecycle,crates/aidens-runner/src/lib.rs,Canonical event log durability lacks explicit fsync and crash-consistency guarantees. Scope variant 5: apply to crates/aidens-runner/src/lib.rs and adjacent caller/callee surfaces.,"Risk that receipts are not durable, ordered, tamper-evident, or replay-linked.",local scan: OpenOptions append in aidens-receipts/src/lib.rs:266/524/602/620,"Introduce file locking/single-writer logs, atomic writes, fsync, hash-chain verification, corruption quarantine, and no done without receipts.","Introduce file locking/single-writer logs, atomic writes, fsync, hash-chain verification, corruption quarantine, and no done without receipts.",Phase 01 receipt/log durability,open,"Not all rows are reproduced runtime bugs; matrix intentionally includes confirmed defects, hardening risks, and missing hostile/conformance proofs."
AHD-0333,Medium,Conformance/test gap,Prior audit normalized,"Receipts, event logs, durability & replay",v11A Execution Evidence / Artifact Lifecycle,crates/aidens-cli/src/agent.rs,Bundle store can leave orphan bundles if index append fails. Scope variant 5: apply to crates/aidens-cli/src/agent.rs and adjacent caller/callee surfaces.,"Risk that receipts are not durable, ordered, tamper-evident, or replay-linked.",local scan: receipt term count 3177; direct writes to final files detected,"Introduce file locking/single-writer logs, atomic writes, fsync, hash-chain verification, corruption quarantine, and no done without receipts.","Introduce file locking/single-writer logs, atomic writes, fsync, hash-chain verification, corruption quarantine, and no done without receipts.",Phase 01 receipt/log durability,open,"Not all rows are reproduced runtime bugs; matrix intentionally includes confirmed defects, hardening risks, and missing hostile/conformance proofs."
AHD-0334,Critical,Confirmed source pattern,Prior audit normalized,"Receipts, event logs, durability & replay",v11A Execution Evidence / Artifact Lifecycle,crates/aidens-receipts/src/lib.rs,Material done state can be emitted before proof/degradation/receipt surfaces are complete. Scope variant 5: apply to crates/aidens-receipts/src/lib.rs and adjacent caller/callee surfaces.,"Risk that receipts are not durable, ordered, tamper-evident, or replay-linked.",local scan: OpenOptions append in aidens-receipts/src/lib.rs:266/524/602/620,"Introduce file locking/single-writer logs, atomic writes, fsync, hash-chain verification, corruption quarantine, and no done without receipts.","Introduce file locking/single-writer logs, atomic writes, fsync, hash-chain verification, corruption quarantine, and no done without receipts.",Phase 01 receipt/log durability,open,"Not all rows are reproduced runtime bugs; matrix intentionally includes confirmed defects, hardening risks, and missing hostile/conformance proofs."
AHD-0335,High,High-confidence hardening risk,Prior audit normalized,"Receipts, event logs, durability & replay",v11A Execution Evidence / Artifact Lifecycle,crates/aidens-runner/src/lib.rs,Receipt chains need tamper-evidence verification as a standard command/gate. Scope variant 5: apply to crates/aidens-runner/src/lib.rs and adjacent caller/callee surfaces.,"Risk that receipts are not durable, ordered, tamper-evident, or replay-linked.",local scan: receipt term count 3177; direct writes to final files detected,"Introduce file locking/single-writer logs, atomic writes, fsync, hash-chain verification, corruption quarantine, and no done without receipts.","Introduce file locking/single-writer logs, atomic writes, fsync, hash-chain verification, corruption quarantine, and no done without receipts.",Phase 01 receipt/log durability,open,"Not all rows are reproduced runtime bugs; matrix intentionally includes confirmed defects, hardening risks, and missing hostile/conformance proofs."
AHD-0336,High,Conformance/test gap,Prior audit normalized,"Receipts, event logs, durability & replay",v11A Execution Evidence / Artifact Lifecycle,crates/aidens-cli/src/agent.rs,Receipt/event append path is not proven single-writer or file-lock protected. Scope variant 6: apply to crates/aidens-cli/src/agent.rs and adjacent caller/callee surfaces.,"Risk that receipts are not durable, ordered, tamper-evident, or replay-linked.",local scan: OpenOptions append in aidens-receipts/src/lib.rs:266/524/602/620,"Introduce file locking/single-writer logs, atomic writes, fsync, hash-chain verification, corruption quarantine, and no done without receipts.","Introduce file locking/single-writer logs, atomic writes, fsync, hash-chain verification, corruption quarantine, and no done without receipts.",Phase 01 receipt/log durability,open,"Not all rows are reproduced runtime bugs; matrix intentionally includes confirmed defects, hardening risks, and missing hostile/conformance proofs."
AHD-0337,Medium,Confirmed source pattern,Prior audit normalized,"Receipts, event logs, durability & replay",v11A Execution Evidence / Artifact Lifecycle,crates/aidens-receipts/src/lib.rs,Sequence numbers and previous digests can race under concurrent append. Scope variant 6: apply to crates/aidens-receipts/src/lib.rs and adjacent caller/callee surfaces.,"Risk that receipts are not durable, ordered, tamper-evident, or replay-linked.",local scan: receipt term count 3177; direct writes to final files detected,"Introduce file locking/single-writer logs, atomic writes, fsync, hash-chain verification, corruption quarantine, and no done without receipts.","Introduce file locking/single-writer logs, atomic writes, fsync, hash-chain verification, corruption quarantine, and no done without receipts.",Phase 01 receipt/log durability,open,"Not all rows are reproduced runtime bugs; matrix intentionally includes confirmed defects, hardening risks, and missing hostile/conformance proofs."
AHD-0338,Critical,High-confidence hardening risk,Prior audit normalized,"Receipts, event logs, durability & replay",v11A Execution Evidence / Artifact Lifecycle,crates/aidens-runner/src/lib.rs,Direct file writes can create visible artifacts before all receipt records exist. Scope variant 6: apply to crates/aidens-runner/src/lib.rs and adjacent caller/callee surfaces.,"Risk that receipts are not durable, ordered, tamper-evident, or replay-linked.",local scan: OpenOptions append in aidens-receipts/src/lib.rs:266/524/602/620,"Introduce file locking/single-writer logs, atomic writes, fsync, hash-chain verification, corruption quarantine, and no done without receipts.","Introduce file locking/single-writer logs, atomic writes, fsync, hash-chain verification, corruption quarantine, and no done without receipts.",Phase 01 receipt/log durability,open,"Not all rows are reproduced runtime bugs; matrix intentionally includes confirmed defects, hardening risks, and missing hostile/conformance proofs."
AHD-0339,High,Conformance/test gap,Prior audit normalized,"Receipts, event logs, durability & replay",v11A Execution Evidence / Artifact Lifecycle,crates/aidens-cli/src/agent.rs,Corrupt trailing NDJSON/event records can poison the whole log instead of entering quarantine. Scope variant 6: apply to crates/aidens-cli/src/agent.rs and adjacent caller/callee surfaces.,"Risk that receipts are not durable, ordered, tamper-evident, or replay-linked.",local scan: receipt term count 3177; direct writes to final files detected,"Introduce file locking/single-writer logs, atomic writes, fsync, hash-chain verification, corruption quarantine, and no done without receipts.","Introduce file locking/single-writer logs, atomic writes, fsync, hash-chain verification, corruption quarantine, and no done without receipts.",Phase 01 receipt/log durability,open,"Not all rows are reproduced runtime bugs; matrix intentionally includes confirmed defects, hardening risks, and missing hostile/conformance proofs."
AHD-0340,High,Confirmed source pattern,Prior audit normalized,"Receipts, event logs, durability & replay",v11A Execution Evidence / Artifact Lifecycle,crates/aidens-receipts/src/lib.rs,Receipt inspection does not prove duplicate IDs are impossible or corruption-blocking. Scope variant 6: apply to crates/aidens-receipts/src/lib.rs and adjacent caller/callee surfaces.,"Risk that receipts are not durable, ordered, tamper-evident, or replay-linked.",local scan: OpenOptions append in aidens-receipts/src/lib.rs:266/524/602/620,"Introduce file locking/single-writer logs, atomic writes, fsync, hash-chain verification, corruption quarantine, and no done without receipts.","Introduce file locking/single-writer logs, atomic writes, fsync, hash-chain verification, corruption quarantine, and no done without receipts.",Phase 01 receipt/log durability,open,"Not all rows are reproduced runtime bugs; matrix intentionally includes confirmed defects, hardening risks, and missing hostile/conformance proofs."
AHD-0341,Medium,High-confidence hardening risk,Prior audit normalized,"Receipts, event logs, durability & replay",v11A Execution Evidence / Artifact Lifecycle,crates/aidens-runner/src/lib.rs,Replay handles are not complete structured manifests for every material run. Scope variant 6: apply to crates/aidens-runner/src/lib.rs and adjacent caller/callee surfaces.,"Risk that receipts are not durable, ordered, tamper-evident, or replay-linked.",local scan: receipt term count 3177; direct writes to final files detected,"Introduce file locking/single-writer logs, atomic writes, fsync, hash-chain verification, corruption quarantine, and no done without receipts.","Introduce file locking/single-writer logs, atomic writes, fsync, hash-chain verification, corruption quarantine, and no done without receipts.",Phase 01 receipt/log durability,open,"Not all rows are reproduced runtime bugs; matrix intentionally includes confirmed defects, hardening risks, and missing hostile/conformance proofs."
AHD-0342,Critical,Conformance/test gap,Prior audit normalized,"Receipts, event logs, durability & replay",v11A Execution Evidence / Artifact Lifecycle,crates/aidens-cli/src/agent.rs,Canonical event log durability lacks explicit fsync and crash-consistency guarantees. Scope variant 6: apply to crates/aidens-cli/src/agent.rs and adjacent caller/callee surfaces.,"Risk that receipts are not durable, ordered, tamper-evident, or replay-linked.",local scan: OpenOptions append in aidens-receipts/src/lib.rs:266/524/602/620,"Introduce file locking/single-writer logs, atomic writes, fsync, hash-chain verification, corruption quarantine, and no done without receipts.","Introduce file locking/single-writer logs, atomic writes, fsync, hash-chain verification, corruption quarantine, and no done without receipts.",Phase 01 receipt/log durability,open,"Not all rows are reproduced runtime bugs; matrix intentionally includes confirmed defects, hardening risks, and missing hostile/conformance proofs."
AHD-0343,High,Confirmed source pattern,Prior audit normalized,"Receipts, event logs, durability & replay",v11A Execution Evidence / Artifact Lifecycle,crates/aidens-receipts/src/lib.rs,Bundle store can leave orphan bundles if index append fails. Scope variant 6: apply to crates/aidens-receipts/src/lib.rs and adjacent caller/callee surfaces.,"Risk that receipts are not durable, ordered, tamper-evident, or replay-linked.",local scan: receipt term count 3177; direct writes to final files detected,"Introduce file locking/single-writer logs, atomic writes, fsync, hash-chain verification, corruption quarantine, and no done without receipts.","Introduce file locking/single-writer logs, atomic writes, fsync, hash-chain verification, corruption quarantine, and no done without receipts.",Phase 01 receipt/log durability,open,"Not all rows are reproduced runtime bugs; matrix intentionally includes confirmed defects, hardening risks, and missing hostile/conformance proofs."
AHD-0344,High,High-confidence hardening risk,Prior audit normalized,"Receipts, event logs, durability & replay",v11A Execution Evidence / Artifact Lifecycle,crates/aidens-runner/src/lib.rs,Material done state can be emitted before proof/degradation/receipt surfaces are complete. Scope variant 6: apply to crates/aidens-runner/src/lib.rs and adjacent caller/callee surfaces.,"Risk that receipts are not durable, ordered, tamper-evident, or replay-linked.",local scan: OpenOptions append in aidens-receipts/src/lib.rs:266/524/602/620,"Introduce file locking/single-writer logs, atomic writes, fsync, hash-chain verification, corruption quarantine, and no done without receipts.","Introduce file locking/single-writer logs, atomic writes, fsync, hash-chain verification, corruption quarantine, and no done without receipts.",Phase 01 receipt/log durability,open,"Not all rows are reproduced runtime bugs; matrix intentionally includes confirmed defects, hardening risks, and missing hostile/conformance proofs."
AHD-0345,Medium,Conformance/test gap,Prior audit normalized,"Receipts, event logs, durability & replay",v11A Execution Evidence / Artifact Lifecycle,crates/aidens-cli/src/agent.rs,Receipt chains need tamper-evidence verification as a standard command/gate. Scope variant 6: apply to crates/aidens-cli/src/agent.rs and adjacent caller/callee surfaces.,"Risk that receipts are not durable, ordered, tamper-evident, or replay-linked.",local scan: receipt term count 3177; direct writes to final files detected,"Introduce file locking/single-writer logs, atomic writes, fsync, hash-chain verification, corruption quarantine, and no done without receipts.","Introduce file locking/single-writer logs, atomic writes, fsync, hash-chain verification, corruption quarantine, and no done without receipts.",Phase 01 receipt/log durability,open,"Not all rows are reproduced runtime bugs; matrix intentionally includes confirmed defects, hardening risks, and missing hostile/conformance proofs."
AHD-0346,Critical,Confirmed source pattern,Prior audit normalized,"Receipts, event logs, durability & replay",v11A Execution Evidence / Artifact Lifecycle,crates/aidens-receipts/src/lib.rs,Receipt/event append path is not proven single-writer or file-lock protected. Scope variant 7: apply to crates/aidens-receipts/src/lib.rs and adjacent caller/callee surfaces.,"Risk that receipts are not durable, ordered, tamper-evident, or replay-linked.",local scan: OpenOptions append in aidens-receipts/src/lib.rs:266/524/602/620,"Introduce file locking/single-writer logs, atomic writes, fsync, hash-chain verification, corruption quarantine, and no done without receipts.","Introduce file locking/single-writer logs, atomic writes, fsync, hash-chain verification, corruption quarantine, and no done without receipts.",Phase 01 receipt/log durability,open,"Not all rows are reproduced runtime bugs; matrix intentionally includes confirmed defects, hardening risks, and missing hostile/conformance proofs."
AHD-0347,High,High-confidence hardening risk,Prior audit normalized,"Receipts, event logs, durability & replay",v11A Execution Evidence / Artifact Lifecycle,crates/aidens-runner/src/lib.rs,Sequence numbers and previous digests can race under concurrent append. Scope variant 7: apply to crates/aidens-runner/src/lib.rs and adjacent caller/callee surfaces.,"Risk that receipts are not durable, ordered, tamper-evident, or replay-linked.",local scan: receipt term count 3177; direct writes to final files detected,"Introduce file locking/single-writer logs, atomic writes, fsync, hash-chain verification, corruption quarantine, and no done without receipts.","Introduce file locking/single-writer logs, atomic writes, fsync, hash-chain verification, corruption quarantine, and no done without receipts.",Phase 01 receipt/log durability,open,"Not all rows are reproduced runtime bugs; matrix intentionally includes confirmed defects, hardening risks, and missing hostile/conformance proofs."
AHD-0348,High,Conformance/test gap,Prior audit normalized,"Receipts, event logs, durability & replay",v11A Execution Evidence / Artifact Lifecycle,crates/aidens-cli/src/agent.rs,Direct file writes can create visible artifacts before all receipt records exist. Scope variant 7: apply to crates/aidens-cli/src/agent.rs and adjacent caller/callee surfaces.,"Risk that receipts are not durable, ordered, tamper-evident, or replay-linked.",local scan: OpenOptions append in aidens-receipts/src/lib.rs:266/524/602/620,"Introduce file locking/single-writer logs, atomic writes, fsync, hash-chain verification, corruption quarantine, and no done without receipts.","Introduce file locking/single-writer logs, atomic writes, fsync, hash-chain verification, corruption quarantine, and no done without receipts.",Phase 01 receipt/log durability,open,"Not all rows are reproduced runtime bugs; matrix intentionally includes confirmed defects, hardening risks, and missing hostile/conformance proofs."
AHD-0349,Medium,Confirmed source pattern,Prior audit normalized,"Receipts, event logs, durability & replay",v11A Execution Evidence / Artifact Lifecycle,crates/aidens-receipts/src/lib.rs,Corrupt trailing NDJSON/event records can poison the whole log instead of entering quarantine. Scope variant 7: apply to crates/aidens-receipts/src/lib.rs and adjacent caller/callee surfaces.,"Risk that receipts are not durable, ordered, tamper-evident, or replay-linked.",local scan: receipt term count 3177; direct writes to final files detected,"Introduce file locking/single-writer logs, atomic writes, fsync, hash-chain verification, corruption quarantine, and no done without receipts.","Introduce file locking/single-writer logs, atomic writes, fsync, hash-chain verification, corruption quarantine, and no done without receipts.",Phase 01 receipt/log durability,open,"Not all rows are reproduced runtime bugs; matrix intentionally includes confirmed defects, hardening risks, and missing hostile/conformance proofs."
AHD-0350,Critical,High-confidence hardening risk,Prior audit normalized,"Receipts, event logs, durability & replay",v11A Execution Evidence / Artifact Lifecycle,crates/aidens-runner/src/lib.rs,Receipt inspection does not prove duplicate IDs are impossible or corruption-blocking. Scope variant 7: apply to crates/aidens-runner/src/lib.rs and adjacent caller/callee surfaces.,"Risk that receipts are not durable, ordered, tamper-evident, or replay-linked.",local scan: OpenOptions append in aidens-receipts/src/lib.rs:266/524/602/620,"Introduce file locking/single-writer logs, atomic writes, fsync, hash-chain verification, corruption quarantine, and no done without receipts.","Introduce file locking/single-writer logs, atomic writes, fsync, hash-chain verification, corruption quarantine, and no done without receipts.",Phase 01 receipt/log durability,open,"Not all rows are reproduced runtime bugs; matrix intentionally includes confirmed defects, hardening risks, and missing hostile/conformance proofs."
AHD-0351,High,Conformance/test gap,Prior audit normalized,"Receipts, event logs, durability & replay",v11A Execution Evidence / Artifact Lifecycle,crates/aidens-cli/src/agent.rs,Replay handles are not complete structured manifests for every material run. Scope variant 7: apply to crates/aidens-cli/src/agent.rs and adjacent caller/callee surfaces.,"Risk that receipts are not durable, ordered, tamper-evident, or replay-linked.",local scan: receipt term count 3177; direct writes to final files detected,"Introduce file locking/single-writer logs, atomic writes, fsync, hash-chain verification, corruption quarantine, and no done without receipts.","Introduce file locking/single-writer logs, atomic writes, fsync, hash-chain verification, corruption quarantine, and no done without receipts.",Phase 01 receipt/log durability,open,"Not all rows are reproduced runtime bugs; matrix intentionally includes confirmed defects, hardening risks, and missing hostile/conformance proofs."
AHD-0352,High,Confirmed source pattern,Prior audit normalized,"Receipts, event logs, durability & replay",v11A Execution Evidence / Artifact Lifecycle,crates/aidens-receipts/src/lib.rs,Canonical event log durability lacks explicit fsync and crash-consistency guarantees. Scope variant 7: apply to crates/aidens-receipts/src/lib.rs and adjacent caller/callee surfaces.,"Risk that receipts are not durable, ordered, tamper-evident, or replay-linked.",local scan: OpenOptions append in aidens-receipts/src/lib.rs:266/524/602/620,"Introduce file locking/single-writer logs, atomic writes, fsync, hash-chain verification, corruption quarantine, and no done without receipts.","Introduce file locking/single-writer logs, atomic writes, fsync, hash-chain verification, corruption quarantine, and no done without receipts.",Phase 01 receipt/log durability,open,"Not all rows are reproduced runtime bugs; matrix intentionally includes confirmed defects, hardening risks, and missing hostile/conformance proofs."
AHD-0353,Medium,High-confidence hardening risk,Prior audit normalized,"Receipts, event logs, durability & replay",v11A Execution Evidence / Artifact Lifecycle,crates/aidens-runner/src/lib.rs,Bundle store can leave orphan bundles if index append fails. Scope variant 7: apply to crates/aidens-runner/src/lib.rs and adjacent caller/callee surfaces.,"Risk that receipts are not durable, ordered, tamper-evident, or replay-linked.",local scan: receipt term count 3177; direct writes to final files detected,"Introduce file locking/single-writer logs, atomic writes, fsync, hash-chain verification, corruption quarantine, and no done without receipts.","Introduce file locking/single-writer logs, atomic writes, fsync, hash-chain verification, corruption quarantine, and no done without receipts.",Phase 01 receipt/log durability,open,"Not all rows are reproduced runtime bugs; matrix intentionally includes confirmed defects, hardening risks, and missing hostile/conformance proofs."
AHD-0354,Critical,Conformance/test gap,Prior audit normalized,"Receipts, event logs, durability & replay",v11A Execution Evidence / Artifact Lifecycle,crates/aidens-cli/src/agent.rs,Material done state can be emitted before proof/degradation/receipt surfaces are complete. Scope variant 7: apply to crates/aidens-cli/src/agent.rs and adjacent caller/callee surfaces.,"Risk that receipts are not durable, ordered, tamper-evident, or replay-linked.",local scan: OpenOptions append in aidens-receipts/src/lib.rs:266/524/602/620,"Introduce file locking/single-writer logs, atomic writes, fsync, hash-chain verification, corruption quarantine, and no done without receipts.","Introduce file locking/single-writer logs, atomic writes, fsync, hash-chain verification, corruption quarantine, and no done without receipts.",Phase 01 receipt/log durability,open,"Not all rows are reproduced runtime bugs; matrix intentionally includes confirmed defects, hardening risks, and missing hostile/conformance proofs."
AHD-0355,High,Confirmed source pattern,Prior audit normalized,"Receipts, event logs, durability & replay",v11A Execution Evidence / Artifact Lifecycle,crates/aidens-receipts/src/lib.rs,Receipt chains need tamper-evidence verification as a standard command/gate. Scope variant 7: apply to crates/aidens-receipts/src/lib.rs and adjacent caller/callee surfaces.,"Risk that receipts are not durable, ordered, tamper-evident, or replay-linked.",local scan: receipt term count 3177; direct writes to final files detected,"Introduce file locking/single-writer logs, atomic writes, fsync, hash-chain verification, corruption quarantine, and no done without receipts.","Introduce file locking/single-writer logs, atomic writes, fsync, hash-chain verification, corruption quarantine, and no done without receipts.",Phase 01 receipt/log durability,open,"Not all rows are reproduced runtime bugs; matrix intentionally includes confirmed defects, hardening risks, and missing hostile/conformance proofs."
AHD-0356,High,High-confidence hardening risk,Prior audit normalized,"Receipts, event logs, durability & replay",v11A Execution Evidence / Artifact Lifecycle,crates/aidens-runner/src/lib.rs,Receipt/event append path is not proven single-writer or file-lock protected. Scope variant 8: apply to crates/aidens-runner/src/lib.rs and adjacent caller/callee surfaces.,"Risk that receipts are not durable, ordered, tamper-evident, or replay-linked.",local scan: OpenOptions append in aidens-receipts/src/lib.rs:266/524/602/620,"Introduce file locking/single-writer logs, atomic writes, fsync, hash-chain verification, corruption quarantine, and no done without receipts.","Introduce file locking/single-writer logs, atomic writes, fsync, hash-chain verification, corruption quarantine, and no done without receipts.",Phase 01 receipt/log durability,open,"Not all rows are reproduced runtime bugs; matrix intentionally includes confirmed defects, hardening risks, and missing hostile/conformance proofs."
AHD-0357,Medium,Conformance/test gap,Prior audit normalized,"Receipts, event logs, durability & replay",v11A Execution Evidence / Artifact Lifecycle,crates/aidens-cli/src/agent.rs,Sequence numbers and previous digests can race under concurrent append. Scope variant 8: apply to crates/aidens-cli/src/agent.rs and adjacent caller/callee surfaces.,"Risk that receipts are not durable, ordered, tamper-evident, or replay-linked.",local scan: receipt term count 3177; direct writes to final files detected,"Introduce file locking/single-writer logs, atomic writes, fsync, hash-chain verification, corruption quarantine, and no done without receipts.","Introduce file locking/single-writer logs, atomic writes, fsync, hash-chain verification, corruption quarantine, and no done without receipts.",Phase 01 receipt/log durability,open,"Not all rows are reproduced runtime bugs; matrix intentionally includes confirmed defects, hardening risks, and missing hostile/conformance proofs."
AHD-0358,Critical,Confirmed source pattern,Prior audit normalized,"Receipts, event logs, durability & replay",v11A Execution Evidence / Artifact Lifecycle,crates/aidens-receipts/src/lib.rs,Direct file writes can create visible artifacts before all receipt records exist. Scope variant 8: apply to crates/aidens-receipts/src/lib.rs and adjacent caller/callee surfaces.,"Risk that receipts are not durable, ordered, tamper-evident, or replay-linked.",local scan: OpenOptions append in aidens-receipts/src/lib.rs:266/524/602/620,"Introduce file locking/single-writer logs, atomic writes, fsync, hash-chain verification, corruption quarantine, and no done without receipts.","Introduce file locking/single-writer logs, atomic writes, fsync, hash-chain verification, corruption quarantine, and no done without receipts.",Phase 01 receipt/log durability,open,"Not all rows are reproduced runtime bugs; matrix intentionally includes confirmed defects, hardening risks, and missing hostile/conformance proofs."
AHD-0359,High,High-confidence hardening risk,Prior audit normalized,"Receipts, event logs, durability & replay",v11A Execution Evidence / Artifact Lifecycle,crates/aidens-runner/src/lib.rs,Corrupt trailing NDJSON/event records can poison the whole log instead of entering quarantine. Scope variant 8: apply to crates/aidens-runner/src/lib.rs and adjacent caller/callee surfaces.,"Risk that receipts are not durable, ordered, tamper-evident, or replay-linked.",local scan: receipt term count 3177; direct writes to final files detected,"Introduce file locking/single-writer logs, atomic writes, fsync, hash-chain verification, corruption quarantine, and no done without receipts.","Introduce file locking/single-writer logs, atomic writes, fsync, hash-chain verification, corruption quarantine, and no done without receipts.",Phase 01 receipt/log durability,open,"Not all rows are reproduced runtime bugs; matrix intentionally includes confirmed defects, hardening risks, and missing hostile/conformance proofs."
AHD-0360,High,Conformance/test gap,Prior audit normalized,"Receipts, event logs, durability & replay",v11A Execution Evidence / Artifact Lifecycle,crates/aidens-cli/src/agent.rs,Receipt inspection does not prove duplicate IDs are impossible or corruption-blocking. Scope variant 8: apply to crates/aidens-cli/src/agent.rs and adjacent caller/callee surfaces.,"Risk that receipts are not durable, ordered, tamper-evident, or replay-linked.",local scan: OpenOptions append in aidens-receipts/src/lib.rs:266/524/602/620,"Introduce file locking/single-writer logs, atomic writes, fsync, hash-chain verification, corruption quarantine, and no done without receipts.","Introduce file locking/single-writer logs, atomic writes, fsync, hash-chain verification, corruption quarantine, and no done without receipts.",Phase 01 receipt/log durability,open,"Not all rows are reproduced runtime bugs; matrix intentionally includes confirmed defects, hardening risks, and missing hostile/conformance proofs."
AHD-0361,Critical,Confirmed source pattern,Prior audit normalized,"Queue, scheduler, daemon & concurrency",v11A Execution Evidence / v11B Region Scheduling,crates/aidens-queue-kit/src/lib.rs,Queue append computes sequence from snapshot state and can race under concurrent writers.,Risk that queue/lease/scheduler behavior races or loses lineage.,local scan: append_record in aidens-queue-kit/src/lib.rs:564; OpenOptions at 570/624,"Make queue append/lease/complete atomic with leases, locks, hop receipts, idempotency proofs, and safe-mode quarantine.","Make queue append/lease/complete atomic with leases, locks, hop receipts, idempotency proofs, and safe-mode quarantine.",Phase 07 queue/daemon concurrency,open,"Not all rows are reproduced runtime bugs; matrix intentionally includes confirmed defects, hardening risks, and missing hostile/conformance proofs."
AHD-0362,High,High-confidence hardening risk,Prior audit normalized,"Queue, scheduler, daemon & concurrency",v11A Execution Evidence / v11B Region Scheduling,crates/aidens-daemon-kit/src/lib.rs,Queue idempotency suppression can race under concurrent enqueue.,Risk that queue/lease/scheduler behavior races or loses lineage.,local scan: queue term count 335; lease term count 425,"Make queue append/lease/complete atomic with leases, locks, hop receipts, idempotency proofs, and safe-mode quarantine.","Make queue append/lease/complete atomic with leases, locks, hop receipts, idempotency proofs, and safe-mode quarantine.",Phase 07 queue/daemon concurrency,open,"Not all rows are reproduced runtime bugs; matrix intentionally includes confirmed defects, hardening risks, and missing hostile/conformance proofs."
AHD-0363,High,Conformance/test gap,Prior audit normalized,"Queue, scheduler, daemon & concurrency",v11A Execution Evidence / v11B Region Scheduling,crates/aidens-contracts/src/daemon_queue.rs,Lease acquisition is snapshot-plus-append and can double-lease jobs.,Risk that queue/lease/scheduler behavior races or loses lineage.,local scan: append_record in aidens-queue-kit/src/lib.rs:564; OpenOptions at 570/624,"Make queue append/lease/complete atomic with leases, locks, hop receipts, idempotency proofs, and safe-mode quarantine.","Make queue append/lease/complete atomic with leases, locks, hop receipts, idempotency proofs, and safe-mode quarantine.",Phase 07 queue/daemon concurrency,open,"Not all rows are reproduced runtime bugs; matrix intentionally includes confirmed defects, hardening risks, and missing hostile/conformance proofs."
AHD-0364,Medium,Confirmed source pattern,Prior audit normalized,"Queue, scheduler, daemon & concurrency",v11A Execution Evidence / v11B Region Scheduling,crates/aidens-queue-kit/src/lib.rs,Job completion can be insufficiently coupled to a verified active lease.,Risk that queue/lease/scheduler behavior races or loses lineage.,local scan: queue term count 335; lease term count 425,"Make queue append/lease/complete atomic with leases, locks, hop receipts, idempotency proofs, and safe-mode quarantine.","Make queue append/lease/complete atomic with leases, locks, hop receipts, idempotency proofs, and safe-mode quarantine.",Phase 07 queue/daemon concurrency,open,"Not all rows are reproduced runtime bugs; matrix intentionally includes confirmed defects, hardening risks, and missing hostile/conformance proofs."
AHD-0365,Critical,High-confidence hardening risk,Prior audit normalized,"Queue, scheduler, daemon & concurrency",v11A Execution Evidence / v11B Region Scheduling,crates/aidens-daemon-kit/src/lib.rs,Lease expiry and late completion need adversarial fixtures.,Risk that queue/lease/scheduler behavior races or loses lineage.,local scan: append_record in aidens-queue-kit/src/lib.rs:564; OpenOptions at 570/624,"Make queue append/lease/complete atomic with leases, locks, hop receipts, idempotency proofs, and safe-mode quarantine.","Make queue append/lease/complete atomic with leases, locks, hop receipts, idempotency proofs, and safe-mode quarantine.",Phase 07 queue/daemon concurrency,open,"Not all rows are reproduced runtime bugs; matrix intentionally includes confirmed defects, hardening risks, and missing hostile/conformance proofs."
AHD-0366,High,Conformance/test gap,Prior audit normalized,"Queue, scheduler, daemon & concurrency",v11A Execution Evidence / v11B Region Scheduling,crates/aidens-contracts/src/daemon_queue.rs,Safe mode blocks new risky jobs but may not quarantine already queued risky work.,Risk that queue/lease/scheduler behavior races or loses lineage.,local scan: queue term count 335; lease term count 425,"Make queue append/lease/complete atomic with leases, locks, hop receipts, idempotency proofs, and safe-mode quarantine.","Make queue append/lease/complete atomic with leases, locks, hop receipts, idempotency proofs, and safe-mode quarantine.",Phase 07 queue/daemon concurrency,open,"Not all rows are reproduced runtime bugs; matrix intentionally includes confirmed defects, hardening risks, and missing hostile/conformance proofs."
AHD-0367,High,Confirmed source pattern,Prior audit normalized,"Queue, scheduler, daemon & concurrency",v11A Execution Evidence / v11B Region Scheduling,crates/aidens-queue-kit/src/lib.rs,Queue owner identity is string-based rather than permit/attestation-bound.,Risk that queue/lease/scheduler behavior races or loses lineage.,local scan: append_record in aidens-queue-kit/src/lib.rs:564; OpenOptions at 570/624,"Make queue append/lease/complete atomic with leases, locks, hop receipts, idempotency proofs, and safe-mode quarantine.","Make queue append/lease/complete atomic with leases, locks, hop receipts, idempotency proofs, and safe-mode quarantine.",Phase 07 queue/daemon concurrency,open,"Not all rows are reproduced runtime bugs; matrix intentionally includes confirmed defects, hardening risks, and missing hostile/conformance proofs."
AHD-0368,Medium,High-confidence hardening risk,Prior audit normalized,"Queue, scheduler, daemon & concurrency",v11A Execution Evidence / v11B Region Scheduling,crates/aidens-daemon-kit/src/lib.rs,Queue compaction/subtraction law is not specified with history budget.,Risk that queue/lease/scheduler behavior races or loses lineage.,local scan: queue term count 335; lease term count 425,"Make queue append/lease/complete atomic with leases, locks, hop receipts, idempotency proofs, and safe-mode quarantine.","Make queue append/lease/complete atomic with leases, locks, hop receipts, idempotency proofs, and safe-mode quarantine.",Phase 07 queue/daemon concurrency,open,"Not all rows are reproduced runtime bugs; matrix intentionally includes confirmed defects, hardening risks, and missing hostile/conformance proofs."
AHD-0369,Critical,Conformance/test gap,Prior audit normalized,"Queue, scheduler, daemon & concurrency",v11A Execution Evidence / v11B Region Scheduling,crates/aidens-contracts/src/daemon_queue.rs,Queue snapshots read entire logs and have scaling/poison risks.,Risk that queue/lease/scheduler behavior races or loses lineage.,local scan: append_record in aidens-queue-kit/src/lib.rs:564; OpenOptions at 570/624,"Make queue append/lease/complete atomic with leases, locks, hop receipts, idempotency proofs, and safe-mode quarantine.","Make queue append/lease/complete atomic with leases, locks, hop receipts, idempotency proofs, and safe-mode quarantine.",Phase 07 queue/daemon concurrency,open,"Not all rows are reproduced runtime bugs; matrix intentionally includes confirmed defects, hardening risks, and missing hostile/conformance proofs."
AHD-0370,High,Confirmed source pattern,Prior audit normalized,"Queue, scheduler, daemon & concurrency",v11A Execution Evidence / v11B Region Scheduling,crates/aidens-queue-kit/src/lib.rs,Queue hop receipts need full lineage into execution context envelopes.,Risk that queue/lease/scheduler behavior races or loses lineage.,local scan: queue term count 335; lease term count 425,"Make queue append/lease/complete atomic with leases, locks, hop receipts, idempotency proofs, and safe-mode quarantine.","Make queue append/lease/complete atomic with leases, locks, hop receipts, idempotency proofs, and safe-mode quarantine.",Phase 07 queue/daemon concurrency,open,"Not all rows are reproduced runtime bugs; matrix intentionally includes confirmed defects, hardening risks, and missing hostile/conformance proofs."
AHD-0371,High,High-confidence hardening risk,Prior audit normalized,"Queue, scheduler, daemon & concurrency",v11A Execution Evidence / v11B Region Scheduling,crates/aidens-daemon-kit/src/lib.rs,Queue append computes sequence from snapshot state and can race under concurrent writers. Scope variant 2: apply to crates/aidens-daemon-kit/src/lib.rs and adjacent caller/callee surfaces.,Risk that queue/lease/scheduler behavior races or loses lineage.,local scan: append_record in aidens-queue-kit/src/lib.rs:564; OpenOptions at 570/624,"Make queue append/lease/complete atomic with leases, locks, hop receipts, idempotency proofs, and safe-mode quarantine.","Make queue append/lease/complete atomic with leases, locks, hop receipts, idempotency proofs, and safe-mode quarantine.",Phase 07 queue/daemon concurrency,open,"Not all rows are reproduced runtime bugs; matrix intentionally includes confirmed defects, hardening risks, and missing hostile/conformance proofs."
AHD-0372,Medium,Conformance/test gap,Prior audit normalized,"Queue, scheduler, daemon & concurrency",v11A Execution Evidence / v11B Region Scheduling,crates/aidens-contracts/src/daemon_queue.rs,Queue idempotency suppression can race under concurrent enqueue. Scope variant 2: apply to crates/aidens-contracts/src/daemon_queue.rs and adjacent caller/callee surfaces.,Risk that queue/lease/scheduler behavior races or loses lineage.,local scan: queue term count 335; lease term count 425,"Make queue append/lease/complete atomic with leases, locks, hop receipts, idempotency proofs, and safe-mode quarantine.","Make queue append/lease/complete atomic with leases, locks, hop receipts, idempotency proofs, and safe-mode quarantine.",Phase 07 queue/daemon concurrency,open,"Not all rows are reproduced runtime bugs; matrix intentionally includes confirmed defects, hardening risks, and missing hostile/conformance proofs."
AHD-0373,Critical,Confirmed source pattern,Prior audit normalized,"Queue, scheduler, daemon & concurrency",v11A Execution Evidence / v11B Region Scheduling,crates/aidens-queue-kit/src/lib.rs,Lease acquisition is snapshot-plus-append and can double-lease jobs. Scope variant 2: apply to crates/aidens-queue-kit/src/lib.rs and adjacent caller/callee surfaces.,Risk that queue/lease/scheduler behavior races or loses lineage.,local scan: append_record in aidens-queue-kit/src/lib.rs:564; OpenOptions at 570/624,"Make queue append/lease/complete atomic with leases, locks, hop receipts, idempotency proofs, and safe-mode quarantine.","Make queue append/lease/complete atomic with leases, locks, hop receipts, idempotency proofs, and safe-mode quarantine.",Phase 07 queue/daemon concurrency,open,"Not all rows are reproduced runtime bugs; matrix intentionally includes confirmed defects, hardening risks, and missing hostile/conformance proofs."
AHD-0374,High,High-confidence hardening risk,Prior audit normalized,"Queue, scheduler, daemon & concurrency",v11A Execution Evidence / v11B Region Scheduling,crates/aidens-daemon-kit/src/lib.rs,Job completion can be insufficiently coupled to a verified active lease. Scope variant 2: apply to crates/aidens-daemon-kit/src/lib.rs and adjacent caller/callee surfaces.,Risk that queue/lease/scheduler behavior races or loses lineage.,local scan: queue term count 335; lease term count 425,"Make queue append/lease/complete atomic with leases, locks, hop receipts, idempotency proofs, and safe-mode quarantine.","Make queue append/lease/complete atomic with leases, locks, hop receipts, idempotency proofs, and safe-mode quarantine.",Phase 07 queue/daemon concurrency,open,"Not all rows are reproduced runtime bugs; matrix intentionally includes confirmed defects, hardening risks, and missing hostile/conformance proofs."
AHD-0375,High,Conformance/test gap,Prior audit normalized,"Queue, scheduler, daemon & concurrency",v11A Execution Evidence / v11B Region Scheduling,crates/aidens-contracts/src/daemon_queue.rs,Lease expiry and late completion need adversarial fixtures. Scope variant 2: apply to crates/aidens-contracts/src/daemon_queue.rs and adjacent caller/callee surfaces.,Risk that queue/lease/scheduler behavior races or loses lineage.,local scan: append_record in aidens-queue-kit/src/lib.rs:564; OpenOptions at 570/624,"Make queue append/lease/complete atomic with leases, locks, hop receipts, idempotency proofs, and safe-mode quarantine.","Make queue append/lease/complete atomic with leases, locks, hop receipts, idempotency proofs, and safe-mode quarantine.",Phase 07 queue/daemon concurrency,open,"Not all rows are reproduced runtime bugs; matrix intentionally includes confirmed defects, hardening risks, and missing hostile/conformance proofs."
AHD-0376,Medium,Confirmed source pattern,Prior audit normalized,"Queue, scheduler, daemon & concurrency",v11A Execution Evidence / v11B Region Scheduling,crates/aidens-queue-kit/src/lib.rs,Safe mode blocks new risky jobs but may not quarantine already queued risky work. Scope variant 2: apply to crates/aidens-queue-kit/src/lib.rs and adjacent caller/callee surfaces.,Risk that queue/lease/scheduler behavior races or loses lineage.,local scan: queue term count 335; lease term count 425,"Make queue append/lease/complete atomic with leases, locks, hop receipts, idempotency proofs, and safe-mode quarantine.","Make queue append/lease/complete atomic with leases, locks, hop receipts, idempotency proofs, and safe-mode quarantine.",Phase 07 queue/daemon concurrency,open,"Not all rows are reproduced runtime bugs; matrix intentionally includes confirmed defects, hardening risks, and missing hostile/conformance proofs."
AHD-0377,Critical,High-confidence hardening risk,Prior audit normalized,"Queue, scheduler, daemon & concurrency",v11A Execution Evidence / v11B Region Scheduling,crates/aidens-daemon-kit/src/lib.rs,Queue owner identity is string-based rather than permit/attestation-bound. Scope variant 2: apply to crates/aidens-daemon-kit/src/lib.rs and adjacent caller/callee surfaces.,Risk that queue/lease/scheduler behavior races or loses lineage.,local scan: append_record in aidens-queue-kit/src/lib.rs:564; OpenOptions at 570/624,"Make queue append/lease/complete atomic with leases, locks, hop receipts, idempotency proofs, and safe-mode quarantine.","Make queue append/lease/complete atomic with leases, locks, hop receipts, idempotency proofs, and safe-mode quarantine.",Phase 07 queue/daemon concurrency,open,"Not all rows are reproduced runtime bugs; matrix intentionally includes confirmed defects, hardening risks, and missing hostile/conformance proofs."
AHD-0378,High,Conformance/test gap,Prior audit normalized,"Queue, scheduler, daemon & concurrency",v11A Execution Evidence / v11B Region Scheduling,crates/aidens-contracts/src/daemon_queue.rs,Queue compaction/subtraction law is not specified with history budget. Scope variant 2: apply to crates/aidens-contracts/src/daemon_queue.rs and adjacent caller/callee surfaces.,Risk that queue/lease/scheduler behavior races or loses lineage.,local scan: queue term count 335; lease term count 425,"Make queue append/lease/complete atomic with leases, locks, hop receipts, idempotency proofs, and safe-mode quarantine.","Make queue append/lease/complete atomic with leases, locks, hop receipts, idempotency proofs, and safe-mode quarantine.",Phase 07 queue/daemon concurrency,open,"Not all rows are reproduced runtime bugs; matrix intentionally includes confirmed defects, hardening risks, and missing hostile/conformance proofs."
AHD-0379,High,Confirmed source pattern,Prior audit normalized,"Queue, scheduler, daemon & concurrency",v11A Execution Evidence / v11B Region Scheduling,crates/aidens-queue-kit/src/lib.rs,Queue snapshots read entire logs and have scaling/poison risks. Scope variant 2: apply to crates/aidens-queue-kit/src/lib.rs and adjacent caller/callee surfaces.,Risk that queue/lease/scheduler behavior races or loses lineage.,local scan: append_record in aidens-queue-kit/src/lib.rs:564; OpenOptions at 570/624,"Make queue append/lease/complete atomic with leases, locks, hop receipts, idempotency proofs, and safe-mode quarantine.","Make queue append/lease/complete atomic with leases, locks, hop receipts, idempotency proofs, and safe-mode quarantine.",Phase 07 queue/daemon concurrency,open,"Not all rows are reproduced runtime bugs; matrix intentionally includes confirmed defects, hardening risks, and missing hostile/conformance proofs."
AHD-0380,Medium,High-confidence hardening risk,Prior audit normalized,"Queue, scheduler, daemon & concurrency",v11A Execution Evidence / v11B Region Scheduling,crates/aidens-daemon-kit/src/lib.rs,Queue hop receipts need full lineage into execution context envelopes. Scope variant 2: apply to crates/aidens-daemon-kit/src/lib.rs and adjacent caller/callee surfaces.,Risk that queue/lease/scheduler behavior races or loses lineage.,local scan: queue term count 335; lease term count 425,"Make queue append/lease/complete atomic with leases, locks, hop receipts, idempotency proofs, and safe-mode quarantine.","Make queue append/lease/complete atomic with leases, locks, hop receipts, idempotency proofs, and safe-mode quarantine.",Phase 07 queue/daemon concurrency,open,"Not all rows are reproduced runtime bugs; matrix intentionally includes confirmed defects, hardening risks, and missing hostile/conformance proofs."
AHD-0381,Critical,Conformance/test gap,Prior audit normalized,"Queue, scheduler, daemon & concurrency",v11A Execution Evidence / v11B Region Scheduling,crates/aidens-contracts/src/daemon_queue.rs,Queue append computes sequence from snapshot state and can race under concurrent writers. Scope variant 3: apply to crates/aidens-contracts/src/daemon_queue.rs and adjacent caller/callee surfaces.,Risk that queue/lease/scheduler behavior races or loses lineage.,local scan: append_record in aidens-queue-kit/src/lib.rs:564; OpenOptions at 570/624,"Make queue append/lease/complete atomic with leases, locks, hop receipts, idempotency proofs, and safe-mode quarantine.","Make queue append/lease/complete atomic with leases, locks, hop receipts, idempotency proofs, and safe-mode quarantine.",Phase 07 queue/daemon concurrency,open,"Not all rows are reproduced runtime bugs; matrix intentionally includes confirmed defects, hardening risks, and missing hostile/conformance proofs."
AHD-0382,High,Confirmed source pattern,Prior audit normalized,"Queue, scheduler, daemon & concurrency",v11A Execution Evidence / v11B Region Scheduling,crates/aidens-queue-kit/src/lib.rs,Queue idempotency suppression can race under concurrent enqueue. Scope variant 3: apply to crates/aidens-queue-kit/src/lib.rs and adjacent caller/callee surfaces.,Risk that queue/lease/scheduler behavior races or loses lineage.,local scan: queue term count 335; lease term count 425,"Make queue append/lease/complete atomic with leases, locks, hop receipts, idempotency proofs, and safe-mode quarantine.","Make queue append/lease/complete atomic with leases, locks, hop receipts, idempotency proofs, and safe-mode quarantine.",Phase 07 queue/daemon concurrency,open,"Not all rows are reproduced runtime bugs; matrix intentionally includes confirmed defects, hardening risks, and missing hostile/conformance proofs."
AHD-0383,High,High-confidence hardening risk,Prior audit normalized,"Queue, scheduler, daemon & concurrency",v11A Execution Evidence / v11B Region Scheduling,crates/aidens-daemon-kit/src/lib.rs,Lease acquisition is snapshot-plus-append and can double-lease jobs. Scope variant 3: apply to crates/aidens-daemon-kit/src/lib.rs and adjacent caller/callee surfaces.,Risk that queue/lease/scheduler behavior races or loses lineage.,local scan: append_record in aidens-queue-kit/src/lib.rs:564; OpenOptions at 570/624,"Make queue append/lease/complete atomic with leases, locks, hop receipts, idempotency proofs, and safe-mode quarantine.","Make queue append/lease/complete atomic with leases, locks, hop receipts, idempotency proofs, and safe-mode quarantine.",Phase 07 queue/daemon concurrency,open,"Not all rows are reproduced runtime bugs; matrix intentionally includes confirmed defects, hardening risks, and missing hostile/conformance proofs."
AHD-0384,Medium,Conformance/test gap,Prior audit normalized,"Queue, scheduler, daemon & concurrency",v11A Execution Evidence / v11B Region Scheduling,crates/aidens-contracts/src/daemon_queue.rs,Job completion can be insufficiently coupled to a verified active lease. Scope variant 3: apply to crates/aidens-contracts/src/daemon_queue.rs and adjacent caller/callee surfaces.,Risk that queue/lease/scheduler behavior races or loses lineage.,local scan: queue term count 335; lease term count 425,"Make queue append/lease/complete atomic with leases, locks, hop receipts, idempotency proofs, and safe-mode quarantine.","Make queue append/lease/complete atomic with leases, locks, hop receipts, idempotency proofs, and safe-mode quarantine.",Phase 07 queue/daemon concurrency,open,"Not all rows are reproduced runtime bugs; matrix intentionally includes confirmed defects, hardening risks, and missing hostile/conformance proofs."
AHD-0385,Critical,Confirmed source pattern,Prior audit normalized,"Queue, scheduler, daemon & concurrency",v11A Execution Evidence / v11B Region Scheduling,crates/aidens-queue-kit/src/lib.rs,Lease expiry and late completion need adversarial fixtures. Scope variant 3: apply to crates/aidens-queue-kit/src/lib.rs and adjacent caller/callee surfaces.,Risk that queue/lease/scheduler behavior races or loses lineage.,local scan: append_record in aidens-queue-kit/src/lib.rs:564; OpenOptions at 570/624,"Make queue append/lease/complete atomic with leases, locks, hop receipts, idempotency proofs, and safe-mode quarantine.","Make queue append/lease/complete atomic with leases, locks, hop receipts, idempotency proofs, and safe-mode quarantine.",Phase 07 queue/daemon concurrency,open,"Not all rows are reproduced runtime bugs; matrix intentionally includes confirmed defects, hardening risks, and missing hostile/conformance proofs."
AHD-0386,High,High-confidence hardening risk,Prior audit normalized,"Queue, scheduler, daemon & concurrency",v11A Execution Evidence / v11B Region Scheduling,crates/aidens-daemon-kit/src/lib.rs,Safe mode blocks new risky jobs but may not quarantine already queued risky work. Scope variant 3: apply to crates/aidens-daemon-kit/src/lib.rs and adjacent caller/callee surfaces.,Risk that queue/lease/scheduler behavior races or loses lineage.,local scan: queue term count 335; lease term count 425,"Make queue append/lease/complete atomic with leases, locks, hop receipts, idempotency proofs, and safe-mode quarantine.","Make queue append/lease/complete atomic with leases, locks, hop receipts, idempotency proofs, and safe-mode quarantine.",Phase 07 queue/daemon concurrency,open,"Not all rows are reproduced runtime bugs; matrix intentionally includes confirmed defects, hardening risks, and missing hostile/conformance proofs."
AHD-0387,High,Conformance/test gap,Prior audit normalized,"Queue, scheduler, daemon & concurrency",v11A Execution Evidence / v11B Region Scheduling,crates/aidens-contracts/src/daemon_queue.rs,Queue owner identity is string-based rather than permit/attestation-bound. Scope variant 3: apply to crates/aidens-contracts/src/daemon_queue.rs and adjacent caller/callee surfaces.,Risk that queue/lease/scheduler behavior races or loses lineage.,local scan: append_record in aidens-queue-kit/src/lib.rs:564; OpenOptions at 570/624,"Make queue append/lease/complete atomic with leases, locks, hop receipts, idempotency proofs, and safe-mode quarantine.","Make queue append/lease/complete atomic with leases, locks, hop receipts, idempotency proofs, and safe-mode quarantine.",Phase 07 queue/daemon concurrency,open,"Not all rows are reproduced runtime bugs; matrix intentionally includes confirmed defects, hardening risks, and missing hostile/conformance proofs."
AHD-0388,Medium,Confirmed source pattern,Prior audit normalized,"Queue, scheduler, daemon & concurrency",v11A Execution Evidence / v11B Region Scheduling,crates/aidens-queue-kit/src/lib.rs,Queue compaction/subtraction law is not specified with history budget. Scope variant 3: apply to crates/aidens-queue-kit/src/lib.rs and adjacent caller/callee surfaces.,Risk that queue/lease/scheduler behavior races or loses lineage.,local scan: queue term count 335; lease term count 425,"Make queue append/lease/complete atomic with leases, locks, hop receipts, idempotency proofs, and safe-mode quarantine.","Make queue append/lease/complete atomic with leases, locks, hop receipts, idempotency proofs, and safe-mode quarantine.",Phase 07 queue/daemon concurrency,open,"Not all rows are reproduced runtime bugs; matrix intentionally includes confirmed defects, hardening risks, and missing hostile/conformance proofs."
AHD-0389,Critical,High-confidence hardening risk,Prior audit normalized,"Queue, scheduler, daemon & concurrency",v11A Execution Evidence / v11B Region Scheduling,crates/aidens-daemon-kit/src/lib.rs,Queue snapshots read entire logs and have scaling/poison risks. Scope variant 3: apply to crates/aidens-daemon-kit/src/lib.rs and adjacent caller/callee surfaces.,Risk that queue/lease/scheduler behavior races or loses lineage.,local scan: append_record in aidens-queue-kit/src/lib.rs:564; OpenOptions at 570/624,"Make queue append/lease/complete atomic with leases, locks, hop receipts, idempotency proofs, and safe-mode quarantine.","Make queue append/lease/complete atomic with leases, locks, hop receipts, idempotency proofs, and safe-mode quarantine.",Phase 07 queue/daemon concurrency,open,"Not all rows are reproduced runtime bugs; matrix intentionally includes confirmed defects, hardening risks, and missing hostile/conformance proofs."
AHD-0390,High,Conformance/test gap,Prior audit normalized,"Queue, scheduler, daemon & concurrency",v11A Execution Evidence / v11B Region Scheduling,crates/aidens-contracts/src/daemon_queue.rs,Queue hop receipts need full lineage into execution context envelopes. Scope variant 3: apply to crates/aidens-contracts/src/daemon_queue.rs and adjacent caller/callee surfaces.,Risk that queue/lease/scheduler behavior races or loses lineage.,local scan: queue term count 335; lease term count 425,"Make queue append/lease/complete atomic with leases, locks, hop receipts, idempotency proofs, and safe-mode quarantine.","Make queue append/lease/complete atomic with leases, locks, hop receipts, idempotency proofs, and safe-mode quarantine.",Phase 07 queue/daemon concurrency,open,"Not all rows are reproduced runtime bugs; matrix intentionally includes confirmed defects, hardening risks, and missing hostile/conformance proofs."
AHD-0391,High,Confirmed source pattern,Prior audit normalized,"Queue, scheduler, daemon & concurrency",v11A Execution Evidence / v11B Region Scheduling,crates/aidens-queue-kit/src/lib.rs,Queue append computes sequence from snapshot state and can race under concurrent writers. Scope variant 4: apply to crates/aidens-queue-kit/src/lib.rs and adjacent caller/callee surfaces.,Risk that queue/lease/scheduler behavior races or loses lineage.,local scan: append_record in aidens-queue-kit/src/lib.rs:564; OpenOptions at 570/624,"Make queue append/lease/complete atomic with leases, locks, hop receipts, idempotency proofs, and safe-mode quarantine.","Make queue append/lease/complete atomic with leases, locks, hop receipts, idempotency proofs, and safe-mode quarantine.",Phase 07 queue/daemon concurrency,open,"Not all rows are reproduced runtime bugs; matrix intentionally includes confirmed defects, hardening risks, and missing hostile/conformance proofs."
AHD-0392,Medium,High-confidence hardening risk,Prior audit normalized,"Queue, scheduler, daemon & concurrency",v11A Execution Evidence / v11B Region Scheduling,crates/aidens-daemon-kit/src/lib.rs,Queue idempotency suppression can race under concurrent enqueue. Scope variant 4: apply to crates/aidens-daemon-kit/src/lib.rs and adjacent caller/callee surfaces.,Risk that queue/lease/scheduler behavior races or loses lineage.,local scan: queue term count 335; lease term count 425,"Make queue append/lease/complete atomic with leases, locks, hop receipts, idempotency proofs, and safe-mode quarantine.","Make queue append/lease/complete atomic with leases, locks, hop receipts, idempotency proofs, and safe-mode quarantine.",Phase 07 queue/daemon concurrency,open,"Not all rows are reproduced runtime bugs; matrix intentionally includes confirmed defects, hardening risks, and missing hostile/conformance proofs."
AHD-0393,Critical,Conformance/test gap,Prior audit normalized,"Queue, scheduler, daemon & concurrency",v11A Execution Evidence / v11B Region Scheduling,crates/aidens-contracts/src/daemon_queue.rs,Lease acquisition is snapshot-plus-append and can double-lease jobs. Scope variant 4: apply to crates/aidens-contracts/src/daemon_queue.rs and adjacent caller/callee surfaces.,Risk that queue/lease/scheduler behavior races or loses lineage.,local scan: append_record in aidens-queue-kit/src/lib.rs:564; OpenOptions at 570/624,"Make queue append/lease/complete atomic with leases, locks, hop receipts, idempotency proofs, and safe-mode quarantine.","Make queue append/lease/complete atomic with leases, locks, hop receipts, idempotency proofs, and safe-mode quarantine.",Phase 07 queue/daemon concurrency,open,"Not all rows are reproduced runtime bugs; matrix intentionally includes confirmed defects, hardening risks, and missing hostile/conformance proofs."
AHD-0394,High,Confirmed source pattern,Prior audit normalized,"Queue, scheduler, daemon & concurrency",v11A Execution Evidence / v11B Region Scheduling,crates/aidens-queue-kit/src/lib.rs,Job completion can be insufficiently coupled to a verified active lease. Scope variant 4: apply to crates/aidens-queue-kit/src/lib.rs and adjacent caller/callee surfaces.,Risk that queue/lease/scheduler behavior races or loses lineage.,local scan: queue term count 335; lease term count 425,"Make queue append/lease/complete atomic with leases, locks, hop receipts, idempotency proofs, and safe-mode quarantine.","Make queue append/lease/complete atomic with leases, locks, hop receipts, idempotency proofs, and safe-mode quarantine.",Phase 07 queue/daemon concurrency,open,"Not all rows are reproduced runtime bugs; matrix intentionally includes confirmed defects, hardening risks, and missing hostile/conformance proofs."
AHD-0395,High,High-confidence hardening risk,Prior audit normalized,"Queue, scheduler, daemon & concurrency",v11A Execution Evidence / v11B Region Scheduling,crates/aidens-daemon-kit/src/lib.rs,Lease expiry and late completion need adversarial fixtures. Scope variant 4: apply to crates/aidens-daemon-kit/src/lib.rs and adjacent caller/callee surfaces.,Risk that queue/lease/scheduler behavior races or loses lineage.,local scan: append_record in aidens-queue-kit/src/lib.rs:564; OpenOptions at 570/624,"Make queue append/lease/complete atomic with leases, locks, hop receipts, idempotency proofs, and safe-mode quarantine.","Make queue append/lease/complete atomic with leases, locks, hop receipts, idempotency proofs, and safe-mode quarantine.",Phase 07 queue/daemon concurrency,open,"Not all rows are reproduced runtime bugs; matrix intentionally includes confirmed defects, hardening risks, and missing hostile/conformance proofs."
AHD-0396,Medium,Conformance/test gap,Prior audit normalized,"Queue, scheduler, daemon & concurrency",v11A Execution Evidence / v11B Region Scheduling,crates/aidens-contracts/src/daemon_queue.rs,Safe mode blocks new risky jobs but may not quarantine already queued risky work. Scope variant 4: apply to crates/aidens-contracts/src/daemon_queue.rs and adjacent caller/callee surfaces.,Risk that queue/lease/scheduler behavior races or loses lineage.,local scan: queue term count 335; lease term count 425,"Make queue append/lease/complete atomic with leases, locks, hop receipts, idempotency proofs, and safe-mode quarantine.","Make queue append/lease/complete atomic with leases, locks, hop receipts, idempotency proofs, and safe-mode quarantine.",Phase 07 queue/daemon concurrency,open,"Not all rows are reproduced runtime bugs; matrix intentionally includes confirmed defects, hardening risks, and missing hostile/conformance proofs."
AHD-0397,Critical,Confirmed source pattern,Prior audit normalized,"Queue, scheduler, daemon & concurrency",v11A Execution Evidence / v11B Region Scheduling,crates/aidens-queue-kit/src/lib.rs,Queue owner identity is string-based rather than permit/attestation-bound. Scope variant 4: apply to crates/aidens-queue-kit/src/lib.rs and adjacent caller/callee surfaces.,Risk that queue/lease/scheduler behavior races or loses lineage.,local scan: append_record in aidens-queue-kit/src/lib.rs:564; OpenOptions at 570/624,"Make queue append/lease/complete atomic with leases, locks, hop receipts, idempotency proofs, and safe-mode quarantine.","Make queue append/lease/complete atomic with leases, locks, hop receipts, idempotency proofs, and safe-mode quarantine.",Phase 07 queue/daemon concurrency,open,"Not all rows are reproduced runtime bugs; matrix intentionally includes confirmed defects, hardening risks, and missing hostile/conformance proofs."
AHD-0398,High,High-confidence hardening risk,Prior audit normalized,"Queue, scheduler, daemon & concurrency",v11A Execution Evidence / v11B Region Scheduling,crates/aidens-daemon-kit/src/lib.rs,Queue compaction/subtraction law is not specified with history budget. Scope variant 4: apply to crates/aidens-daemon-kit/src/lib.rs and adjacent caller/callee surfaces.,Risk that queue/lease/scheduler behavior races or loses lineage.,local scan: queue term count 335; lease term count 425,"Make queue append/lease/complete atomic with leases, locks, hop receipts, idempotency proofs, and safe-mode quarantine.","Make queue append/lease/complete atomic with leases, locks, hop receipts, idempotency proofs, and safe-mode quarantine.",Phase 07 queue/daemon concurrency,open,"Not all rows are reproduced runtime bugs; matrix intentionally includes confirmed defects, hardening risks, and missing hostile/conformance proofs."
AHD-0399,High,Conformance/test gap,Prior audit normalized,"Queue, scheduler, daemon & concurrency",v11A Execution Evidence / v11B Region Scheduling,crates/aidens-contracts/src/daemon_queue.rs,Queue snapshots read entire logs and have scaling/poison risks. Scope variant 4: apply to crates/aidens-contracts/src/daemon_queue.rs and adjacent caller/callee surfaces.,Risk that queue/lease/scheduler behavior races or loses lineage.,local scan: append_record in aidens-queue-kit/src/lib.rs:564; OpenOptions at 570/624,"Make queue append/lease/complete atomic with leases, locks, hop receipts, idempotency proofs, and safe-mode quarantine.","Make queue append/lease/complete atomic with leases, locks, hop receipts, idempotency proofs, and safe-mode quarantine.",Phase 07 queue/daemon concurrency,open,"Not all rows are reproduced runtime bugs; matrix intentionally includes confirmed defects, hardening risks, and missing hostile/conformance proofs."
AHD-0400,Medium,Confirmed source pattern,Prior audit normalized,"Queue, scheduler, daemon & concurrency",v11A Execution Evidence / v11B Region Scheduling,crates/aidens-queue-kit/src/lib.rs,Queue hop receipts need full lineage into execution context envelopes. Scope variant 4: apply to crates/aidens-queue-kit/src/lib.rs and adjacent caller/callee surfaces.,Risk that queue/lease/scheduler behavior races or loses lineage.,local scan: queue term count 335; lease term count 425,"Make queue append/lease/complete atomic with leases, locks, hop receipts, idempotency proofs, and safe-mode quarantine.","Make queue append/lease/complete atomic with leases, locks, hop receipts, idempotency proofs, and safe-mode quarantine.",Phase 07 queue/daemon concurrency,open,"Not all rows are reproduced runtime bugs; matrix intentionally includes confirmed defects, hardening risks, and missing hostile/conformance proofs."
AHD-0401,Critical,High-confidence hardening risk,Current deep static audit,"Queue, scheduler, daemon & concurrency",v11A Execution Evidence / v11B Region Scheduling,crates/aidens-daemon-kit/src/lib.rs,Queue append computes sequence from snapshot state and can race under concurrent writers. Scope variant 5: apply to crates/aidens-daemon-kit/src/lib.rs and adjacent caller/callee surfaces.,Risk that queue/lease/scheduler behavior races or loses lineage.,local scan: append_record in aidens-queue-kit/src/lib.rs:564; OpenOptions at 570/624,"Make queue append/lease/complete atomic with leases, locks, hop receipts, idempotency proofs, and safe-mode quarantine.","Make queue append/lease/complete atomic with leases, locks, hop receipts, idempotency proofs, and safe-mode quarantine.",Phase 07 queue/daemon concurrency,open,"Not all rows are reproduced runtime bugs; matrix intentionally includes confirmed defects, hardening risks, and missing hostile/conformance proofs."
AHD-0402,High,Conformance/test gap,Current deep static audit,"Queue, scheduler, daemon & concurrency",v11A Execution Evidence / v11B Region Scheduling,crates/aidens-contracts/src/daemon_queue.rs,Queue idempotency suppression can race under concurrent enqueue. Scope variant 5: apply to crates/aidens-contracts/src/daemon_queue.rs and adjacent caller/callee surfaces.,Risk that queue/lease/scheduler behavior races or loses lineage.,local scan: queue term count 335; lease term count 425,"Make queue append/lease/complete atomic with leases, locks, hop receipts, idempotency proofs, and safe-mode quarantine.","Make queue append/lease/complete atomic with leases, locks, hop receipts, idempotency proofs, and safe-mode quarantine.",Phase 07 queue/daemon concurrency,open,"Not all rows are reproduced runtime bugs; matrix intentionally includes confirmed defects, hardening risks, and missing hostile/conformance proofs."
AHD-0403,High,Confirmed source pattern,Current deep static audit,"Queue, scheduler, daemon & concurrency",v11A Execution Evidence / v11B Region Scheduling,crates/aidens-queue-kit/src/lib.rs,Lease acquisition is snapshot-plus-append and can double-lease jobs. Scope variant 5: apply to crates/aidens-queue-kit/src/lib.rs and adjacent caller/callee surfaces.,Risk that queue/lease/scheduler behavior races or loses lineage.,local scan: append_record in aidens-queue-kit/src/lib.rs:564; OpenOptions at 570/624,"Make queue append/lease/complete atomic with leases, locks, hop receipts, idempotency proofs, and safe-mode quarantine.","Make queue append/lease/complete atomic with leases, locks, hop receipts, idempotency proofs, and safe-mode quarantine.",Phase 07 queue/daemon concurrency,open,"Not all rows are reproduced runtime bugs; matrix intentionally includes confirmed defects, hardening risks, and missing hostile/conformance proofs."
AHD-0404,Medium,High-confidence hardening risk,Current deep static audit,"Queue, scheduler, daemon & concurrency",v11A Execution Evidence / v11B Region Scheduling,crates/aidens-daemon-kit/src/lib.rs,Job completion can be insufficiently coupled to a verified active lease. Scope variant 5: apply to crates/aidens-daemon-kit/src/lib.rs and adjacent caller/callee surfaces.,Risk that queue/lease/scheduler behavior races or loses lineage.,local scan: queue term count 335; lease term count 425,"Make queue append/lease/complete atomic with leases, locks, hop receipts, idempotency proofs, and safe-mode quarantine.","Make queue append/lease/complete atomic with leases, locks, hop receipts, idempotency proofs, and safe-mode quarantine.",Phase 07 queue/daemon concurrency,open,"Not all rows are reproduced runtime bugs; matrix intentionally includes confirmed defects, hardening risks, and missing hostile/conformance proofs."
AHD-0405,Critical,Conformance/test gap,Current deep static audit,"Queue, scheduler, daemon & concurrency",v11A Execution Evidence / v11B Region Scheduling,crates/aidens-contracts/src/daemon_queue.rs,Lease expiry and late completion need adversarial fixtures. Scope variant 5: apply to crates/aidens-contracts/src/daemon_queue.rs and adjacent caller/callee surfaces.,Risk that queue/lease/scheduler behavior races or loses lineage.,local scan: append_record in aidens-queue-kit/src/lib.rs:564; OpenOptions at 570/624,"Make queue append/lease/complete atomic with leases, locks, hop receipts, idempotency proofs, and safe-mode quarantine.","Make queue append/lease/complete atomic with leases, locks, hop receipts, idempotency proofs, and safe-mode quarantine.",Phase 07 queue/daemon concurrency,open,"Not all rows are reproduced runtime bugs; matrix intentionally includes confirmed defects, hardening risks, and missing hostile/conformance proofs."
AHD-0406,High,Confirmed source pattern,Current deep static audit,"Queue, scheduler, daemon & concurrency",v11A Execution Evidence / v11B Region Scheduling,crates/aidens-queue-kit/src/lib.rs,Safe mode blocks new risky jobs but may not quarantine already queued risky work. Scope variant 5: apply to crates/aidens-queue-kit/src/lib.rs and adjacent caller/callee surfaces.,Risk that queue/lease/scheduler behavior races or loses lineage.,local scan: queue term count 335; lease term count 425,"Make queue append/lease/complete atomic with leases, locks, hop receipts, idempotency proofs, and safe-mode quarantine.","Make queue append/lease/complete atomic with leases, locks, hop receipts, idempotency proofs, and safe-mode quarantine.",Phase 07 queue/daemon concurrency,open,"Not all rows are reproduced runtime bugs; matrix intentionally includes confirmed defects, hardening risks, and missing hostile/conformance proofs."
AHD-0407,High,High-confidence hardening risk,Current deep static audit,"Queue, scheduler, daemon & concurrency",v11A Execution Evidence / v11B Region Scheduling,crates/aidens-daemon-kit/src/lib.rs,Queue owner identity is string-based rather than permit/attestation-bound. Scope variant 5: apply to crates/aidens-daemon-kit/src/lib.rs and adjacent caller/callee surfaces.,Risk that queue/lease/scheduler behavior races or loses lineage.,local scan: append_record in aidens-queue-kit/src/lib.rs:564; OpenOptions at 570/624,"Make queue append/lease/complete atomic with leases, locks, hop receipts, idempotency proofs, and safe-mode quarantine.","Make queue append/lease/complete atomic with leases, locks, hop receipts, idempotency proofs, and safe-mode quarantine.",Phase 07 queue/daemon concurrency,open,"Not all rows are reproduced runtime bugs; matrix intentionally includes confirmed defects, hardening risks, and missing hostile/conformance proofs."
AHD-0408,Medium,Conformance/test gap,Current deep static audit,"Queue, scheduler, daemon & concurrency",v11A Execution Evidence / v11B Region Scheduling,crates/aidens-contracts/src/daemon_queue.rs,Queue compaction/subtraction law is not specified with history budget. Scope variant 5: apply to crates/aidens-contracts/src/daemon_queue.rs and adjacent caller/callee surfaces.,Risk that queue/lease/scheduler behavior races or loses lineage.,local scan: queue term count 335; lease term count 425,"Make queue append/lease/complete atomic with leases, locks, hop receipts, idempotency proofs, and safe-mode quarantine.","Make queue append/lease/complete atomic with leases, locks, hop receipts, idempotency proofs, and safe-mode quarantine.",Phase 07 queue/daemon concurrency,open,"Not all rows are reproduced runtime bugs; matrix intentionally includes confirmed defects, hardening risks, and missing hostile/conformance proofs."
AHD-0409,Critical,Confirmed source pattern,Current deep static audit,"Queue, scheduler, daemon & concurrency",v11A Execution Evidence / v11B Region Scheduling,crates/aidens-queue-kit/src/lib.rs,Queue snapshots read entire logs and have scaling/poison risks. Scope variant 5: apply to crates/aidens-queue-kit/src/lib.rs and adjacent caller/callee surfaces.,Risk that queue/lease/scheduler behavior races or loses lineage.,local scan: append_record in aidens-queue-kit/src/lib.rs:564; OpenOptions at 570/624,"Make queue append/lease/complete atomic with leases, locks, hop receipts, idempotency proofs, and safe-mode quarantine.","Make queue append/lease/complete atomic with leases, locks, hop receipts, idempotency proofs, and safe-mode quarantine.",Phase 07 queue/daemon concurrency,open,"Not all rows are reproduced runtime bugs; matrix intentionally includes confirmed defects, hardening risks, and missing hostile/conformance proofs."
AHD-0410,High,High-confidence hardening risk,Current deep static audit,"Queue, scheduler, daemon & concurrency",v11A Execution Evidence / v11B Region Scheduling,crates/aidens-daemon-kit/src/lib.rs,Queue hop receipts need full lineage into execution context envelopes. Scope variant 5: apply to crates/aidens-daemon-kit/src/lib.rs and adjacent caller/callee surfaces.,Risk that queue/lease/scheduler behavior races or loses lineage.,local scan: queue term count 335; lease term count 425,"Make queue append/lease/complete atomic with leases, locks, hop receipts, idempotency proofs, and safe-mode quarantine.","Make queue append/lease/complete atomic with leases, locks, hop receipts, idempotency proofs, and safe-mode quarantine.",Phase 07 queue/daemon concurrency,open,"Not all rows are reproduced runtime bugs; matrix intentionally includes confirmed defects, hardening risks, and missing hostile/conformance proofs."
AHD-0411,High,Conformance/test gap,Current deep static audit,"Queue, scheduler, daemon & concurrency",v11A Execution Evidence / v11B Region Scheduling,crates/aidens-contracts/src/daemon_queue.rs,Queue append computes sequence from snapshot state and can race under concurrent writers. Scope variant 6: apply to crates/aidens-contracts/src/daemon_queue.rs and adjacent caller/callee surfaces.,Risk that queue/lease/scheduler behavior races or loses lineage.,local scan: append_record in aidens-queue-kit/src/lib.rs:564; OpenOptions at 570/624,"Make queue append/lease/complete atomic with leases, locks, hop receipts, idempotency proofs, and safe-mode quarantine.","Make queue append/lease/complete atomic with leases, locks, hop receipts, idempotency proofs, and safe-mode quarantine.",Phase 07 queue/daemon concurrency,open,"Not all rows are reproduced runtime bugs; matrix intentionally includes confirmed defects, hardening risks, and missing hostile/conformance proofs."
AHD-0412,Medium,Confirmed source pattern,Current deep static audit,"Queue, scheduler, daemon & concurrency",v11A Execution Evidence / v11B Region Scheduling,crates/aidens-queue-kit/src/lib.rs,Queue idempotency suppression can race under concurrent enqueue. Scope variant 6: apply to crates/aidens-queue-kit/src/lib.rs and adjacent caller/callee surfaces.,Risk that queue/lease/scheduler behavior races or loses lineage.,local scan: queue term count 335; lease term count 425,"Make queue append/lease/complete atomic with leases, locks, hop receipts, idempotency proofs, and safe-mode quarantine.","Make queue append/lease/complete atomic with leases, locks, hop receipts, idempotency proofs, and safe-mode quarantine.",Phase 07 queue/daemon concurrency,open,"Not all rows are reproduced runtime bugs; matrix intentionally includes confirmed defects, hardening risks, and missing hostile/conformance proofs."
AHD-0413,Critical,High-confidence hardening risk,Current deep static audit,"Queue, scheduler, daemon & concurrency",v11A Execution Evidence / v11B Region Scheduling,crates/aidens-daemon-kit/src/lib.rs,Lease acquisition is snapshot-plus-append and can double-lease jobs. Scope variant 6: apply to crates/aidens-daemon-kit/src/lib.rs and adjacent caller/callee surfaces.,Risk that queue/lease/scheduler behavior races or loses lineage.,local scan: append_record in aidens-queue-kit/src/lib.rs:564; OpenOptions at 570/624,"Make queue append/lease/complete atomic with leases, locks, hop receipts, idempotency proofs, and safe-mode quarantine.","Make queue append/lease/complete atomic with leases, locks, hop receipts, idempotency proofs, and safe-mode quarantine.",Phase 07 queue/daemon concurrency,open,"Not all rows are reproduced runtime bugs; matrix intentionally includes confirmed defects, hardening risks, and missing hostile/conformance proofs."
AHD-0414,High,Conformance/test gap,Current deep static audit,"Queue, scheduler, daemon & concurrency",v11A Execution Evidence / v11B Region Scheduling,crates/aidens-contracts/src/daemon_queue.rs,Job completion can be insufficiently coupled to a verified active lease. Scope variant 6: apply to crates/aidens-contracts/src/daemon_queue.rs and adjacent caller/callee surfaces.,Risk that queue/lease/scheduler behavior races or loses lineage.,local scan: queue term count 335; lease term count 425,"Make queue append/lease/complete atomic with leases, locks, hop receipts, idempotency proofs, and safe-mode quarantine.","Make queue append/lease/complete atomic with leases, locks, hop receipts, idempotency proofs, and safe-mode quarantine.",Phase 07 queue/daemon concurrency,open,"Not all rows are reproduced runtime bugs; matrix intentionally includes confirmed defects, hardening risks, and missing hostile/conformance proofs."
AHD-0415,High,Confirmed source pattern,Current deep static audit,"Queue, scheduler, daemon & concurrency",v11A Execution Evidence / v11B Region Scheduling,crates/aidens-queue-kit/src/lib.rs,Lease expiry and late completion need adversarial fixtures. Scope variant 6: apply to crates/aidens-queue-kit/src/lib.rs and adjacent caller/callee surfaces.,Risk that queue/lease/scheduler behavior races or loses lineage.,local scan: append_record in aidens-queue-kit/src/lib.rs:564; OpenOptions at 570/624,"Make queue append/lease/complete atomic with leases, locks, hop receipts, idempotency proofs, and safe-mode quarantine.","Make queue append/lease/complete atomic with leases, locks, hop receipts, idempotency proofs, and safe-mode quarantine.",Phase 07 queue/daemon concurrency,open,"Not all rows are reproduced runtime bugs; matrix intentionally includes confirmed defects, hardening risks, and missing hostile/conformance proofs."
AHD-0416,Medium,High-confidence hardening risk,Current deep static audit,"Queue, scheduler, daemon & concurrency",v11A Execution Evidence / v11B Region Scheduling,crates/aidens-daemon-kit/src/lib.rs,Safe mode blocks new risky jobs but may not quarantine already queued risky work. Scope variant 6: apply to crates/aidens-daemon-kit/src/lib.rs and adjacent caller/callee surfaces.,Risk that queue/lease/scheduler behavior races or loses lineage.,local scan: queue term count 335; lease term count 425,"Make queue append/lease/complete atomic with leases, locks, hop receipts, idempotency proofs, and safe-mode quarantine.","Make queue append/lease/complete atomic with leases, locks, hop receipts, idempotency proofs, and safe-mode quarantine.",Phase 07 queue/daemon concurrency,open,"Not all rows are reproduced runtime bugs; matrix intentionally includes confirmed defects, hardening risks, and missing hostile/conformance proofs."
AHD-0417,Critical,Conformance/test gap,Current deep static audit,"Queue, scheduler, daemon & concurrency",v11A Execution Evidence / v11B Region Scheduling,crates/aidens-contracts/src/daemon_queue.rs,Queue owner identity is string-based rather than permit/attestation-bound. Scope variant 6: apply to crates/aidens-contracts/src/daemon_queue.rs and adjacent caller/callee surfaces.,Risk that queue/lease/scheduler behavior races or loses lineage.,local scan: append_record in aidens-queue-kit/src/lib.rs:564; OpenOptions at 570/624,"Make queue append/lease/complete atomic with leases, locks, hop receipts, idempotency proofs, and safe-mode quarantine.","Make queue append/lease/complete atomic with leases, locks, hop receipts, idempotency proofs, and safe-mode quarantine.",Phase 07 queue/daemon concurrency,open,"Not all rows are reproduced runtime bugs; matrix intentionally includes confirmed defects, hardening risks, and missing hostile/conformance proofs."
AHD-0418,High,Confirmed source pattern,Current deep static audit,"Queue, scheduler, daemon & concurrency",v11A Execution Evidence / v11B Region Scheduling,crates/aidens-queue-kit/src/lib.rs,Queue compaction/subtraction law is not specified with history budget. Scope variant 6: apply to crates/aidens-queue-kit/src/lib.rs and adjacent caller/callee surfaces.,Risk that queue/lease/scheduler behavior races or loses lineage.,local scan: queue term count 335; lease term count 425,"Make queue append/lease/complete atomic with leases, locks, hop receipts, idempotency proofs, and safe-mode quarantine.","Make queue append/lease/complete atomic with leases, locks, hop receipts, idempotency proofs, and safe-mode quarantine.",Phase 07 queue/daemon concurrency,open,"Not all rows are reproduced runtime bugs; matrix intentionally includes confirmed defects, hardening risks, and missing hostile/conformance proofs."
AHD-0419,High,High-confidence hardening risk,Current deep static audit,"Queue, scheduler, daemon & concurrency",v11A Execution Evidence / v11B Region Scheduling,crates/aidens-daemon-kit/src/lib.rs,Queue snapshots read entire logs and have scaling/poison risks. Scope variant 6: apply to crates/aidens-daemon-kit/src/lib.rs and adjacent caller/callee surfaces.,Risk that queue/lease/scheduler behavior races or loses lineage.,local scan: append_record in aidens-queue-kit/src/lib.rs:564; OpenOptions at 570/624,"Make queue append/lease/complete atomic with leases, locks, hop receipts, idempotency proofs, and safe-mode quarantine.","Make queue append/lease/complete atomic with leases, locks, hop receipts, idempotency proofs, and safe-mode quarantine.",Phase 07 queue/daemon concurrency,open,"Not all rows are reproduced runtime bugs; matrix intentionally includes confirmed defects, hardening risks, and missing hostile/conformance proofs."
AHD-0420,Medium,Conformance/test gap,Current deep static audit,"Queue, scheduler, daemon & concurrency",v11A Execution Evidence / v11B Region Scheduling,crates/aidens-contracts/src/daemon_queue.rs,Queue hop receipts need full lineage into execution context envelopes. Scope variant 6: apply to crates/aidens-contracts/src/daemon_queue.rs and adjacent caller/callee surfaces.,Risk that queue/lease/scheduler behavior races or loses lineage.,local scan: queue term count 335; lease term count 425,"Make queue append/lease/complete atomic with leases, locks, hop receipts, idempotency proofs, and safe-mode quarantine.","Make queue append/lease/complete atomic with leases, locks, hop receipts, idempotency proofs, and safe-mode quarantine.",Phase 07 queue/daemon concurrency,open,"Not all rows are reproduced runtime bugs; matrix intentionally includes confirmed defects, hardening risks, and missing hostile/conformance proofs."
AHD-0421,Critical,Confirmed source pattern,Current deep static audit,"Queue, scheduler, daemon & concurrency",v11A Execution Evidence / v11B Region Scheduling,crates/aidens-queue-kit/src/lib.rs,Queue append computes sequence from snapshot state and can race under concurrent writers. Scope variant 7: apply to crates/aidens-queue-kit/src/lib.rs and adjacent caller/callee surfaces.,Risk that queue/lease/scheduler behavior races or loses lineage.,local scan: append_record in aidens-queue-kit/src/lib.rs:564; OpenOptions at 570/624,"Make queue append/lease/complete atomic with leases, locks, hop receipts, idempotency proofs, and safe-mode quarantine.","Make queue append/lease/complete atomic with leases, locks, hop receipts, idempotency proofs, and safe-mode quarantine.",Phase 07 queue/daemon concurrency,open,"Not all rows are reproduced runtime bugs; matrix intentionally includes confirmed defects, hardening risks, and missing hostile/conformance proofs."
AHD-0422,High,High-confidence hardening risk,Current deep static audit,"Queue, scheduler, daemon & concurrency",v11A Execution Evidence / v11B Region Scheduling,crates/aidens-daemon-kit/src/lib.rs,Queue idempotency suppression can race under concurrent enqueue. Scope variant 7: apply to crates/aidens-daemon-kit/src/lib.rs and adjacent caller/callee surfaces.,Risk that queue/lease/scheduler behavior races or loses lineage.,local scan: queue term count 335; lease term count 425,"Make queue append/lease/complete atomic with leases, locks, hop receipts, idempotency proofs, and safe-mode quarantine.","Make queue append/lease/complete atomic with leases, locks, hop receipts, idempotency proofs, and safe-mode quarantine.",Phase 07 queue/daemon concurrency,open,"Not all rows are reproduced runtime bugs; matrix intentionally includes confirmed defects, hardening risks, and missing hostile/conformance proofs."
AHD-0423,High,Conformance/test gap,Current deep static audit,"Queue, scheduler, daemon & concurrency",v11A Execution Evidence / v11B Region Scheduling,crates/aidens-contracts/src/daemon_queue.rs,Lease acquisition is snapshot-plus-append and can double-lease jobs. Scope variant 7: apply to crates/aidens-contracts/src/daemon_queue.rs and adjacent caller/callee surfaces.,Risk that queue/lease/scheduler behavior races or loses lineage.,local scan: append_record in aidens-queue-kit/src/lib.rs:564; OpenOptions at 570/624,"Make queue append/lease/complete atomic with leases, locks, hop receipts, idempotency proofs, and safe-mode quarantine.","Make queue append/lease/complete atomic with leases, locks, hop receipts, idempotency proofs, and safe-mode quarantine.",Phase 07 queue/daemon concurrency,open,"Not all rows are reproduced runtime bugs; matrix intentionally includes confirmed defects, hardening risks, and missing hostile/conformance proofs."
AHD-0424,Medium,Confirmed source pattern,Current deep static audit,"Queue, scheduler, daemon & concurrency",v11A Execution Evidence / v11B Region Scheduling,crates/aidens-queue-kit/src/lib.rs,Job completion can be insufficiently coupled to a verified active lease. Scope variant 7: apply to crates/aidens-queue-kit/src/lib.rs and adjacent caller/callee surfaces.,Risk that queue/lease/scheduler behavior races or loses lineage.,local scan: queue term count 335; lease term count 425,"Make queue append/lease/complete atomic with leases, locks, hop receipts, idempotency proofs, and safe-mode quarantine.","Make queue append/lease/complete atomic with leases, locks, hop receipts, idempotency proofs, and safe-mode quarantine.",Phase 07 queue/daemon concurrency,open,"Not all rows are reproduced runtime bugs; matrix intentionally includes confirmed defects, hardening risks, and missing hostile/conformance proofs."
AHD-0425,Critical,High-confidence hardening risk,Current deep static audit,"Queue, scheduler, daemon & concurrency",v11A Execution Evidence / v11B Region Scheduling,crates/aidens-daemon-kit/src/lib.rs,Lease expiry and late completion need adversarial fixtures. Scope variant 7: apply to crates/aidens-daemon-kit/src/lib.rs and adjacent caller/callee surfaces.,Risk that queue/lease/scheduler behavior races or loses lineage.,local scan: append_record in aidens-queue-kit/src/lib.rs:564; OpenOptions at 570/624,"Make queue append/lease/complete atomic with leases, locks, hop receipts, idempotency proofs, and safe-mode quarantine.","Make queue append/lease/complete atomic with leases, locks, hop receipts, idempotency proofs, and safe-mode quarantine.",Phase 07 queue/daemon concurrency,open,"Not all rows are reproduced runtime bugs; matrix intentionally includes confirmed defects, hardening risks, and missing hostile/conformance proofs."
AHD-0426,High,Conformance/test gap,Current deep static audit,"Queue, scheduler, daemon & concurrency",v11A Execution Evidence / v11B Region Scheduling,crates/aidens-contracts/src/daemon_queue.rs,Safe mode blocks new risky jobs but may not quarantine already queued risky work. Scope variant 7: apply to crates/aidens-contracts/src/daemon_queue.rs and adjacent caller/callee surfaces.,Risk that queue/lease/scheduler behavior races or loses lineage.,local scan: queue term count 335; lease term count 425,"Make queue append/lease/complete atomic with leases, locks, hop receipts, idempotency proofs, and safe-mode quarantine.","Make queue append/lease/complete atomic with leases, locks, hop receipts, idempotency proofs, and safe-mode quarantine.",Phase 07 queue/daemon concurrency,open,"Not all rows are reproduced runtime bugs; matrix intentionally includes confirmed defects, hardening risks, and missing hostile/conformance proofs."
AHD-0427,High,Confirmed source pattern,Current deep static audit,"Queue, scheduler, daemon & concurrency",v11A Execution Evidence / v11B Region Scheduling,crates/aidens-queue-kit/src/lib.rs,Queue owner identity is string-based rather than permit/attestation-bound. Scope variant 7: apply to crates/aidens-queue-kit/src/lib.rs and adjacent caller/callee surfaces.,Risk that queue/lease/scheduler behavior races or loses lineage.,local scan: append_record in aidens-queue-kit/src/lib.rs:564; OpenOptions at 570/624,"Make queue append/lease/complete atomic with leases, locks, hop receipts, idempotency proofs, and safe-mode quarantine.","Make queue append/lease/complete atomic with leases, locks, hop receipts, idempotency proofs, and safe-mode quarantine.",Phase 07 queue/daemon concurrency,open,"Not all rows are reproduced runtime bugs; matrix intentionally includes confirmed defects, hardening risks, and missing hostile/conformance proofs."
AHD-0428,Medium,High-confidence hardening risk,Current deep static audit,"Queue, scheduler, daemon & concurrency",v11A Execution Evidence / v11B Region Scheduling,crates/aidens-daemon-kit/src/lib.rs,Queue compaction/subtraction law is not specified with history budget. Scope variant 7: apply to crates/aidens-daemon-kit/src/lib.rs and adjacent caller/callee surfaces.,Risk that queue/lease/scheduler behavior races or loses lineage.,local scan: queue term count 335; lease term count 425,"Make queue append/lease/complete atomic with leases, locks, hop receipts, idempotency proofs, and safe-mode quarantine.","Make queue append/lease/complete atomic with leases, locks, hop receipts, idempotency proofs, and safe-mode quarantine.",Phase 07 queue/daemon concurrency,open,"Not all rows are reproduced runtime bugs; matrix intentionally includes confirmed defects, hardening risks, and missing hostile/conformance proofs."
AHD-0429,Critical,Conformance/test gap,Current deep static audit,"Queue, scheduler, daemon & concurrency",v11A Execution Evidence / v11B Region Scheduling,crates/aidens-contracts/src/daemon_queue.rs,Queue snapshots read entire logs and have scaling/poison risks. Scope variant 7: apply to crates/aidens-contracts/src/daemon_queue.rs and adjacent caller/callee surfaces.,Risk that queue/lease/scheduler behavior races or loses lineage.,local scan: append_record in aidens-queue-kit/src/lib.rs:564; OpenOptions at 570/624,"Make queue append/lease/complete atomic with leases, locks, hop receipts, idempotency proofs, and safe-mode quarantine.","Make queue append/lease/complete atomic with leases, locks, hop receipts, idempotency proofs, and safe-mode quarantine.",Phase 07 queue/daemon concurrency,open,"Not all rows are reproduced runtime bugs; matrix intentionally includes confirmed defects, hardening risks, and missing hostile/conformance proofs."
AHD-0430,High,Confirmed source pattern,Current deep static audit,"Queue, scheduler, daemon & concurrency",v11A Execution Evidence / v11B Region Scheduling,crates/aidens-queue-kit/src/lib.rs,Queue hop receipts need full lineage into execution context envelopes. Scope variant 7: apply to crates/aidens-queue-kit/src/lib.rs and adjacent caller/callee surfaces.,Risk that queue/lease/scheduler behavior races or loses lineage.,local scan: queue term count 335; lease term count 425,"Make queue append/lease/complete atomic with leases, locks, hop receipts, idempotency proofs, and safe-mode quarantine.","Make queue append/lease/complete atomic with leases, locks, hop receipts, idempotency proofs, and safe-mode quarantine.",Phase 07 queue/daemon concurrency,open,"Not all rows are reproduced runtime bugs; matrix intentionally includes confirmed defects, hardening risks, and missing hostile/conformance proofs."
AHD-0431,Critical,Confirmed source pattern,Current deep static audit,"Boundary compiler, JSON, schema & repair",v11A Boundary Compiler Gate,crates/aidens-boundary-kit/src/lib.rs,Boundary repair defaults allow markdown-fence or substring extraction behavior that is too permissive for evidence-grade inputs.,Risk that structured data is accepted or repaired without full semantic contract.,local scan: boundary repair defaults in aidens-boundary-kit/src/lib.rs:34-41,"Adopt strict boundary compiler profiles, full schema support or unsupported-key rejection, durable repair receipts, and fuzz/property tests.","Adopt strict boundary compiler profiles, full schema support or unsupported-key rejection, durable repair receipts, and fuzz/property tests.",Phase 08 boundary compiler hardening,open,"Not all rows are reproduced runtime bugs; matrix intentionally includes confirmed defects, hardening risks, and missing hostile/conformance proofs."
AHD-0432,High,High-confidence hardening risk,Current deep static audit,"Boundary compiler, JSON, schema & repair",v11A Boundary Compiler Gate,crates/aidens-contracts/src/boundary.rs,Handwritten schema validation only covers a subset of JSON Schema features.,Risk that structured data is accepted or repaired without full semantic contract.,local scan: parse_strict_json and repair path in aidens-boundary-kit/src/lib.rs:24-177,"Adopt strict boundary compiler profiles, full schema support or unsupported-key rejection, durable repair receipts, and fuzz/property tests.","Adopt strict boundary compiler profiles, full schema support or unsupported-key rejection, durable repair receipts, and fuzz/property tests.",Phase 08 boundary compiler hardening,open,"Not all rows are reproduced runtime bugs; matrix intentionally includes confirmed defects, hardening risks, and missing hostile/conformance proofs."
AHD-0433,High,Conformance/test gap,Current deep static audit,"Boundary compiler, JSON, schema & repair",v11A Boundary Compiler Gate,crates/aidens-cli/src/lib.rs,Unsupported schema keywords may be silently ignored instead of rejected as unsupported semantics.,Risk that structured data is accepted or repaired without full semantic contract.,local scan: boundary repair defaults in aidens-boundary-kit/src/lib.rs:34-41,"Adopt strict boundary compiler profiles, full schema support or unsupported-key rejection, durable repair receipts, and fuzz/property tests.","Adopt strict boundary compiler profiles, full schema support or unsupported-key rejection, durable repair receipts, and fuzz/property tests.",Phase 08 boundary compiler hardening,open,"Not all rows are reproduced runtime bugs; matrix intentionally includes confirmed defects, hardening risks, and missing hostile/conformance proofs."
AHD-0434,Medium,Confirmed source pattern,Current deep static audit,"Boundary compiler, JSON, schema & repair",v11A Boundary Compiler Gate,crates/aidens-boundary-kit/src/lib.rs,"Duplicate-key detection needs fuzzing against escapes, nesting, unicode, and parser disagreement.",Risk that structured data is accepted or repaired without full semantic contract.,local scan: parse_strict_json and repair path in aidens-boundary-kit/src/lib.rs:24-177,"Adopt strict boundary compiler profiles, full schema support or unsupported-key rejection, durable repair receipts, and fuzz/property tests.","Adopt strict boundary compiler profiles, full schema support or unsupported-key rejection, durable repair receipts, and fuzz/property tests.",Phase 08 boundary compiler hardening,open,"Not all rows are reproduced runtime bugs; matrix intentionally includes confirmed defects, hardening risks, and missing hostile/conformance proofs."
AHD-0435,Critical,High-confidence hardening risk,Current deep static audit,"Boundary compiler, JSON, schema & repair",v11A Boundary Compiler Gate,crates/aidens-contracts/src/boundary.rs,Treatment-critical paths use simplified addressing that can miss JSON pointer edge cases.,Risk that structured data is accepted or repaired without full semantic contract.,local scan: boundary repair defaults in aidens-boundary-kit/src/lib.rs:34-41,"Adopt strict boundary compiler profiles, full schema support or unsupported-key rejection, durable repair receipts, and fuzz/property tests.","Adopt strict boundary compiler profiles, full schema support or unsupported-key rejection, durable repair receipts, and fuzz/property tests.",Phase 08 boundary compiler hardening,open,"Not all rows are reproduced runtime bugs; matrix intentionally includes confirmed defects, hardening risks, and missing hostile/conformance proofs."
AHD-0436,High,Conformance/test gap,Current deep static audit,"Boundary compiler, JSON, schema & repair",v11A Boundary Compiler Gate,crates/aidens-cli/src/lib.rs,Unknown-field policy is not proven strict across every structured boundary.,Risk that structured data is accepted or repaired without full semantic contract.,local scan: parse_strict_json and repair path in aidens-boundary-kit/src/lib.rs:24-177,"Adopt strict boundary compiler profiles, full schema support or unsupported-key rejection, durable repair receipts, and fuzz/property tests.","Adopt strict boundary compiler profiles, full schema support or unsupported-key rejection, durable repair receipts, and fuzz/property tests.",Phase 08 boundary compiler hardening,open,"Not all rows are reproduced runtime bugs; matrix intentionally includes confirmed defects, hardening risks, and missing hostile/conformance proofs."
AHD-0437,High,Confirmed source pattern,Current deep static audit,"Boundary compiler, JSON, schema & repair",v11A Boundary Compiler Gate,crates/aidens-boundary-kit/src/lib.rs,"Resource ceilings for parse depth, object count, string length, and array size need proof.",Risk that structured data is accepted or repaired without full semantic contract.,local scan: boundary repair defaults in aidens-boundary-kit/src/lib.rs:34-41,"Adopt strict boundary compiler profiles, full schema support or unsupported-key rejection, durable repair receipts, and fuzz/property tests.","Adopt strict boundary compiler profiles, full schema support or unsupported-key rejection, durable repair receipts, and fuzz/property tests.",Phase 08 boundary compiler hardening,open,"Not all rows are reproduced runtime bugs; matrix intentionally includes confirmed defects, hardening risks, and missing hostile/conformance proofs."
AHD-0438,Medium,High-confidence hardening risk,Current deep static audit,"Boundary compiler, JSON, schema & repair",v11A Boundary Compiler Gate,crates/aidens-contracts/src/boundary.rs,Boundary repair receipts need durable storage and downstream proof-impact linkage.,Risk that structured data is accepted or repaired without full semantic contract.,local scan: parse_strict_json and repair path in aidens-boundary-kit/src/lib.rs:24-177,"Adopt strict boundary compiler profiles, full schema support or unsupported-key rejection, durable repair receipts, and fuzz/property tests.","Adopt strict boundary compiler profiles, full schema support or unsupported-key rejection, durable repair receipts, and fuzz/property tests.",Phase 08 boundary compiler hardening,open,"Not all rows are reproduced runtime bugs; matrix intentionally includes confirmed defects, hardening risks, and missing hostile/conformance proofs."
AHD-0439,Critical,Conformance/test gap,Current deep static audit,"Boundary compiler, JSON, schema & repair",v11A Boundary Compiler Gate,crates/aidens-cli/src/lib.rs,Canonicalization profile must be digest-bound and stable across formatting variants.,Risk that structured data is accepted or repaired without full semantic contract.,local scan: boundary repair defaults in aidens-boundary-kit/src/lib.rs:34-41,"Adopt strict boundary compiler profiles, full schema support or unsupported-key rejection, durable repair receipts, and fuzz/property tests.","Adopt strict boundary compiler profiles, full schema support or unsupported-key rejection, durable repair receipts, and fuzz/property tests.",Phase 08 boundary compiler hardening,open,"Not all rows are reproduced runtime bugs; matrix intentionally includes confirmed defects, hardening risks, and missing hostile/conformance proofs."
AHD-0440,High,Confirmed source pattern,Current deep static audit,"Boundary compiler, JSON, schema & repair",v11A Boundary Compiler Gate,crates/aidens-boundary-kit/src/lib.rs,"Malformed input should quarantine for material evidence paths, not merely repair and continue.",Risk that structured data is accepted or repaired without full semantic contract.,local scan: parse_strict_json and repair path in aidens-boundary-kit/src/lib.rs:24-177,"Adopt strict boundary compiler profiles, full schema support or unsupported-key rejection, durable repair receipts, and fuzz/property tests.","Adopt strict boundary compiler profiles, full schema support or unsupported-key rejection, durable repair receipts, and fuzz/property tests.",Phase 08 boundary compiler hardening,open,"Not all rows are reproduced runtime bugs; matrix intentionally includes confirmed defects, hardening risks, and missing hostile/conformance proofs."
AHD-0441,High,High-confidence hardening risk,Current deep static audit,"Boundary compiler, JSON, schema & repair",v11A Boundary Compiler Gate,crates/aidens-contracts/src/boundary.rs,Boundary repair defaults allow markdown-fence or substring extraction behavior that is too permissive for evidence-grade inputs. Scope variant 2: apply to crates/aidens-contracts/src/boundary.rs and adjacent caller/callee surfaces.,Risk that structured data is accepted or repaired without full semantic contract.,local scan: boundary repair defaults in aidens-boundary-kit/src/lib.rs:34-41,"Adopt strict boundary compiler profiles, full schema support or unsupported-key rejection, durable repair receipts, and fuzz/property tests.","Adopt strict boundary compiler profiles, full schema support or unsupported-key rejection, durable repair receipts, and fuzz/property tests.",Phase 08 boundary compiler hardening,open,"Not all rows are reproduced runtime bugs; matrix intentionally includes confirmed defects, hardening risks, and missing hostile/conformance proofs."
AHD-0442,Medium,Conformance/test gap,Current deep static audit,"Boundary compiler, JSON, schema & repair",v11A Boundary Compiler Gate,crates/aidens-cli/src/lib.rs,Handwritten schema validation only covers a subset of JSON Schema features. Scope variant 2: apply to crates/aidens-cli/src/lib.rs and adjacent caller/callee surfaces.,Risk that structured data is accepted or repaired without full semantic contract.,local scan: parse_strict_json and repair path in aidens-boundary-kit/src/lib.rs:24-177,"Adopt strict boundary compiler profiles, full schema support or unsupported-key rejection, durable repair receipts, and fuzz/property tests.","Adopt strict boundary compiler profiles, full schema support or unsupported-key rejection, durable repair receipts, and fuzz/property tests.",Phase 08 boundary compiler hardening,open,"Not all rows are reproduced runtime bugs; matrix intentionally includes confirmed defects, hardening risks, and missing hostile/conformance proofs."
AHD-0443,Critical,Confirmed source pattern,Current deep static audit,"Boundary compiler, JSON, schema & repair",v11A Boundary Compiler Gate,crates/aidens-boundary-kit/src/lib.rs,Unsupported schema keywords may be silently ignored instead of rejected as unsupported semantics. Scope variant 2: apply to crates/aidens-boundary-kit/src/lib.rs and adjacent caller/callee surfaces.,Risk that structured data is accepted or repaired without full semantic contract.,local scan: boundary repair defaults in aidens-boundary-kit/src/lib.rs:34-41,"Adopt strict boundary compiler profiles, full schema support or unsupported-key rejection, durable repair receipts, and fuzz/property tests.","Adopt strict boundary compiler profiles, full schema support or unsupported-key rejection, durable repair receipts, and fuzz/property tests.",Phase 08 boundary compiler hardening,open,"Not all rows are reproduced runtime bugs; matrix intentionally includes confirmed defects, hardening risks, and missing hostile/conformance proofs."
AHD-0444,High,High-confidence hardening risk,Current deep static audit,"Boundary compiler, JSON, schema & repair",v11A Boundary Compiler Gate,crates/aidens-contracts/src/boundary.rs,"Duplicate-key detection needs fuzzing against escapes, nesting, unicode, and parser disagreement. Scope variant 2: apply to crates/aidens-contracts/src/boundary.rs and adjacent caller/callee surfaces.",Risk that structured data is accepted or repaired without full semantic contract.,local scan: parse_strict_json and repair path in aidens-boundary-kit/src/lib.rs:24-177,"Adopt strict boundary compiler profiles, full schema support or unsupported-key rejection, durable repair receipts, and fuzz/property tests.","Adopt strict boundary compiler profiles, full schema support or unsupported-key rejection, durable repair receipts, and fuzz/property tests.",Phase 08 boundary compiler hardening,open,"Not all rows are reproduced runtime bugs; matrix intentionally includes confirmed defects, hardening risks, and missing hostile/conformance proofs."
AHD-0445,High,Conformance/test gap,Current deep static audit,"Boundary compiler, JSON, schema & repair",v11A Boundary Compiler Gate,crates/aidens-cli/src/lib.rs,Treatment-critical paths use simplified addressing that can miss JSON pointer edge cases. Scope variant 2: apply to crates/aidens-cli/src/lib.rs and adjacent caller/callee surfaces.,Risk that structured data is accepted or repaired without full semantic contract.,local scan: boundary repair defaults in aidens-boundary-kit/src/lib.rs:34-41,"Adopt strict boundary compiler profiles, full schema support or unsupported-key rejection, durable repair receipts, and fuzz/property tests.","Adopt strict boundary compiler profiles, full schema support or unsupported-key rejection, durable repair receipts, and fuzz/property tests.",Phase 08 boundary compiler hardening,open,"Not all rows are reproduced runtime bugs; matrix intentionally includes confirmed defects, hardening risks, and missing hostile/conformance proofs."
AHD-0446,Medium,Confirmed source pattern,Current deep static audit,"Boundary compiler, JSON, schema & repair",v11A Boundary Compiler Gate,crates/aidens-boundary-kit/src/lib.rs,Unknown-field policy is not proven strict across every structured boundary. Scope variant 2: apply to crates/aidens-boundary-kit/src/lib.rs and adjacent caller/callee surfaces.,Risk that structured data is accepted or repaired without full semantic contract.,local scan: parse_strict_json and repair path in aidens-boundary-kit/src/lib.rs:24-177,"Adopt strict boundary compiler profiles, full schema support or unsupported-key rejection, durable repair receipts, and fuzz/property tests.","Adopt strict boundary compiler profiles, full schema support or unsupported-key rejection, durable repair receipts, and fuzz/property tests.",Phase 08 boundary compiler hardening,open,"Not all rows are reproduced runtime bugs; matrix intentionally includes confirmed defects, hardening risks, and missing hostile/conformance proofs."
AHD-0447,Critical,High-confidence hardening risk,Current deep static audit,"Boundary compiler, JSON, schema & repair",v11A Boundary Compiler Gate,crates/aidens-contracts/src/boundary.rs,"Resource ceilings for parse depth, object count, string length, and array size need proof. Scope variant 2: apply to crates/aidens-contracts/src/boundary.rs and adjacent caller/callee surfaces.",Risk that structured data is accepted or repaired without full semantic contract.,local scan: boundary repair defaults in aidens-boundary-kit/src/lib.rs:34-41,"Adopt strict boundary compiler profiles, full schema support or unsupported-key rejection, durable repair receipts, and fuzz/property tests.","Adopt strict boundary compiler profiles, full schema support or unsupported-key rejection, durable repair receipts, and fuzz/property tests.",Phase 08 boundary compiler hardening,open,"Not all rows are reproduced runtime bugs; matrix intentionally includes confirmed defects, hardening risks, and missing hostile/conformance proofs."
AHD-0448,High,Conformance/test gap,Current deep static audit,"Boundary compiler, JSON, schema & repair",v11A Boundary Compiler Gate,crates/aidens-cli/src/lib.rs,Boundary repair receipts need durable storage and downstream proof-impact linkage. Scope variant 2: apply to crates/aidens-cli/src/lib.rs and adjacent caller/callee surfaces.,Risk that structured data is accepted or repaired without full semantic contract.,local scan: parse_strict_json and repair path in aidens-boundary-kit/src/lib.rs:24-177,"Adopt strict boundary compiler profiles, full schema support or unsupported-key rejection, durable repair receipts, and fuzz/property tests.","Adopt strict boundary compiler profiles, full schema support or unsupported-key rejection, durable repair receipts, and fuzz/property tests.",Phase 08 boundary compiler hardening,open,"Not all rows are reproduced runtime bugs; matrix intentionally includes confirmed defects, hardening risks, and missing hostile/conformance proofs."
AHD-0449,High,Confirmed source pattern,Current deep static audit,"Boundary compiler, JSON, schema & repair",v11A Boundary Compiler Gate,crates/aidens-boundary-kit/src/lib.rs,Canonicalization profile must be digest-bound and stable across formatting variants. Scope variant 2: apply to crates/aidens-boundary-kit/src/lib.rs and adjacent caller/callee surfaces.,Risk that structured data is accepted or repaired without full semantic contract.,local scan: boundary repair defaults in aidens-boundary-kit/src/lib.rs:34-41,"Adopt strict boundary compiler profiles, full schema support or unsupported-key rejection, durable repair receipts, and fuzz/property tests.","Adopt strict boundary compiler profiles, full schema support or unsupported-key rejection, durable repair receipts, and fuzz/property tests.",Phase 08 boundary compiler hardening,open,"Not all rows are reproduced runtime bugs; matrix intentionally includes confirmed defects, hardening risks, and missing hostile/conformance proofs."
AHD-0450,Medium,High-confidence hardening risk,Current deep static audit,"Boundary compiler, JSON, schema & repair",v11A Boundary Compiler Gate,crates/aidens-contracts/src/boundary.rs,"Malformed input should quarantine for material evidence paths, not merely repair and continue. Scope variant 2: apply to crates/aidens-contracts/src/boundary.rs and adjacent caller/callee surfaces.",Risk that structured data is accepted or repaired without full semantic contract.,local scan: parse_strict_json and repair path in aidens-boundary-kit/src/lib.rs:24-177,"Adopt strict boundary compiler profiles, full schema support or unsupported-key rejection, durable repair receipts, and fuzz/property tests.","Adopt strict boundary compiler profiles, full schema support or unsupported-key rejection, durable repair receipts, and fuzz/property tests.",Phase 08 boundary compiler hardening,open,"Not all rows are reproduced runtime bugs; matrix intentionally includes confirmed defects, hardening risks, and missing hostile/conformance proofs."
AHD-0451,Critical,Conformance/test gap,Current deep static audit,"Boundary compiler, JSON, schema & repair",v11A Boundary Compiler Gate,crates/aidens-cli/src/lib.rs,Boundary repair defaults allow markdown-fence or substring extraction behavior that is too permissive for evidence-grade inputs. Scope variant 3: apply to crates/aidens-cli/src/lib.rs and adjacent caller/callee surfaces.,Risk that structured data is accepted or repaired without full semantic contract.,local scan: boundary repair defaults in aidens-boundary-kit/src/lib.rs:34-41,"Adopt strict boundary compiler profiles, full schema support or unsupported-key rejection, durable repair receipts, and fuzz/property tests.","Adopt strict boundary compiler profiles, full schema support or unsupported-key rejection, durable repair receipts, and fuzz/property tests.",Phase 08 boundary compiler hardening,open,"Not all rows are reproduced runtime bugs; matrix intentionally includes confirmed defects, hardening risks, and missing hostile/conformance proofs."
AHD-0452,High,Confirmed source pattern,Current deep static audit,"Boundary compiler, JSON, schema & repair",v11A Boundary Compiler Gate,crates/aidens-boundary-kit/src/lib.rs,Handwritten schema validation only covers a subset of JSON Schema features. Scope variant 3: apply to crates/aidens-boundary-kit/src/lib.rs and adjacent caller/callee surfaces.,Risk that structured data is accepted or repaired without full semantic contract.,local scan: parse_strict_json and repair path in aidens-boundary-kit/src/lib.rs:24-177,"Adopt strict boundary compiler profiles, full schema support or unsupported-key rejection, durable repair receipts, and fuzz/property tests.","Adopt strict boundary compiler profiles, full schema support or unsupported-key rejection, durable repair receipts, and fuzz/property tests.",Phase 08 boundary compiler hardening,open,"Not all rows are reproduced runtime bugs; matrix intentionally includes confirmed defects, hardening risks, and missing hostile/conformance proofs."
AHD-0453,High,High-confidence hardening risk,Current deep static audit,"Boundary compiler, JSON, schema & repair",v11A Boundary Compiler Gate,crates/aidens-contracts/src/boundary.rs,Unsupported schema keywords may be silently ignored instead of rejected as unsupported semantics. Scope variant 3: apply to crates/aidens-contracts/src/boundary.rs and adjacent caller/callee surfaces.,Risk that structured data is accepted or repaired without full semantic contract.,local scan: boundary repair defaults in aidens-boundary-kit/src/lib.rs:34-41,"Adopt strict boundary compiler profiles, full schema support or unsupported-key rejection, durable repair receipts, and fuzz/property tests.","Adopt strict boundary compiler profiles, full schema support or unsupported-key rejection, durable repair receipts, and fuzz/property tests.",Phase 08 boundary compiler hardening,open,"Not all rows are reproduced runtime bugs; matrix intentionally includes confirmed defects, hardening risks, and missing hostile/conformance proofs."
AHD-0454,Medium,Conformance/test gap,Current deep static audit,"Boundary compiler, JSON, schema & repair",v11A Boundary Compiler Gate,crates/aidens-cli/src/lib.rs,"Duplicate-key detection needs fuzzing against escapes, nesting, unicode, and parser disagreement. Scope variant 3: apply to crates/aidens-cli/src/lib.rs and adjacent caller/callee surfaces.",Risk that structured data is accepted or repaired without full semantic contract.,local scan: parse_strict_json and repair path in aidens-boundary-kit/src/lib.rs:24-177,"Adopt strict boundary compiler profiles, full schema support or unsupported-key rejection, durable repair receipts, and fuzz/property tests.","Adopt strict boundary compiler profiles, full schema support or unsupported-key rejection, durable repair receipts, and fuzz/property tests.",Phase 08 boundary compiler hardening,open,"Not all rows are reproduced runtime bugs; matrix intentionally includes confirmed defects, hardening risks, and missing hostile/conformance proofs."
AHD-0455,Critical,Confirmed source pattern,Current deep static audit,"Boundary compiler, JSON, schema & repair",v11A Boundary Compiler Gate,crates/aidens-boundary-kit/src/lib.rs,Treatment-critical paths use simplified addressing that can miss JSON pointer edge cases. Scope variant 3: apply to crates/aidens-boundary-kit/src/lib.rs and adjacent caller/callee surfaces.,Risk that structured data is accepted or repaired without full semantic contract.,local scan: boundary repair defaults in aidens-boundary-kit/src/lib.rs:34-41,"Adopt strict boundary compiler profiles, full schema support or unsupported-key rejection, durable repair receipts, and fuzz/property tests.","Adopt strict boundary compiler profiles, full schema support or unsupported-key rejection, durable repair receipts, and fuzz/property tests.",Phase 08 boundary compiler hardening,open,"Not all rows are reproduced runtime bugs; matrix intentionally includes confirmed defects, hardening risks, and missing hostile/conformance proofs."
AHD-0456,High,High-confidence hardening risk,Current deep static audit,"Boundary compiler, JSON, schema & repair",v11A Boundary Compiler Gate,crates/aidens-contracts/src/boundary.rs,Unknown-field policy is not proven strict across every structured boundary. Scope variant 3: apply to crates/aidens-contracts/src/boundary.rs and adjacent caller/callee surfaces.,Risk that structured data is accepted or repaired without full semantic contract.,local scan: parse_strict_json and repair path in aidens-boundary-kit/src/lib.rs:24-177,"Adopt strict boundary compiler profiles, full schema support or unsupported-key rejection, durable repair receipts, and fuzz/property tests.","Adopt strict boundary compiler profiles, full schema support or unsupported-key rejection, durable repair receipts, and fuzz/property tests.",Phase 08 boundary compiler hardening,open,"Not all rows are reproduced runtime bugs; matrix intentionally includes confirmed defects, hardening risks, and missing hostile/conformance proofs."
AHD-0457,High,Conformance/test gap,Current deep static audit,"Boundary compiler, JSON, schema & repair",v11A Boundary Compiler Gate,crates/aidens-cli/src/lib.rs,"Resource ceilings for parse depth, object count, string length, and array size need proof. Scope variant 3: apply to crates/aidens-cli/src/lib.rs and adjacent caller/callee surfaces.",Risk that structured data is accepted or repaired without full semantic contract.,local scan: boundary repair defaults in aidens-boundary-kit/src/lib.rs:34-41,"Adopt strict boundary compiler profiles, full schema support or unsupported-key rejection, durable repair receipts, and fuzz/property tests.","Adopt strict boundary compiler profiles, full schema support or unsupported-key rejection, durable repair receipts, and fuzz/property tests.",Phase 08 boundary compiler hardening,open,"Not all rows are reproduced runtime bugs; matrix intentionally includes confirmed defects, hardening risks, and missing hostile/conformance proofs."
AHD-0458,Medium,Confirmed source pattern,Current deep static audit,"Boundary compiler, JSON, schema & repair",v11A Boundary Compiler Gate,crates/aidens-boundary-kit/src/lib.rs,Boundary repair receipts need durable storage and downstream proof-impact linkage. Scope variant 3: apply to crates/aidens-boundary-kit/src/lib.rs and adjacent caller/callee surfaces.,Risk that structured data is accepted or repaired without full semantic contract.,local scan: parse_strict_json and repair path in aidens-boundary-kit/src/lib.rs:24-177,"Adopt strict boundary compiler profiles, full schema support or unsupported-key rejection, durable repair receipts, and fuzz/property tests.","Adopt strict boundary compiler profiles, full schema support or unsupported-key rejection, durable repair receipts, and fuzz/property tests.",Phase 08 boundary compiler hardening,open,"Not all rows are reproduced runtime bugs; matrix intentionally includes confirmed defects, hardening risks, and missing hostile/conformance proofs."
AHD-0459,Critical,High-confidence hardening risk,Current deep static audit,"Boundary compiler, JSON, schema & repair",v11A Boundary Compiler Gate,crates/aidens-contracts/src/boundary.rs,Canonicalization profile must be digest-bound and stable across formatting variants. Scope variant 3: apply to crates/aidens-contracts/src/boundary.rs and adjacent caller/callee surfaces.,Risk that structured data is accepted or repaired without full semantic contract.,local scan: boundary repair defaults in aidens-boundary-kit/src/lib.rs:34-41,"Adopt strict boundary compiler profiles, full schema support or unsupported-key rejection, durable repair receipts, and fuzz/property tests.","Adopt strict boundary compiler profiles, full schema support or unsupported-key rejection, durable repair receipts, and fuzz/property tests.",Phase 08 boundary compiler hardening,open,"Not all rows are reproduced runtime bugs; matrix intentionally includes confirmed defects, hardening risks, and missing hostile/conformance proofs."
AHD-0460,High,Conformance/test gap,Current deep static audit,"Boundary compiler, JSON, schema & repair",v11A Boundary Compiler Gate,crates/aidens-cli/src/lib.rs,"Malformed input should quarantine for material evidence paths, not merely repair and continue. Scope variant 3: apply to crates/aidens-cli/src/lib.rs and adjacent caller/callee surfaces.",Risk that structured data is accepted or repaired without full semantic contract.,local scan: parse_strict_json and repair path in aidens-boundary-kit/src/lib.rs:24-177,"Adopt strict boundary compiler profiles, full schema support or unsupported-key rejection, durable repair receipts, and fuzz/property tests.","Adopt strict boundary compiler profiles, full schema support or unsupported-key rejection, durable repair receipts, and fuzz/property tests.",Phase 08 boundary compiler hardening,open,"Not all rows are reproduced runtime bugs; matrix intentionally includes confirmed defects, hardening risks, and missing hostile/conformance proofs."
AHD-0461,High,Confirmed source pattern,Current deep static audit,"Boundary compiler, JSON, schema & repair",v11A Boundary Compiler Gate,crates/aidens-boundary-kit/src/lib.rs,Boundary repair defaults allow markdown-fence or substring extraction behavior that is too permissive for evidence-grade inputs. Scope variant 4: apply to crates/aidens-boundary-kit/src/lib.rs and adjacent caller/callee surfaces.,Risk that structured data is accepted or repaired without full semantic contract.,local scan: boundary repair defaults in aidens-boundary-kit/src/lib.rs:34-41,"Adopt strict boundary compiler profiles, full schema support or unsupported-key rejection, durable repair receipts, and fuzz/property tests.","Adopt strict boundary compiler profiles, full schema support or unsupported-key rejection, durable repair receipts, and fuzz/property tests.",Phase 08 boundary compiler hardening,open,"Not all rows are reproduced runtime bugs; matrix intentionally includes confirmed defects, hardening risks, and missing hostile/conformance proofs."
AHD-0462,Medium,High-confidence hardening risk,Current deep static audit,"Boundary compiler, JSON, schema & repair",v11A Boundary Compiler Gate,crates/aidens-contracts/src/boundary.rs,Handwritten schema validation only covers a subset of JSON Schema features. Scope variant 4: apply to crates/aidens-contracts/src/boundary.rs and adjacent caller/callee surfaces.,Risk that structured data is accepted or repaired without full semantic contract.,local scan: parse_strict_json and repair path in aidens-boundary-kit/src/lib.rs:24-177,"Adopt strict boundary compiler profiles, full schema support or unsupported-key rejection, durable repair receipts, and fuzz/property tests.","Adopt strict boundary compiler profiles, full schema support or unsupported-key rejection, durable repair receipts, and fuzz/property tests.",Phase 08 boundary compiler hardening,open,"Not all rows are reproduced runtime bugs; matrix intentionally includes confirmed defects, hardening risks, and missing hostile/conformance proofs."
AHD-0463,Critical,Conformance/test gap,Current deep static audit,"Boundary compiler, JSON, schema & repair",v11A Boundary Compiler Gate,crates/aidens-cli/src/lib.rs,Unsupported schema keywords may be silently ignored instead of rejected as unsupported semantics. Scope variant 4: apply to crates/aidens-cli/src/lib.rs and adjacent caller/callee surfaces.,Risk that structured data is accepted or repaired without full semantic contract.,local scan: boundary repair defaults in aidens-boundary-kit/src/lib.rs:34-41,"Adopt strict boundary compiler profiles, full schema support or unsupported-key rejection, durable repair receipts, and fuzz/property tests.","Adopt strict boundary compiler profiles, full schema support or unsupported-key rejection, durable repair receipts, and fuzz/property tests.",Phase 08 boundary compiler hardening,open,"Not all rows are reproduced runtime bugs; matrix intentionally includes confirmed defects, hardening risks, and missing hostile/conformance proofs."
AHD-0464,High,Confirmed source pattern,Current deep static audit,"Boundary compiler, JSON, schema & repair",v11A Boundary Compiler Gate,crates/aidens-boundary-kit/src/lib.rs,"Duplicate-key detection needs fuzzing against escapes, nesting, unicode, and parser disagreement. Scope variant 4: apply to crates/aidens-boundary-kit/src/lib.rs and adjacent caller/callee surfaces.",Risk that structured data is accepted or repaired without full semantic contract.,local scan: parse_strict_json and repair path in aidens-boundary-kit/src/lib.rs:24-177,"Adopt strict boundary compiler profiles, full schema support or unsupported-key rejection, durable repair receipts, and fuzz/property tests.","Adopt strict boundary compiler profiles, full schema support or unsupported-key rejection, durable repair receipts, and fuzz/property tests.",Phase 08 boundary compiler hardening,open,"Not all rows are reproduced runtime bugs; matrix intentionally includes confirmed defects, hardening risks, and missing hostile/conformance proofs."
AHD-0465,High,High-confidence hardening risk,Current deep static audit,"Boundary compiler, JSON, schema & repair",v11A Boundary Compiler Gate,crates/aidens-contracts/src/boundary.rs,Treatment-critical paths use simplified addressing that can miss JSON pointer edge cases. Scope variant 4: apply to crates/aidens-contracts/src/boundary.rs and adjacent caller/callee surfaces.,Risk that structured data is accepted or repaired without full semantic contract.,local scan: boundary repair defaults in aidens-boundary-kit/src/lib.rs:34-41,"Adopt strict boundary compiler profiles, full schema support or unsupported-key rejection, durable repair receipts, and fuzz/property tests.","Adopt strict boundary compiler profiles, full schema support or unsupported-key rejection, durable repair receipts, and fuzz/property tests.",Phase 08 boundary compiler hardening,open,"Not all rows are reproduced runtime bugs; matrix intentionally includes confirmed defects, hardening risks, and missing hostile/conformance proofs."
AHD-0466,Medium,Conformance/test gap,Current deep static audit,"Boundary compiler, JSON, schema & repair",v11A Boundary Compiler Gate,crates/aidens-cli/src/lib.rs,Unknown-field policy is not proven strict across every structured boundary. Scope variant 4: apply to crates/aidens-cli/src/lib.rs and adjacent caller/callee surfaces.,Risk that structured data is accepted or repaired without full semantic contract.,local scan: parse_strict_json and repair path in aidens-boundary-kit/src/lib.rs:24-177,"Adopt strict boundary compiler profiles, full schema support or unsupported-key rejection, durable repair receipts, and fuzz/property tests.","Adopt strict boundary compiler profiles, full schema support or unsupported-key rejection, durable repair receipts, and fuzz/property tests.",Phase 08 boundary compiler hardening,open,"Not all rows are reproduced runtime bugs; matrix intentionally includes confirmed defects, hardening risks, and missing hostile/conformance proofs."
AHD-0467,Critical,Confirmed source pattern,Current deep static audit,"Boundary compiler, JSON, schema & repair",v11A Boundary Compiler Gate,crates/aidens-boundary-kit/src/lib.rs,"Resource ceilings for parse depth, object count, string length, and array size need proof. Scope variant 4: apply to crates/aidens-boundary-kit/src/lib.rs and adjacent caller/callee surfaces.",Risk that structured data is accepted or repaired without full semantic contract.,local scan: boundary repair defaults in aidens-boundary-kit/src/lib.rs:34-41,"Adopt strict boundary compiler profiles, full schema support or unsupported-key rejection, durable repair receipts, and fuzz/property tests.","Adopt strict boundary compiler profiles, full schema support or unsupported-key rejection, durable repair receipts, and fuzz/property tests.",Phase 08 boundary compiler hardening,open,"Not all rows are reproduced runtime bugs; matrix intentionally includes confirmed defects, hardening risks, and missing hostile/conformance proofs."
AHD-0468,High,High-confidence hardening risk,Current deep static audit,"Boundary compiler, JSON, schema & repair",v11A Boundary Compiler Gate,crates/aidens-contracts/src/boundary.rs,Boundary repair receipts need durable storage and downstream proof-impact linkage. Scope variant 4: apply to crates/aidens-contracts/src/boundary.rs and adjacent caller/callee surfaces.,Risk that structured data is accepted or repaired without full semantic contract.,local scan: parse_strict_json and repair path in aidens-boundary-kit/src/lib.rs:24-177,"Adopt strict boundary compiler profiles, full schema support or unsupported-key rejection, durable repair receipts, and fuzz/property tests.","Adopt strict boundary compiler profiles, full schema support or unsupported-key rejection, durable repair receipts, and fuzz/property tests.",Phase 08 boundary compiler hardening,open,"Not all rows are reproduced runtime bugs; matrix intentionally includes confirmed defects, hardening risks, and missing hostile/conformance proofs."
AHD-0469,High,Conformance/test gap,Current deep static audit,"Boundary compiler, JSON, schema & repair",v11A Boundary Compiler Gate,crates/aidens-cli/src/lib.rs,Canonicalization profile must be digest-bound and stable across formatting variants. Scope variant 4: apply to crates/aidens-cli/src/lib.rs and adjacent caller/callee surfaces.,Risk that structured data is accepted or repaired without full semantic contract.,local scan: boundary repair defaults in aidens-boundary-kit/src/lib.rs:34-41,"Adopt strict boundary compiler profiles, full schema support or unsupported-key rejection, durable repair receipts, and fuzz/property tests.","Adopt strict boundary compiler profiles, full schema support or unsupported-key rejection, durable repair receipts, and fuzz/property tests.",Phase 08 boundary compiler hardening,open,"Not all rows are reproduced runtime bugs; matrix intentionally includes confirmed defects, hardening risks, and missing hostile/conformance proofs."
AHD-0470,Medium,Confirmed source pattern,Current deep static audit,"Boundary compiler, JSON, schema & repair",v11A Boundary Compiler Gate,crates/aidens-boundary-kit/src/lib.rs,"Malformed input should quarantine for material evidence paths, not merely repair and continue. Scope variant 4: apply to crates/aidens-boundary-kit/src/lib.rs and adjacent caller/callee surfaces.",Risk that structured data is accepted or repaired without full semantic contract.,local scan: parse_strict_json and repair path in aidens-boundary-kit/src/lib.rs:24-177,"Adopt strict boundary compiler profiles, full schema support or unsupported-key rejection, durable repair receipts, and fuzz/property tests.","Adopt strict boundary compiler profiles, full schema support or unsupported-key rejection, durable repair receipts, and fuzz/property tests.",Phase 08 boundary compiler hardening,open,"Not all rows are reproduced runtime bugs; matrix intentionally includes confirmed defects, hardening risks, and missing hostile/conformance proofs."
AHD-0471,Critical,High-confidence hardening risk,Current deep static audit,"Boundary compiler, JSON, schema & repair",v11A Boundary Compiler Gate,crates/aidens-contracts/src/boundary.rs,Boundary repair defaults allow markdown-fence or substring extraction behavior that is too permissive for evidence-grade inputs. Scope variant 5: apply to crates/aidens-contracts/src/boundary.rs and adjacent caller/callee surfaces.,Risk that structured data is accepted or repaired without full semantic contract.,local scan: boundary repair defaults in aidens-boundary-kit/src/lib.rs:34-41,"Adopt strict boundary compiler profiles, full schema support or unsupported-key rejection, durable repair receipts, and fuzz/property tests.","Adopt strict boundary compiler profiles, full schema support or unsupported-key rejection, durable repair receipts, and fuzz/property tests.",Phase 08 boundary compiler hardening,open,"Not all rows are reproduced runtime bugs; matrix intentionally includes confirmed defects, hardening risks, and missing hostile/conformance proofs."
AHD-0472,High,Conformance/test gap,Current deep static audit,"Boundary compiler, JSON, schema & repair",v11A Boundary Compiler Gate,crates/aidens-cli/src/lib.rs,Handwritten schema validation only covers a subset of JSON Schema features. Scope variant 5: apply to crates/aidens-cli/src/lib.rs and adjacent caller/callee surfaces.,Risk that structured data is accepted or repaired without full semantic contract.,local scan: parse_strict_json and repair path in aidens-boundary-kit/src/lib.rs:24-177,"Adopt strict boundary compiler profiles, full schema support or unsupported-key rejection, durable repair receipts, and fuzz/property tests.","Adopt strict boundary compiler profiles, full schema support or unsupported-key rejection, durable repair receipts, and fuzz/property tests.",Phase 08 boundary compiler hardening,open,"Not all rows are reproduced runtime bugs; matrix intentionally includes confirmed defects, hardening risks, and missing hostile/conformance proofs."
AHD-0473,High,Confirmed source pattern,Current deep static audit,"Boundary compiler, JSON, schema & repair",v11A Boundary Compiler Gate,crates/aidens-boundary-kit/src/lib.rs,Unsupported schema keywords may be silently ignored instead of rejected as unsupported semantics. Scope variant 5: apply to crates/aidens-boundary-kit/src/lib.rs and adjacent caller/callee surfaces.,Risk that structured data is accepted or repaired without full semantic contract.,local scan: boundary repair defaults in aidens-boundary-kit/src/lib.rs:34-41,"Adopt strict boundary compiler profiles, full schema support or unsupported-key rejection, durable repair receipts, and fuzz/property tests.","Adopt strict boundary compiler profiles, full schema support or unsupported-key rejection, durable repair receipts, and fuzz/property tests.",Phase 08 boundary compiler hardening,open,"Not all rows are reproduced runtime bugs; matrix intentionally includes confirmed defects, hardening risks, and missing hostile/conformance proofs."
AHD-0474,Medium,High-confidence hardening risk,Current deep static audit,"Boundary compiler, JSON, schema & repair",v11A Boundary Compiler Gate,crates/aidens-contracts/src/boundary.rs,"Duplicate-key detection needs fuzzing against escapes, nesting, unicode, and parser disagreement. Scope variant 5: apply to crates/aidens-contracts/src/boundary.rs and adjacent caller/callee surfaces.",Risk that structured data is accepted or repaired without full semantic contract.,local scan: parse_strict_json and repair path in aidens-boundary-kit/src/lib.rs:24-177,"Adopt strict boundary compiler profiles, full schema support or unsupported-key rejection, durable repair receipts, and fuzz/property tests.","Adopt strict boundary compiler profiles, full schema support or unsupported-key rejection, durable repair receipts, and fuzz/property tests.",Phase 08 boundary compiler hardening,open,"Not all rows are reproduced runtime bugs; matrix intentionally includes confirmed defects, hardening risks, and missing hostile/conformance proofs."
AHD-0475,Critical,Conformance/test gap,Current deep static audit,"Boundary compiler, JSON, schema & repair",v11A Boundary Compiler Gate,crates/aidens-cli/src/lib.rs,Treatment-critical paths use simplified addressing that can miss JSON pointer edge cases. Scope variant 5: apply to crates/aidens-cli/src/lib.rs and adjacent caller/callee surfaces.,Risk that structured data is accepted or repaired without full semantic contract.,local scan: boundary repair defaults in aidens-boundary-kit/src/lib.rs:34-41,"Adopt strict boundary compiler profiles, full schema support or unsupported-key rejection, durable repair receipts, and fuzz/property tests.","Adopt strict boundary compiler profiles, full schema support or unsupported-key rejection, durable repair receipts, and fuzz/property tests.",Phase 08 boundary compiler hardening,open,"Not all rows are reproduced runtime bugs; matrix intentionally includes confirmed defects, hardening risks, and missing hostile/conformance proofs."
AHD-0476,High,Confirmed source pattern,Current deep static audit,"Boundary compiler, JSON, schema & repair",v11A Boundary Compiler Gate,crates/aidens-boundary-kit/src/lib.rs,Unknown-field policy is not proven strict across every structured boundary. Scope variant 5: apply to crates/aidens-boundary-kit/src/lib.rs and adjacent caller/callee surfaces.,Risk that structured data is accepted or repaired without full semantic contract.,local scan: parse_strict_json and repair path in aidens-boundary-kit/src/lib.rs:24-177,"Adopt strict boundary compiler profiles, full schema support or unsupported-key rejection, durable repair receipts, and fuzz/property tests.","Adopt strict boundary compiler profiles, full schema support or unsupported-key rejection, durable repair receipts, and fuzz/property tests.",Phase 08 boundary compiler hardening,open,"Not all rows are reproduced runtime bugs; matrix intentionally includes confirmed defects, hardening risks, and missing hostile/conformance proofs."
AHD-0477,High,High-confidence hardening risk,Current deep static audit,"Boundary compiler, JSON, schema & repair",v11A Boundary Compiler Gate,crates/aidens-contracts/src/boundary.rs,"Resource ceilings for parse depth, object count, string length, and array size need proof. Scope variant 5: apply to crates/aidens-contracts/src/boundary.rs and adjacent caller/callee surfaces.",Risk that structured data is accepted or repaired without full semantic contract.,local scan: boundary repair defaults in aidens-boundary-kit/src/lib.rs:34-41,"Adopt strict boundary compiler profiles, full schema support or unsupported-key rejection, durable repair receipts, and fuzz/property tests.","Adopt strict boundary compiler profiles, full schema support or unsupported-key rejection, durable repair receipts, and fuzz/property tests.",Phase 08 boundary compiler hardening,open,"Not all rows are reproduced runtime bugs; matrix intentionally includes confirmed defects, hardening risks, and missing hostile/conformance proofs."
AHD-0478,Medium,Conformance/test gap,Current deep static audit,"Boundary compiler, JSON, schema & repair",v11A Boundary Compiler Gate,crates/aidens-cli/src/lib.rs,Boundary repair receipts need durable storage and downstream proof-impact linkage. Scope variant 5: apply to crates/aidens-cli/src/lib.rs and adjacent caller/callee surfaces.,Risk that structured data is accepted or repaired without full semantic contract.,local scan: parse_strict_json and repair path in aidens-boundary-kit/src/lib.rs:24-177,"Adopt strict boundary compiler profiles, full schema support or unsupported-key rejection, durable repair receipts, and fuzz/property tests.","Adopt strict boundary compiler profiles, full schema support or unsupported-key rejection, durable repair receipts, and fuzz/property tests.",Phase 08 boundary compiler hardening,open,"Not all rows are reproduced runtime bugs; matrix intentionally includes confirmed defects, hardening risks, and missing hostile/conformance proofs."
AHD-0479,Critical,Confirmed source pattern,Current deep static audit,"Boundary compiler, JSON, schema & repair",v11A Boundary Compiler Gate,crates/aidens-boundary-kit/src/lib.rs,Canonicalization profile must be digest-bound and stable across formatting variants. Scope variant 5: apply to crates/aidens-boundary-kit/src/lib.rs and adjacent caller/callee surfaces.,Risk that structured data is accepted or repaired without full semantic contract.,local scan: boundary repair defaults in aidens-boundary-kit/src/lib.rs:34-41,"Adopt strict boundary compiler profiles, full schema support or unsupported-key rejection, durable repair receipts, and fuzz/property tests.","Adopt strict boundary compiler profiles, full schema support or unsupported-key rejection, durable repair receipts, and fuzz/property tests.",Phase 08 boundary compiler hardening,open,"Not all rows are reproduced runtime bugs; matrix intentionally includes confirmed defects, hardening risks, and missing hostile/conformance proofs."
AHD-0480,High,High-confidence hardening risk,Current deep static audit,"Boundary compiler, JSON, schema & repair",v11A Boundary Compiler Gate,crates/aidens-contracts/src/boundary.rs,"Malformed input should quarantine for material evidence paths, not merely repair and continue. Scope variant 5: apply to crates/aidens-contracts/src/boundary.rs and adjacent caller/callee surfaces.",Risk that structured data is accepted or repaired without full semantic contract.,local scan: parse_strict_json and repair path in aidens-boundary-kit/src/lib.rs:24-177,"Adopt strict boundary compiler profiles, full schema support or unsupported-key rejection, durable repair receipts, and fuzz/property tests.","Adopt strict boundary compiler profiles, full schema support or unsupported-key rejection, durable repair receipts, and fuzz/property tests.",Phase 08 boundary compiler hardening,open,"Not all rows are reproduced runtime bugs; matrix intentionally includes confirmed defects, hardening risks, and missing hostile/conformance proofs."
AHD-0481,High,Conformance/test gap,Current deep static audit,"Boundary compiler, JSON, schema & repair",v11A Boundary Compiler Gate,crates/aidens-cli/src/lib.rs,Boundary repair defaults allow markdown-fence or substring extraction behavior that is too permissive for evidence-grade inputs. Scope variant 6: apply to crates/aidens-cli/src/lib.rs and adjacent caller/callee surfaces.,Risk that structured data is accepted or repaired without full semantic contract.,local scan: boundary repair defaults in aidens-boundary-kit/src/lib.rs:34-41,"Adopt strict boundary compiler profiles, full schema support or unsupported-key rejection, durable repair receipts, and fuzz/property tests.","Adopt strict boundary compiler profiles, full schema support or unsupported-key rejection, durable repair receipts, and fuzz/property tests.",Phase 08 boundary compiler hardening,open,"Not all rows are reproduced runtime bugs; matrix intentionally includes confirmed defects, hardening risks, and missing hostile/conformance proofs."
AHD-0482,Medium,Confirmed source pattern,Current deep static audit,"Boundary compiler, JSON, schema & repair",v11A Boundary Compiler Gate,crates/aidens-boundary-kit/src/lib.rs,Handwritten schema validation only covers a subset of JSON Schema features. Scope variant 6: apply to crates/aidens-boundary-kit/src/lib.rs and adjacent caller/callee surfaces.,Risk that structured data is accepted or repaired without full semantic contract.,local scan: parse_strict_json and repair path in aidens-boundary-kit/src/lib.rs:24-177,"Adopt strict boundary compiler profiles, full schema support or unsupported-key rejection, durable repair receipts, and fuzz/property tests.","Adopt strict boundary compiler profiles, full schema support or unsupported-key rejection, durable repair receipts, and fuzz/property tests.",Phase 08 boundary compiler hardening,open,"Not all rows are reproduced runtime bugs; matrix intentionally includes confirmed defects, hardening risks, and missing hostile/conformance proofs."
AHD-0483,Critical,High-confidence hardening risk,Current deep static audit,"Boundary compiler, JSON, schema & repair",v11A Boundary Compiler Gate,crates/aidens-contracts/src/boundary.rs,Unsupported schema keywords may be silently ignored instead of rejected as unsupported semantics. Scope variant 6: apply to crates/aidens-contracts/src/boundary.rs and adjacent caller/callee surfaces.,Risk that structured data is accepted or repaired without full semantic contract.,local scan: boundary repair defaults in aidens-boundary-kit/src/lib.rs:34-41,"Adopt strict boundary compiler profiles, full schema support or unsupported-key rejection, durable repair receipts, and fuzz/property tests.","Adopt strict boundary compiler profiles, full schema support or unsupported-key rejection, durable repair receipts, and fuzz/property tests.",Phase 08 boundary compiler hardening,open,"Not all rows are reproduced runtime bugs; matrix intentionally includes confirmed defects, hardening risks, and missing hostile/conformance proofs."
AHD-0484,High,Conformance/test gap,Current deep static audit,"Boundary compiler, JSON, schema & repair",v11A Boundary Compiler Gate,crates/aidens-cli/src/lib.rs,"Duplicate-key detection needs fuzzing against escapes, nesting, unicode, and parser disagreement. Scope variant 6: apply to crates/aidens-cli/src/lib.rs and adjacent caller/callee surfaces.",Risk that structured data is accepted or repaired without full semantic contract.,local scan: parse_strict_json and repair path in aidens-boundary-kit/src/lib.rs:24-177,"Adopt strict boundary compiler profiles, full schema support or unsupported-key rejection, durable repair receipts, and fuzz/property tests.","Adopt strict boundary compiler profiles, full schema support or unsupported-key rejection, durable repair receipts, and fuzz/property tests.",Phase 08 boundary compiler hardening,open,"Not all rows are reproduced runtime bugs; matrix intentionally includes confirmed defects, hardening risks, and missing hostile/conformance proofs."
AHD-0485,High,Confirmed source pattern,Current deep static audit,"Boundary compiler, JSON, schema & repair",v11A Boundary Compiler Gate,crates/aidens-boundary-kit/src/lib.rs,Treatment-critical paths use simplified addressing that can miss JSON pointer edge cases. Scope variant 6: apply to crates/aidens-boundary-kit/src/lib.rs and adjacent caller/callee surfaces.,Risk that structured data is accepted or repaired without full semantic contract.,local scan: boundary repair defaults in aidens-boundary-kit/src/lib.rs:34-41,"Adopt strict boundary compiler profiles, full schema support or unsupported-key rejection, durable repair receipts, and fuzz/property tests.","Adopt strict boundary compiler profiles, full schema support or unsupported-key rejection, durable repair receipts, and fuzz/property tests.",Phase 08 boundary compiler hardening,open,"Not all rows are reproduced runtime bugs; matrix intentionally includes confirmed defects, hardening risks, and missing hostile/conformance proofs."
AHD-0486,Medium,High-confidence hardening risk,Current deep static audit,"Boundary compiler, JSON, schema & repair",v11A Boundary Compiler Gate,crates/aidens-contracts/src/boundary.rs,Unknown-field policy is not proven strict across every structured boundary. Scope variant 6: apply to crates/aidens-contracts/src/boundary.rs and adjacent caller/callee surfaces.,Risk that structured data is accepted or repaired without full semantic contract.,local scan: parse_strict_json and repair path in aidens-boundary-kit/src/lib.rs:24-177,"Adopt strict boundary compiler profiles, full schema support or unsupported-key rejection, durable repair receipts, and fuzz/property tests.","Adopt strict boundary compiler profiles, full schema support or unsupported-key rejection, durable repair receipts, and fuzz/property tests.",Phase 08 boundary compiler hardening,open,"Not all rows are reproduced runtime bugs; matrix intentionally includes confirmed defects, hardening risks, and missing hostile/conformance proofs."
AHD-0487,Critical,Conformance/test gap,Current deep static audit,"Boundary compiler, JSON, schema & repair",v11A Boundary Compiler Gate,crates/aidens-cli/src/lib.rs,"Resource ceilings for parse depth, object count, string length, and array size need proof. Scope variant 6: apply to crates/aidens-cli/src/lib.rs and adjacent caller/callee surfaces.",Risk that structured data is accepted or repaired without full semantic contract.,local scan: boundary repair defaults in aidens-boundary-kit/src/lib.rs:34-41,"Adopt strict boundary compiler profiles, full schema support or unsupported-key rejection, durable repair receipts, and fuzz/property tests.","Adopt strict boundary compiler profiles, full schema support or unsupported-key rejection, durable repair receipts, and fuzz/property tests.",Phase 08 boundary compiler hardening,open,"Not all rows are reproduced runtime bugs; matrix intentionally includes confirmed defects, hardening risks, and missing hostile/conformance proofs."
AHD-0488,High,Confirmed source pattern,Current deep static audit,"Boundary compiler, JSON, schema & repair",v11A Boundary Compiler Gate,crates/aidens-boundary-kit/src/lib.rs,Boundary repair receipts need durable storage and downstream proof-impact linkage. Scope variant 6: apply to crates/aidens-boundary-kit/src/lib.rs and adjacent caller/callee surfaces.,Risk that structured data is accepted or repaired without full semantic contract.,local scan: parse_strict_json and repair path in aidens-boundary-kit/src/lib.rs:24-177,"Adopt strict boundary compiler profiles, full schema support or unsupported-key rejection, durable repair receipts, and fuzz/property tests.","Adopt strict boundary compiler profiles, full schema support or unsupported-key rejection, durable repair receipts, and fuzz/property tests.",Phase 08 boundary compiler hardening,open,"Not all rows are reproduced runtime bugs; matrix intentionally includes confirmed defects, hardening risks, and missing hostile/conformance proofs."
AHD-0489,High,High-confidence hardening risk,Current deep static audit,"Boundary compiler, JSON, schema & repair",v11A Boundary Compiler Gate,crates/aidens-contracts/src/boundary.rs,Canonicalization profile must be digest-bound and stable across formatting variants. Scope variant 6: apply to crates/aidens-contracts/src/boundary.rs and adjacent caller/callee surfaces.,Risk that structured data is accepted or repaired without full semantic contract.,local scan: boundary repair defaults in aidens-boundary-kit/src/lib.rs:34-41,"Adopt strict boundary compiler profiles, full schema support or unsupported-key rejection, durable repair receipts, and fuzz/property tests.","Adopt strict boundary compiler profiles, full schema support or unsupported-key rejection, durable repair receipts, and fuzz/property tests.",Phase 08 boundary compiler hardening,open,"Not all rows are reproduced runtime bugs; matrix intentionally includes confirmed defects, hardening risks, and missing hostile/conformance proofs."
AHD-0490,Medium,Conformance/test gap,Current deep static audit,"Boundary compiler, JSON, schema & repair",v11A Boundary Compiler Gate,crates/aidens-cli/src/lib.rs,"Malformed input should quarantine for material evidence paths, not merely repair and continue. Scope variant 6: apply to crates/aidens-cli/src/lib.rs and adjacent caller/callee surfaces.",Risk that structured data is accepted or repaired without full semantic contract.,local scan: parse_strict_json and repair path in aidens-boundary-kit/src/lib.rs:24-177,"Adopt strict boundary compiler profiles, full schema support or unsupported-key rejection, durable repair receipts, and fuzz/property tests.","Adopt strict boundary compiler profiles, full schema support or unsupported-key rejection, durable repair receipts, and fuzz/property tests.",Phase 08 boundary compiler hardening,open,"Not all rows are reproduced runtime bugs; matrix intentionally includes confirmed defects, hardening risks, and missing hostile/conformance proofs."
AHD-0491,Critical,Confirmed source pattern,Current deep static audit,"Boundary compiler, JSON, schema & repair",v11A Boundary Compiler Gate,crates/aidens-boundary-kit/src/lib.rs,Boundary repair defaults allow markdown-fence or substring extraction behavior that is too permissive for evidence-grade inputs. Scope variant 7: apply to crates/aidens-boundary-kit/src/lib.rs and adjacent caller/callee surfaces.,Risk that structured data is accepted or repaired without full semantic contract.,local scan: boundary repair defaults in aidens-boundary-kit/src/lib.rs:34-41,"Adopt strict boundary compiler profiles, full schema support or unsupported-key rejection, durable repair receipts, and fuzz/property tests.","Adopt strict boundary compiler profiles, full schema support or unsupported-key rejection, durable repair receipts, and fuzz/property tests.",Phase 08 boundary compiler hardening,open,"Not all rows are reproduced runtime bugs; matrix intentionally includes confirmed defects, hardening risks, and missing hostile/conformance proofs."
AHD-0492,High,High-confidence hardening risk,Current deep static audit,"Boundary compiler, JSON, schema & repair",v11A Boundary Compiler Gate,crates/aidens-contracts/src/boundary.rs,Handwritten schema validation only covers a subset of JSON Schema features. Scope variant 7: apply to crates/aidens-contracts/src/boundary.rs and adjacent caller/callee surfaces.,Risk that structured data is accepted or repaired without full semantic contract.,local scan: parse_strict_json and repair path in aidens-boundary-kit/src/lib.rs:24-177,"Adopt strict boundary compiler profiles, full schema support or unsupported-key rejection, durable repair receipts, and fuzz/property tests.","Adopt strict boundary compiler profiles, full schema support or unsupported-key rejection, durable repair receipts, and fuzz/property tests.",Phase 08 boundary compiler hardening,open,"Not all rows are reproduced runtime bugs; matrix intentionally includes confirmed defects, hardening risks, and missing hostile/conformance proofs."
AHD-0493,High,Conformance/test gap,Current deep static audit,"Boundary compiler, JSON, schema & repair",v11A Boundary Compiler Gate,crates/aidens-cli/src/lib.rs,Unsupported schema keywords may be silently ignored instead of rejected as unsupported semantics. Scope variant 7: apply to crates/aidens-cli/src/lib.rs and adjacent caller/callee surfaces.,Risk that structured data is accepted or repaired without full semantic contract.,local scan: boundary repair defaults in aidens-boundary-kit/src/lib.rs:34-41,"Adopt strict boundary compiler profiles, full schema support or unsupported-key rejection, durable repair receipts, and fuzz/property tests.","Adopt strict boundary compiler profiles, full schema support or unsupported-key rejection, durable repair receipts, and fuzz/property tests.",Phase 08 boundary compiler hardening,open,"Not all rows are reproduced runtime bugs; matrix intentionally includes confirmed defects, hardening risks, and missing hostile/conformance proofs."
AHD-0494,Medium,Confirmed source pattern,Current deep static audit,"Boundary compiler, JSON, schema & repair",v11A Boundary Compiler Gate,crates/aidens-boundary-kit/src/lib.rs,"Duplicate-key detection needs fuzzing against escapes, nesting, unicode, and parser disagreement. Scope variant 7: apply to crates/aidens-boundary-kit/src/lib.rs and adjacent caller/callee surfaces.",Risk that structured data is accepted or repaired without full semantic contract.,local scan: parse_strict_json and repair path in aidens-boundary-kit/src/lib.rs:24-177,"Adopt strict boundary compiler profiles, full schema support or unsupported-key rejection, durable repair receipts, and fuzz/property tests.","Adopt strict boundary compiler profiles, full schema support or unsupported-key rejection, durable repair receipts, and fuzz/property tests.",Phase 08 boundary compiler hardening,open,"Not all rows are reproduced runtime bugs; matrix intentionally includes confirmed defects, hardening risks, and missing hostile/conformance proofs."
AHD-0495,Critical,High-confidence hardening risk,Current deep static audit,"Boundary compiler, JSON, schema & repair",v11A Boundary Compiler Gate,crates/aidens-contracts/src/boundary.rs,Treatment-critical paths use simplified addressing that can miss JSON pointer edge cases. Scope variant 7: apply to crates/aidens-contracts/src/boundary.rs and adjacent caller/callee surfaces.,Risk that structured data is accepted or repaired without full semantic contract.,local scan: boundary repair defaults in aidens-boundary-kit/src/lib.rs:34-41,"Adopt strict boundary compiler profiles, full schema support or unsupported-key rejection, durable repair receipts, and fuzz/property tests.","Adopt strict boundary compiler profiles, full schema support or unsupported-key rejection, durable repair receipts, and fuzz/property tests.",Phase 08 boundary compiler hardening,open,"Not all rows are reproduced runtime bugs; matrix intentionally includes confirmed defects, hardening risks, and missing hostile/conformance proofs."
AHD-0496,High,Conformance/test gap,Current deep static audit,"Boundary compiler, JSON, schema & repair",v11A Boundary Compiler Gate,crates/aidens-cli/src/lib.rs,Unknown-field policy is not proven strict across every structured boundary. Scope variant 7: apply to crates/aidens-cli/src/lib.rs and adjacent caller/callee surfaces.,Risk that structured data is accepted or repaired without full semantic contract.,local scan: parse_strict_json and repair path in aidens-boundary-kit/src/lib.rs:24-177,"Adopt strict boundary compiler profiles, full schema support or unsupported-key rejection, durable repair receipts, and fuzz/property tests.","Adopt strict boundary compiler profiles, full schema support or unsupported-key rejection, durable repair receipts, and fuzz/property tests.",Phase 08 boundary compiler hardening,open,"Not all rows are reproduced runtime bugs; matrix intentionally includes confirmed defects, hardening risks, and missing hostile/conformance proofs."
AHD-0497,High,Confirmed source pattern,Current deep static audit,"Boundary compiler, JSON, schema & repair",v11A Boundary Compiler Gate,crates/aidens-boundary-kit/src/lib.rs,"Resource ceilings for parse depth, object count, string length, and array size need proof. Scope variant 7: apply to crates/aidens-boundary-kit/src/lib.rs and adjacent caller/callee surfaces.",Risk that structured data is accepted or repaired without full semantic contract.,local scan: boundary repair defaults in aidens-boundary-kit/src/lib.rs:34-41,"Adopt strict boundary compiler profiles, full schema support or unsupported-key rejection, durable repair receipts, and fuzz/property tests.","Adopt strict boundary compiler profiles, full schema support or unsupported-key rejection, durable repair receipts, and fuzz/property tests.",Phase 08 boundary compiler hardening,open,"Not all rows are reproduced runtime bugs; matrix intentionally includes confirmed defects, hardening risks, and missing hostile/conformance proofs."
AHD-0498,Medium,High-confidence hardening risk,Current deep static audit,"Boundary compiler, JSON, schema & repair",v11A Boundary Compiler Gate,crates/aidens-contracts/src/boundary.rs,Boundary repair receipts need durable storage and downstream proof-impact linkage. Scope variant 7: apply to crates/aidens-contracts/src/boundary.rs and adjacent caller/callee surfaces.,Risk that structured data is accepted or repaired without full semantic contract.,local scan: parse_strict_json and repair path in aidens-boundary-kit/src/lib.rs:24-177,"Adopt strict boundary compiler profiles, full schema support or unsupported-key rejection, durable repair receipts, and fuzz/property tests.","Adopt strict boundary compiler profiles, full schema support or unsupported-key rejection, durable repair receipts, and fuzz/property tests.",Phase 08 boundary compiler hardening,open,"Not all rows are reproduced runtime bugs; matrix intentionally includes confirmed defects, hardening risks, and missing hostile/conformance proofs."
AHD-0499,Critical,Conformance/test gap,Current deep static audit,"Boundary compiler, JSON, schema & repair",v11A Boundary Compiler Gate,crates/aidens-cli/src/lib.rs,Canonicalization profile must be digest-bound and stable across formatting variants. Scope variant 7: apply to crates/aidens-cli/src/lib.rs and adjacent caller/callee surfaces.,Risk that structured data is accepted or repaired without full semantic contract.,local scan: boundary repair defaults in aidens-boundary-kit/src/lib.rs:34-41,"Adopt strict boundary compiler profiles, full schema support or unsupported-key rejection, durable repair receipts, and fuzz/property tests.","Adopt strict boundary compiler profiles, full schema support or unsupported-key rejection, durable repair receipts, and fuzz/property tests.",Phase 08 boundary compiler hardening,open,"Not all rows are reproduced runtime bugs; matrix intentionally includes confirmed defects, hardening risks, and missing hostile/conformance proofs."
AHD-0500,High,Confirmed source pattern,Current deep static audit,"Boundary compiler, JSON, schema & repair",v11A Boundary Compiler Gate,crates/aidens-boundary-kit/src/lib.rs,"Malformed input should quarantine for material evidence paths, not merely repair and continue. Scope variant 7: apply to crates/aidens-boundary-kit/src/lib.rs and adjacent caller/callee surfaces.",Risk that structured data is accepted or repaired without full semantic contract.,local scan: parse_strict_json and repair path in aidens-boundary-kit/src/lib.rs:24-177,"Adopt strict boundary compiler profiles, full schema support or unsupported-key rejection, durable repair receipts, and fuzz/property tests.","Adopt strict boundary compiler profiles, full schema support or unsupported-key rejection, durable repair receipts, and fuzz/property tests.",Phase 08 boundary compiler hardening,open,"Not all rows are reproduced runtime bugs; matrix intentionally includes confirmed defects, hardening risks, and missing hostile/conformance proofs."
AHD-0501,High,High-confidence hardening risk,Current deep static audit,"Boundary compiler, JSON, schema & repair",v11A Boundary Compiler Gate,crates/aidens-contracts/src/boundary.rs,Boundary repair defaults allow markdown-fence or substring extraction behavior that is too permissive for evidence-grade inputs. Scope variant 8: apply to crates/aidens-contracts/src/boundary.rs and adjacent caller/callee surfaces.,Risk that structured data is accepted or repaired without full semantic contract.,local scan: boundary repair defaults in aidens-boundary-kit/src/lib.rs:34-41,"Adopt strict boundary compiler profiles, full schema support or unsupported-key rejection, durable repair receipts, and fuzz/property tests.","Adopt strict boundary compiler profiles, full schema support or unsupported-key rejection, durable repair receipts, and fuzz/property tests.",Phase 08 boundary compiler hardening,open,"Not all rows are reproduced runtime bugs; matrix intentionally includes confirmed defects, hardening risks, and missing hostile/conformance proofs."
AHD-0502,Medium,Conformance/test gap,Current deep static audit,"Boundary compiler, JSON, schema & repair",v11A Boundary Compiler Gate,crates/aidens-cli/src/lib.rs,Handwritten schema validation only covers a subset of JSON Schema features. Scope variant 8: apply to crates/aidens-cli/src/lib.rs and adjacent caller/callee surfaces.,Risk that structured data is accepted or repaired without full semantic contract.,local scan: parse_strict_json and repair path in aidens-boundary-kit/src/lib.rs:24-177,"Adopt strict boundary compiler profiles, full schema support or unsupported-key rejection, durable repair receipts, and fuzz/property tests.","Adopt strict boundary compiler profiles, full schema support or unsupported-key rejection, durable repair receipts, and fuzz/property tests.",Phase 08 boundary compiler hardening,open,"Not all rows are reproduced runtime bugs; matrix intentionally includes confirmed defects, hardening risks, and missing hostile/conformance proofs."
AHD-0503,Critical,Confirmed source pattern,Current deep static audit,"Boundary compiler, JSON, schema & repair",v11A Boundary Compiler Gate,crates/aidens-boundary-kit/src/lib.rs,Unsupported schema keywords may be silently ignored instead of rejected as unsupported semantics. Scope variant 8: apply to crates/aidens-boundary-kit/src/lib.rs and adjacent caller/callee surfaces.,Risk that structured data is accepted or repaired without full semantic contract.,local scan: boundary repair defaults in aidens-boundary-kit/src/lib.rs:34-41,"Adopt strict boundary compiler profiles, full schema support or unsupported-key rejection, durable repair receipts, and fuzz/property tests.","Adopt strict boundary compiler profiles, full schema support or unsupported-key rejection, durable repair receipts, and fuzz/property tests.",Phase 08 boundary compiler hardening,open,"Not all rows are reproduced runtime bugs; matrix intentionally includes confirmed defects, hardening risks, and missing hostile/conformance proofs."
AHD-0504,High,High-confidence hardening risk,Current deep static audit,"Boundary compiler, JSON, schema & repair",v11A Boundary Compiler Gate,crates/aidens-contracts/src/boundary.rs,"Duplicate-key detection needs fuzzing against escapes, nesting, unicode, and parser disagreement. Scope variant 8: apply to crates/aidens-contracts/src/boundary.rs and adjacent caller/callee surfaces.",Risk that structured data is accepted or repaired without full semantic contract.,local scan: parse_strict_json and repair path in aidens-boundary-kit/src/lib.rs:24-177,"Adopt strict boundary compiler profiles, full schema support or unsupported-key rejection, durable repair receipts, and fuzz/property tests.","Adopt strict boundary compiler profiles, full schema support or unsupported-key rejection, durable repair receipts, and fuzz/property tests.",Phase 08 boundary compiler hardening,open,"Not all rows are reproduced runtime bugs; matrix intentionally includes confirmed defects, hardening risks, and missing hostile/conformance proofs."
AHD-0505,High,Conformance/test gap,Current deep static audit,"Boundary compiler, JSON, schema & repair",v11A Boundary Compiler Gate,crates/aidens-cli/src/lib.rs,Treatment-critical paths use simplified addressing that can miss JSON pointer edge cases. Scope variant 8: apply to crates/aidens-cli/src/lib.rs and adjacent caller/callee surfaces.,Risk that structured data is accepted or repaired without full semantic contract.,local scan: boundary repair defaults in aidens-boundary-kit/src/lib.rs:34-41,"Adopt strict boundary compiler profiles, full schema support or unsupported-key rejection, durable repair receipts, and fuzz/property tests.","Adopt strict boundary compiler profiles, full schema support or unsupported-key rejection, durable repair receipts, and fuzz/property tests.",Phase 08 boundary compiler hardening,open,"Not all rows are reproduced runtime bugs; matrix intentionally includes confirmed defects, hardening risks, and missing hostile/conformance proofs."
AHD-0506,Medium,Confirmed source pattern,Current deep static audit,"Boundary compiler, JSON, schema & repair",v11A Boundary Compiler Gate,crates/aidens-boundary-kit/src/lib.rs,Unknown-field policy is not proven strict across every structured boundary. Scope variant 8: apply to crates/aidens-boundary-kit/src/lib.rs and adjacent caller/callee surfaces.,Risk that structured data is accepted or repaired without full semantic contract.,local scan: parse_strict_json and repair path in aidens-boundary-kit/src/lib.rs:24-177,"Adopt strict boundary compiler profiles, full schema support or unsupported-key rejection, durable repair receipts, and fuzz/property tests.","Adopt strict boundary compiler profiles, full schema support or unsupported-key rejection, durable repair receipts, and fuzz/property tests.",Phase 08 boundary compiler hardening,open,"Not all rows are reproduced runtime bugs; matrix intentionally includes confirmed defects, hardening risks, and missing hostile/conformance proofs."
AHD-0507,Critical,High-confidence hardening risk,Current deep static audit,"Boundary compiler, JSON, schema & repair",v11A Boundary Compiler Gate,crates/aidens-contracts/src/boundary.rs,"Resource ceilings for parse depth, object count, string length, and array size need proof. Scope variant 8: apply to crates/aidens-contracts/src/boundary.rs and adjacent caller/callee surfaces.",Risk that structured data is accepted or repaired without full semantic contract.,local scan: boundary repair defaults in aidens-boundary-kit/src/lib.rs:34-41,"Adopt strict boundary compiler profiles, full schema support or unsupported-key rejection, durable repair receipts, and fuzz/property tests.","Adopt strict boundary compiler profiles, full schema support or unsupported-key rejection, durable repair receipts, and fuzz/property tests.",Phase 08 boundary compiler hardening,open,"Not all rows are reproduced runtime bugs; matrix intentionally includes confirmed defects, hardening risks, and missing hostile/conformance proofs."
AHD-0508,High,Conformance/test gap,Current deep static audit,"Boundary compiler, JSON, schema & repair",v11A Boundary Compiler Gate,crates/aidens-cli/src/lib.rs,Boundary repair receipts need durable storage and downstream proof-impact linkage. Scope variant 8: apply to crates/aidens-cli/src/lib.rs and adjacent caller/callee surfaces.,Risk that structured data is accepted or repaired without full semantic contract.,local scan: parse_strict_json and repair path in aidens-boundary-kit/src/lib.rs:24-177,"Adopt strict boundary compiler profiles, full schema support or unsupported-key rejection, durable repair receipts, and fuzz/property tests.","Adopt strict boundary compiler profiles, full schema support or unsupported-key rejection, durable repair receipts, and fuzz/property tests.",Phase 08 boundary compiler hardening,open,"Not all rows are reproduced runtime bugs; matrix intentionally includes confirmed defects, hardening risks, and missing hostile/conformance proofs."
AHD-0509,High,Confirmed source pattern,Current deep static audit,"Boundary compiler, JSON, schema & repair",v11A Boundary Compiler Gate,crates/aidens-boundary-kit/src/lib.rs,Canonicalization profile must be digest-bound and stable across formatting variants. Scope variant 8: apply to crates/aidens-boundary-kit/src/lib.rs and adjacent caller/callee surfaces.,Risk that structured data is accepted or repaired without full semantic contract.,local scan: boundary repair defaults in aidens-boundary-kit/src/lib.rs:34-41,"Adopt strict boundary compiler profiles, full schema support or unsupported-key rejection, durable repair receipts, and fuzz/property tests.","Adopt strict boundary compiler profiles, full schema support or unsupported-key rejection, durable repair receipts, and fuzz/property tests.",Phase 08 boundary compiler hardening,open,"Not all rows are reproduced runtime bugs; matrix intentionally includes confirmed defects, hardening risks, and missing hostile/conformance proofs."
AHD-0510,Medium,High-confidence hardening risk,Current deep static audit,"Boundary compiler, JSON, schema & repair",v11A Boundary Compiler Gate,crates/aidens-contracts/src/boundary.rs,"Malformed input should quarantine for material evidence paths, not merely repair and continue. Scope variant 8: apply to crates/aidens-contracts/src/boundary.rs and adjacent caller/callee surfaces.",Risk that structured data is accepted or repaired without full semantic contract.,local scan: parse_strict_json and repair path in aidens-boundary-kit/src/lib.rs:24-177,"Adopt strict boundary compiler profiles, full schema support or unsupported-key rejection, durable repair receipts, and fuzz/property tests.","Adopt strict boundary compiler profiles, full schema support or unsupported-key rejection, durable repair receipts, and fuzz/property tests.",Phase 08 boundary compiler hardening,open,"Not all rows are reproduced runtime bugs; matrix intentionally includes confirmed defects, hardening risks, and missing hostile/conformance proofs."
AHD-0511,Critical,Conformance/test gap,Current deep static audit,"Bitemporal, proof, view & semantic state",v11A Bitemporal / Proof Economy / View Disclosure,crates/aidens-contracts/src/semantic.rs,Bitemporal valid-time and recorded-time semantics need a pure reference interpreter fixture.,"Risk that temporal truth, proof debt, exactness, or view widening is hidden.",v11A/v11+ conformance requires bitemporal reference and proof/view fixtures,Build bitemporal/proof/view reference fixture corpus and production-path differential tests.,Build bitemporal/proof/view reference fixture corpus and production-path differential tests.,Phase 09 temporal/proof/view reference corpus,open,"Not all rows are reproduced runtime bugs; matrix intentionally includes confirmed defects, hardening risks, and missing hostile/conformance proofs."
AHD-0512,High,High-confidence hardening risk,Current deep static audit,"Bitemporal, proof, view & semantic state",v11A Bitemporal / Proof Economy / View Disclosure,crates/aidens-contracts/src/proof.rs,Retroactive corrections need fixtures proving belief-history is preserved.,"Risk that temporal truth, proof debt, exactness, or view widening is hidden.",local scan: proof/view/semantic carriers exist but need negative production fixtures,Build bitemporal/proof/view reference fixture corpus and production-path differential tests.,Build bitemporal/proof/view reference fixture corpus and production-path differential tests.,Phase 09 temporal/proof/view reference corpus,open,"Not all rows are reproduced runtime bugs; matrix intentionally includes confirmed defects, hardening risks, and missing hostile/conformance proofs."
AHD-0513,High,Conformance/test gap,Current deep static audit,"Bitemporal, proof, view & semantic state",v11A Bitemporal / Proof Economy / View Disclosure,crates/aidens-contracts/src/view_runtime.rs,Projection stale-state behavior needs fixtures proving degraded disclosure.,"Risk that temporal truth, proof debt, exactness, or view widening is hidden.",v11A/v11+ conformance requires bitemporal reference and proof/view fixtures,Build bitemporal/proof/view reference fixture corpus and production-path differential tests.,Build bitemporal/proof/view reference fixture corpus and production-path differential tests.,Phase 09 temporal/proof/view reference corpus,open,"Not all rows are reproduced runtime bugs; matrix intentionally includes confirmed defects, hardening risks, and missing hostile/conformance proofs."
AHD-0514,Medium,Conformance/test gap,Current deep static audit,"Bitemporal, proof, view & semantic state",v11A Bitemporal / Proof Economy / View Disclosure,crates/aidens-memory-kit/src/lib.rs,Proof waiver paths need fixtures proving waiver is never treated as proof.,"Risk that temporal truth, proof debt, exactness, or view widening is hidden.",local scan: proof/view/semantic carriers exist but need negative production fixtures,Build bitemporal/proof/view reference fixture corpus and production-path differential tests.,Build bitemporal/proof/view reference fixture corpus and production-path differential tests.,Phase 09 temporal/proof/view reference corpus,open,"Not all rows are reproduced runtime bugs; matrix intentionally includes confirmed defects, hardening risks, and missing hostile/conformance proofs."
AHD-0515,Critical,High-confidence hardening risk,Current deep static audit,"Bitemporal, proof, view & semantic state",v11A Bitemporal / Proof Economy / View Disclosure,crates/aidens-contracts/src/semantic.rs,Proof debt needs queryable allowed-use restrictions and expiry/escalation behavior.,"Risk that temporal truth, proof debt, exactness, or view widening is hidden.",v11A/v11+ conformance requires bitemporal reference and proof/view fixtures,Build bitemporal/proof/view reference fixture corpus and production-path differential tests.,Build bitemporal/proof/view reference fixture corpus and production-path differential tests.,Phase 09 temporal/proof/view reference corpus,open,"Not all rows are reproduced runtime bugs; matrix intentionally includes confirmed defects, hardening risks, and missing hostile/conformance proofs."
AHD-0516,High,Conformance/test gap,Current deep static audit,"Bitemporal, proof, view & semantic state",v11A Bitemporal / Proof Economy / View Disclosure,crates/aidens-contracts/src/proof.rs,"Scalar confidence must not hide contradiction, exactness, proof debt, or degraded views.","Risk that temporal truth, proof debt, exactness, or view widening is hidden.",local scan: proof/view/semantic carriers exist but need negative production fixtures,Build bitemporal/proof/view reference fixture corpus and production-path differential tests.,Build bitemporal/proof/view reference fixture corpus and production-path differential tests.,Phase 09 temporal/proof/view reference corpus,open,"Not all rows are reproduced runtime bugs; matrix intentionally includes confirmed defects, hardening risks, and missing hostile/conformance proofs."
AHD-0517,High,Conformance/test gap,Current deep static audit,"Bitemporal, proof, view & semantic state",v11A Bitemporal / Proof Economy / View Disclosure,crates/aidens-contracts/src/view_runtime.rs,View widening needs user/audit-visible disclosure in every query/runtime surface.,"Risk that temporal truth, proof debt, exactness, or view widening is hidden.",v11A/v11+ conformance requires bitemporal reference and proof/view fixtures,Build bitemporal/proof/view reference fixture corpus and production-path differential tests.,Build bitemporal/proof/view reference fixture corpus and production-path differential tests.,Phase 09 temporal/proof/view reference corpus,open,"Not all rows are reproduced runtime bugs; matrix intentionally includes confirmed defects, hardening risks, and missing hostile/conformance proofs."
AHD-0518,Medium,High-confidence hardening risk,Current deep static audit,"Bitemporal, proof, view & semantic state",v11A Bitemporal / Proof Economy / View Disclosure,crates/aidens-memory-kit/src/lib.rs,Refuted or contradicted artifacts need promotion-block fixtures.,"Risk that temporal truth, proof debt, exactness, or view widening is hidden.",local scan: proof/view/semantic carriers exist but need negative production fixtures,Build bitemporal/proof/view reference fixture corpus and production-path differential tests.,Build bitemporal/proof/view reference fixture corpus and production-path differential tests.,Phase 09 temporal/proof/view reference corpus,open,"Not all rows are reproduced runtime bugs; matrix intentionally includes confirmed defects, hardening risks, and missing hostile/conformance proofs."
AHD-0519,Critical,Conformance/test gap,Current deep static audit,"Bitemporal, proof, view & semantic state",v11A Bitemporal / Proof Economy / View Disclosure,crates/aidens-contracts/src/semantic.rs,SemanticState carriers exist conceptually but need production-path enforcement.,"Risk that temporal truth, proof debt, exactness, or view widening is hidden.",v11A/v11+ conformance requires bitemporal reference and proof/view fixtures,Build bitemporal/proof/view reference fixture corpus and production-path differential tests.,Build bitemporal/proof/view reference fixture corpus and production-path differential tests.,Phase 09 temporal/proof/view reference corpus,open,"Not all rows are reproduced runtime bugs; matrix intentionally includes confirmed defects, hardening risks, and missing hostile/conformance proofs."
AHD-0520,High,Conformance/test gap,Current deep static audit,"Bitemporal, proof, view & semantic state",v11A Bitemporal / Proof Economy / View Disclosure,crates/aidens-contracts/src/proof.rs,"Execution contamination must be part of semantic state, not buried in logs.","Risk that temporal truth, proof debt, exactness, or view widening is hidden.",local scan: proof/view/semantic carriers exist but need negative production fixtures,Build bitemporal/proof/view reference fixture corpus and production-path differential tests.,Build bitemporal/proof/view reference fixture corpus and production-path differential tests.,Phase 09 temporal/proof/view reference corpus,open,"Not all rows are reproduced runtime bugs; matrix intentionally includes confirmed defects, hardening risks, and missing hostile/conformance proofs."
AHD-0521,High,High-confidence hardening risk,Current deep static audit,"Bitemporal, proof, view & semantic state",v11A Bitemporal / Proof Economy / View Disclosure,crates/aidens-contracts/src/view_runtime.rs,Bitemporal valid-time and recorded-time semantics need a pure reference interpreter fixture. Scope variant 2: apply to crates/aidens-contracts/src/view_runtime.rs and adjacent caller/callee surfaces.,"Risk that temporal truth, proof debt, exactness, or view widening is hidden.",v11A/v11+ conformance requires bitemporal reference and proof/view fixtures,Build bitemporal/proof/view reference fixture corpus and production-path differential tests.,Build bitemporal/proof/view reference fixture corpus and production-path differential tests.,Phase 09 temporal/proof/view reference corpus,open,"Not all rows are reproduced runtime bugs; matrix intentionally includes confirmed defects, hardening risks, and missing hostile/conformance proofs."
AHD-0522,Medium,Conformance/test gap,Current deep static audit,"Bitemporal, proof, view & semantic state",v11A Bitemporal / Proof Economy / View Disclosure,crates/aidens-memory-kit/src/lib.rs,Retroactive corrections need fixtures proving belief-history is preserved. Scope variant 2: apply to crates/aidens-memory-kit/src/lib.rs and adjacent caller/callee surfaces.,"Risk that temporal truth, proof debt, exactness, or view widening is hidden.",local scan: proof/view/semantic carriers exist but need negative production fixtures,Build bitemporal/proof/view reference fixture corpus and production-path differential tests.,Build bitemporal/proof/view reference fixture corpus and production-path differential tests.,Phase 09 temporal/proof/view reference corpus,open,"Not all rows are reproduced runtime bugs; matrix intentionally includes confirmed defects, hardening risks, and missing hostile/conformance proofs."
AHD-0523,Critical,Conformance/test gap,Current deep static audit,"Bitemporal, proof, view & semantic state",v11A Bitemporal / Proof Economy / View Disclosure,crates/aidens-contracts/src/semantic.rs,Projection stale-state behavior needs fixtures proving degraded disclosure. Scope variant 2: apply to crates/aidens-contracts/src/semantic.rs and adjacent caller/callee surfaces.,"Risk that temporal truth, proof debt, exactness, or view widening is hidden.",v11A/v11+ conformance requires bitemporal reference and proof/view fixtures,Build bitemporal/proof/view reference fixture corpus and production-path differential tests.,Build bitemporal/proof/view reference fixture corpus and production-path differential tests.,Phase 09 temporal/proof/view reference corpus,open,"Not all rows are reproduced runtime bugs; matrix intentionally includes confirmed defects, hardening risks, and missing hostile/conformance proofs."
AHD-0524,High,High-confidence hardening risk,Current deep static audit,"Bitemporal, proof, view & semantic state",v11A Bitemporal / Proof Economy / View Disclosure,crates/aidens-contracts/src/proof.rs,Proof waiver paths need fixtures proving waiver is never treated as proof. Scope variant 2: apply to crates/aidens-contracts/src/proof.rs and adjacent caller/callee surfaces.,"Risk that temporal truth, proof debt, exactness, or view widening is hidden.",local scan: proof/view/semantic carriers exist but need negative production fixtures,Build bitemporal/proof/view reference fixture corpus and production-path differential tests.,Build bitemporal/proof/view reference fixture corpus and production-path differential tests.,Phase 09 temporal/proof/view reference corpus,open,"Not all rows are reproduced runtime bugs; matrix intentionally includes confirmed defects, hardening risks, and missing hostile/conformance proofs."
AHD-0525,High,Conformance/test gap,Current deep static audit,"Bitemporal, proof, view & semantic state",v11A Bitemporal / Proof Economy / View Disclosure,crates/aidens-contracts/src/view_runtime.rs,Proof debt needs queryable allowed-use restrictions and expiry/escalation behavior. Scope variant 2: apply to crates/aidens-contracts/src/view_runtime.rs and adjacent caller/callee surfaces.,"Risk that temporal truth, proof debt, exactness, or view widening is hidden.",v11A/v11+ conformance requires bitemporal reference and proof/view fixtures,Build bitemporal/proof/view reference fixture corpus and production-path differential tests.,Build bitemporal/proof/view reference fixture corpus and production-path differential tests.,Phase 09 temporal/proof/view reference corpus,open,"Not all rows are reproduced runtime bugs; matrix intentionally includes confirmed defects, hardening risks, and missing hostile/conformance proofs."
AHD-0526,Medium,Conformance/test gap,Current deep static audit,"Bitemporal, proof, view & semantic state",v11A Bitemporal / Proof Economy / View Disclosure,crates/aidens-memory-kit/src/lib.rs,"Scalar confidence must not hide contradiction, exactness, proof debt, or degraded views. Scope variant 2: apply to crates/aidens-memory-kit/src/lib.rs and adjacent caller/callee surfaces.","Risk that temporal truth, proof debt, exactness, or view widening is hidden.",local scan: proof/view/semantic carriers exist but need negative production fixtures,Build bitemporal/proof/view reference fixture corpus and production-path differential tests.,Build bitemporal/proof/view reference fixture corpus and production-path differential tests.,Phase 09 temporal/proof/view reference corpus,open,"Not all rows are reproduced runtime bugs; matrix intentionally includes confirmed defects, hardening risks, and missing hostile/conformance proofs."
AHD-0527,Critical,High-confidence hardening risk,Current deep static audit,"Bitemporal, proof, view & semantic state",v11A Bitemporal / Proof Economy / View Disclosure,crates/aidens-contracts/src/semantic.rs,View widening needs user/audit-visible disclosure in every query/runtime surface. Scope variant 2: apply to crates/aidens-contracts/src/semantic.rs and adjacent caller/callee surfaces.,"Risk that temporal truth, proof debt, exactness, or view widening is hidden.",v11A/v11+ conformance requires bitemporal reference and proof/view fixtures,Build bitemporal/proof/view reference fixture corpus and production-path differential tests.,Build bitemporal/proof/view reference fixture corpus and production-path differential tests.,Phase 09 temporal/proof/view reference corpus,open,"Not all rows are reproduced runtime bugs; matrix intentionally includes confirmed defects, hardening risks, and missing hostile/conformance proofs."
AHD-0528,High,Conformance/test gap,Current deep static audit,"Bitemporal, proof, view & semantic state",v11A Bitemporal / Proof Economy / View Disclosure,crates/aidens-contracts/src/proof.rs,Refuted or contradicted artifacts need promotion-block fixtures. Scope variant 2: apply to crates/aidens-contracts/src/proof.rs and adjacent caller/callee surfaces.,"Risk that temporal truth, proof debt, exactness, or view widening is hidden.",local scan: proof/view/semantic carriers exist but need negative production fixtures,Build bitemporal/proof/view reference fixture corpus and production-path differential tests.,Build bitemporal/proof/view reference fixture corpus and production-path differential tests.,Phase 09 temporal/proof/view reference corpus,open,"Not all rows are reproduced runtime bugs; matrix intentionally includes confirmed defects, hardening risks, and missing hostile/conformance proofs."
AHD-0529,High,Conformance/test gap,Current deep static audit,"Bitemporal, proof, view & semantic state",v11A Bitemporal / Proof Economy / View Disclosure,crates/aidens-contracts/src/view_runtime.rs,SemanticState carriers exist conceptually but need production-path enforcement. Scope variant 2: apply to crates/aidens-contracts/src/view_runtime.rs and adjacent caller/callee surfaces.,"Risk that temporal truth, proof debt, exactness, or view widening is hidden.",v11A/v11+ conformance requires bitemporal reference and proof/view fixtures,Build bitemporal/proof/view reference fixture corpus and production-path differential tests.,Build bitemporal/proof/view reference fixture corpus and production-path differential tests.,Phase 09 temporal/proof/view reference corpus,open,"Not all rows are reproduced runtime bugs; matrix intentionally includes confirmed defects, hardening risks, and missing hostile/conformance proofs."
AHD-0530,Medium,High-confidence hardening risk,Current deep static audit,"Bitemporal, proof, view & semantic state",v11A Bitemporal / Proof Economy / View Disclosure,crates/aidens-memory-kit/src/lib.rs,"Execution contamination must be part of semantic state, not buried in logs. Scope variant 2: apply to crates/aidens-memory-kit/src/lib.rs and adjacent caller/callee surfaces.","Risk that temporal truth, proof debt, exactness, or view widening is hidden.",local scan: proof/view/semantic carriers exist but need negative production fixtures,Build bitemporal/proof/view reference fixture corpus and production-path differential tests.,Build bitemporal/proof/view reference fixture corpus and production-path differential tests.,Phase 09 temporal/proof/view reference corpus,open,"Not all rows are reproduced runtime bugs; matrix intentionally includes confirmed defects, hardening risks, and missing hostile/conformance proofs."
AHD-0531,Critical,Conformance/test gap,Current deep static audit,"Bitemporal, proof, view & semantic state",v11A Bitemporal / Proof Economy / View Disclosure,crates/aidens-contracts/src/semantic.rs,Bitemporal valid-time and recorded-time semantics need a pure reference interpreter fixture. Scope variant 3: apply to crates/aidens-contracts/src/semantic.rs and adjacent caller/callee surfaces.,"Risk that temporal truth, proof debt, exactness, or view widening is hidden.",v11A/v11+ conformance requires bitemporal reference and proof/view fixtures,Build bitemporal/proof/view reference fixture corpus and production-path differential tests.,Build bitemporal/proof/view reference fixture corpus and production-path differential tests.,Phase 09 temporal/proof/view reference corpus,open,"Not all rows are reproduced runtime bugs; matrix intentionally includes confirmed defects, hardening risks, and missing hostile/conformance proofs."
AHD-0532,High,Conformance/test gap,Current deep static audit,"Bitemporal, proof, view & semantic state",v11A Bitemporal / Proof Economy / View Disclosure,crates/aidens-contracts/src/proof.rs,Retroactive corrections need fixtures proving belief-history is preserved. Scope variant 3: apply to crates/aidens-contracts/src/proof.rs and adjacent caller/callee surfaces.,"Risk that temporal truth, proof debt, exactness, or view widening is hidden.",local scan: proof/view/semantic carriers exist but need negative production fixtures,Build bitemporal/proof/view reference fixture corpus and production-path differential tests.,Build bitemporal/proof/view reference fixture corpus and production-path differential tests.,Phase 09 temporal/proof/view reference corpus,open,"Not all rows are reproduced runtime bugs; matrix intentionally includes confirmed defects, hardening risks, and missing hostile/conformance proofs."
AHD-0533,High,High-confidence hardening risk,Current deep static audit,"Bitemporal, proof, view & semantic state",v11A Bitemporal / Proof Economy / View Disclosure,crates/aidens-contracts/src/view_runtime.rs,Projection stale-state behavior needs fixtures proving degraded disclosure. Scope variant 3: apply to crates/aidens-contracts/src/view_runtime.rs and adjacent caller/callee surfaces.,"Risk that temporal truth, proof debt, exactness, or view widening is hidden.",v11A/v11+ conformance requires bitemporal reference and proof/view fixtures,Build bitemporal/proof/view reference fixture corpus and production-path differential tests.,Build bitemporal/proof/view reference fixture corpus and production-path differential tests.,Phase 09 temporal/proof/view reference corpus,open,"Not all rows are reproduced runtime bugs; matrix intentionally includes confirmed defects, hardening risks, and missing hostile/conformance proofs."
AHD-0534,Medium,Conformance/test gap,Current deep static audit,"Bitemporal, proof, view & semantic state",v11A Bitemporal / Proof Economy / View Disclosure,crates/aidens-memory-kit/src/lib.rs,Proof waiver paths need fixtures proving waiver is never treated as proof. Scope variant 3: apply to crates/aidens-memory-kit/src/lib.rs and adjacent caller/callee surfaces.,"Risk that temporal truth, proof debt, exactness, or view widening is hidden.",local scan: proof/view/semantic carriers exist but need negative production fixtures,Build bitemporal/proof/view reference fixture corpus and production-path differential tests.,Build bitemporal/proof/view reference fixture corpus and production-path differential tests.,Phase 09 temporal/proof/view reference corpus,open,"Not all rows are reproduced runtime bugs; matrix intentionally includes confirmed defects, hardening risks, and missing hostile/conformance proofs."
AHD-0535,Critical,Conformance/test gap,Current deep static audit,"Bitemporal, proof, view & semantic state",v11A Bitemporal / Proof Economy / View Disclosure,crates/aidens-contracts/src/semantic.rs,Proof debt needs queryable allowed-use restrictions and expiry/escalation behavior. Scope variant 3: apply to crates/aidens-contracts/src/semantic.rs and adjacent caller/callee surfaces.,"Risk that temporal truth, proof debt, exactness, or view widening is hidden.",v11A/v11+ conformance requires bitemporal reference and proof/view fixtures,Build bitemporal/proof/view reference fixture corpus and production-path differential tests.,Build bitemporal/proof/view reference fixture corpus and production-path differential tests.,Phase 09 temporal/proof/view reference corpus,open,"Not all rows are reproduced runtime bugs; matrix intentionally includes confirmed defects, hardening risks, and missing hostile/conformance proofs."
AHD-0536,High,High-confidence hardening risk,Current deep static audit,"Bitemporal, proof, view & semantic state",v11A Bitemporal / Proof Economy / View Disclosure,crates/aidens-contracts/src/proof.rs,"Scalar confidence must not hide contradiction, exactness, proof debt, or degraded views. Scope variant 3: apply to crates/aidens-contracts/src/proof.rs and adjacent caller/callee surfaces.","Risk that temporal truth, proof debt, exactness, or view widening is hidden.",local scan: proof/view/semantic carriers exist but need negative production fixtures,Build bitemporal/proof/view reference fixture corpus and production-path differential tests.,Build bitemporal/proof/view reference fixture corpus and production-path differential tests.,Phase 09 temporal/proof/view reference corpus,open,"Not all rows are reproduced runtime bugs; matrix intentionally includes confirmed defects, hardening risks, and missing hostile/conformance proofs."
AHD-0537,High,Conformance/test gap,Current deep static audit,"Bitemporal, proof, view & semantic state",v11A Bitemporal / Proof Economy / View Disclosure,crates/aidens-contracts/src/view_runtime.rs,View widening needs user/audit-visible disclosure in every query/runtime surface. Scope variant 3: apply to crates/aidens-contracts/src/view_runtime.rs and adjacent caller/callee surfaces.,"Risk that temporal truth, proof debt, exactness, or view widening is hidden.",v11A/v11+ conformance requires bitemporal reference and proof/view fixtures,Build bitemporal/proof/view reference fixture corpus and production-path differential tests.,Build bitemporal/proof/view reference fixture corpus and production-path differential tests.,Phase 09 temporal/proof/view reference corpus,open,"Not all rows are reproduced runtime bugs; matrix intentionally includes confirmed defects, hardening risks, and missing hostile/conformance proofs."
AHD-0538,Medium,Conformance/test gap,Current deep static audit,"Bitemporal, proof, view & semantic state",v11A Bitemporal / Proof Economy / View Disclosure,crates/aidens-memory-kit/src/lib.rs,Refuted or contradicted artifacts need promotion-block fixtures. Scope variant 3: apply to crates/aidens-memory-kit/src/lib.rs and adjacent caller/callee surfaces.,"Risk that temporal truth, proof debt, exactness, or view widening is hidden.",local scan: proof/view/semantic carriers exist but need negative production fixtures,Build bitemporal/proof/view reference fixture corpus and production-path differential tests.,Build bitemporal/proof/view reference fixture corpus and production-path differential tests.,Phase 09 temporal/proof/view reference corpus,open,"Not all rows are reproduced runtime bugs; matrix intentionally includes confirmed defects, hardening risks, and missing hostile/conformance proofs."
AHD-0539,Critical,High-confidence hardening risk,Current deep static audit,"Bitemporal, proof, view & semantic state",v11A Bitemporal / Proof Economy / View Disclosure,crates/aidens-contracts/src/semantic.rs,SemanticState carriers exist conceptually but need production-path enforcement. Scope variant 3: apply to crates/aidens-contracts/src/semantic.rs and adjacent caller/callee surfaces.,"Risk that temporal truth, proof debt, exactness, or view widening is hidden.",v11A/v11+ conformance requires bitemporal reference and proof/view fixtures,Build bitemporal/proof/view reference fixture corpus and production-path differential tests.,Build bitemporal/proof/view reference fixture corpus and production-path differential tests.,Phase 09 temporal/proof/view reference corpus,open,"Not all rows are reproduced runtime bugs; matrix intentionally includes confirmed defects, hardening risks, and missing hostile/conformance proofs."
AHD-0540,High,Conformance/test gap,Current deep static audit,"Bitemporal, proof, view & semantic state",v11A Bitemporal / Proof Economy / View Disclosure,crates/aidens-contracts/src/proof.rs,"Execution contamination must be part of semantic state, not buried in logs. Scope variant 3: apply to crates/aidens-contracts/src/proof.rs and adjacent caller/callee surfaces.","Risk that temporal truth, proof debt, exactness, or view widening is hidden.",local scan: proof/view/semantic carriers exist but need negative production fixtures,Build bitemporal/proof/view reference fixture corpus and production-path differential tests.,Build bitemporal/proof/view reference fixture corpus and production-path differential tests.,Phase 09 temporal/proof/view reference corpus,open,"Not all rows are reproduced runtime bugs; matrix intentionally includes confirmed defects, hardening risks, and missing hostile/conformance proofs."
AHD-0541,High,Conformance/test gap,Current deep static audit,"Bitemporal, proof, view & semantic state",v11A Bitemporal / Proof Economy / View Disclosure,crates/aidens-contracts/src/view_runtime.rs,Bitemporal valid-time and recorded-time semantics need a pure reference interpreter fixture. Scope variant 4: apply to crates/aidens-contracts/src/view_runtime.rs and adjacent caller/callee surfaces.,"Risk that temporal truth, proof debt, exactness, or view widening is hidden.",v11A/v11+ conformance requires bitemporal reference and proof/view fixtures,Build bitemporal/proof/view reference fixture corpus and production-path differential tests.,Build bitemporal/proof/view reference fixture corpus and production-path differential tests.,Phase 09 temporal/proof/view reference corpus,open,"Not all rows are reproduced runtime bugs; matrix intentionally includes confirmed defects, hardening risks, and missing hostile/conformance proofs."
AHD-0542,Medium,High-confidence hardening risk,Current deep static audit,"Bitemporal, proof, view & semantic state",v11A Bitemporal / Proof Economy / View Disclosure,crates/aidens-memory-kit/src/lib.rs,Retroactive corrections need fixtures proving belief-history is preserved. Scope variant 4: apply to crates/aidens-memory-kit/src/lib.rs and adjacent caller/callee surfaces.,"Risk that temporal truth, proof debt, exactness, or view widening is hidden.",local scan: proof/view/semantic carriers exist but need negative production fixtures,Build bitemporal/proof/view reference fixture corpus and production-path differential tests.,Build bitemporal/proof/view reference fixture corpus and production-path differential tests.,Phase 09 temporal/proof/view reference corpus,open,"Not all rows are reproduced runtime bugs; matrix intentionally includes confirmed defects, hardening risks, and missing hostile/conformance proofs."
AHD-0543,Critical,Conformance/test gap,Current deep static audit,"Bitemporal, proof, view & semantic state",v11A Bitemporal / Proof Economy / View Disclosure,crates/aidens-contracts/src/semantic.rs,Projection stale-state behavior needs fixtures proving degraded disclosure. Scope variant 4: apply to crates/aidens-contracts/src/semantic.rs and adjacent caller/callee surfaces.,"Risk that temporal truth, proof debt, exactness, or view widening is hidden.",v11A/v11+ conformance requires bitemporal reference and proof/view fixtures,Build bitemporal/proof/view reference fixture corpus and production-path differential tests.,Build bitemporal/proof/view reference fixture corpus and production-path differential tests.,Phase 09 temporal/proof/view reference corpus,open,"Not all rows are reproduced runtime bugs; matrix intentionally includes confirmed defects, hardening risks, and missing hostile/conformance proofs."
AHD-0544,High,Conformance/test gap,Current deep static audit,"Bitemporal, proof, view & semantic state",v11A Bitemporal / Proof Economy / View Disclosure,crates/aidens-contracts/src/proof.rs,Proof waiver paths need fixtures proving waiver is never treated as proof. Scope variant 4: apply to crates/aidens-contracts/src/proof.rs and adjacent caller/callee surfaces.,"Risk that temporal truth, proof debt, exactness, or view widening is hidden.",local scan: proof/view/semantic carriers exist but need negative production fixtures,Build bitemporal/proof/view reference fixture corpus and production-path differential tests.,Build bitemporal/proof/view reference fixture corpus and production-path differential tests.,Phase 09 temporal/proof/view reference corpus,open,"Not all rows are reproduced runtime bugs; matrix intentionally includes confirmed defects, hardening risks, and missing hostile/conformance proofs."
AHD-0545,High,High-confidence hardening risk,Current deep static audit,"Bitemporal, proof, view & semantic state",v11A Bitemporal / Proof Economy / View Disclosure,crates/aidens-contracts/src/view_runtime.rs,Proof debt needs queryable allowed-use restrictions and expiry/escalation behavior. Scope variant 4: apply to crates/aidens-contracts/src/view_runtime.rs and adjacent caller/callee surfaces.,"Risk that temporal truth, proof debt, exactness, or view widening is hidden.",v11A/v11+ conformance requires bitemporal reference and proof/view fixtures,Build bitemporal/proof/view reference fixture corpus and production-path differential tests.,Build bitemporal/proof/view reference fixture corpus and production-path differential tests.,Phase 09 temporal/proof/view reference corpus,open,"Not all rows are reproduced runtime bugs; matrix intentionally includes confirmed defects, hardening risks, and missing hostile/conformance proofs."
AHD-0546,Medium,Conformance/test gap,Current deep static audit,"Bitemporal, proof, view & semantic state",v11A Bitemporal / Proof Economy / View Disclosure,crates/aidens-memory-kit/src/lib.rs,"Scalar confidence must not hide contradiction, exactness, proof debt, or degraded views. Scope variant 4: apply to crates/aidens-memory-kit/src/lib.rs and adjacent caller/callee surfaces.","Risk that temporal truth, proof debt, exactness, or view widening is hidden.",local scan: proof/view/semantic carriers exist but need negative production fixtures,Build bitemporal/proof/view reference fixture corpus and production-path differential tests.,Build bitemporal/proof/view reference fixture corpus and production-path differential tests.,Phase 09 temporal/proof/view reference corpus,open,"Not all rows are reproduced runtime bugs; matrix intentionally includes confirmed defects, hardening risks, and missing hostile/conformance proofs."
AHD-0547,Critical,Conformance/test gap,Current deep static audit,"Bitemporal, proof, view & semantic state",v11A Bitemporal / Proof Economy / View Disclosure,crates/aidens-contracts/src/semantic.rs,View widening needs user/audit-visible disclosure in every query/runtime surface. Scope variant 4: apply to crates/aidens-contracts/src/semantic.rs and adjacent caller/callee surfaces.,"Risk that temporal truth, proof debt, exactness, or view widening is hidden.",v11A/v11+ conformance requires bitemporal reference and proof/view fixtures,Build bitemporal/proof/view reference fixture corpus and production-path differential tests.,Build bitemporal/proof/view reference fixture corpus and production-path differential tests.,Phase 09 temporal/proof/view reference corpus,open,"Not all rows are reproduced runtime bugs; matrix intentionally includes confirmed defects, hardening risks, and missing hostile/conformance proofs."
AHD-0548,High,High-confidence hardening risk,Current deep static audit,"Bitemporal, proof, view & semantic state",v11A Bitemporal / Proof Economy / View Disclosure,crates/aidens-contracts/src/proof.rs,Refuted or contradicted artifacts need promotion-block fixtures. Scope variant 4: apply to crates/aidens-contracts/src/proof.rs and adjacent caller/callee surfaces.,"Risk that temporal truth, proof debt, exactness, or view widening is hidden.",local scan: proof/view/semantic carriers exist but need negative production fixtures,Build bitemporal/proof/view reference fixture corpus and production-path differential tests.,Build bitemporal/proof/view reference fixture corpus and production-path differential tests.,Phase 09 temporal/proof/view reference corpus,open,"Not all rows are reproduced runtime bugs; matrix intentionally includes confirmed defects, hardening risks, and missing hostile/conformance proofs."
AHD-0549,High,Conformance/test gap,Current deep static audit,"Bitemporal, proof, view & semantic state",v11A Bitemporal / Proof Economy / View Disclosure,crates/aidens-contracts/src/view_runtime.rs,SemanticState carriers exist conceptually but need production-path enforcement. Scope variant 4: apply to crates/aidens-contracts/src/view_runtime.rs and adjacent caller/callee surfaces.,"Risk that temporal truth, proof debt, exactness, or view widening is hidden.",v11A/v11+ conformance requires bitemporal reference and proof/view fixtures,Build bitemporal/proof/view reference fixture corpus and production-path differential tests.,Build bitemporal/proof/view reference fixture corpus and production-path differential tests.,Phase 09 temporal/proof/view reference corpus,open,"Not all rows are reproduced runtime bugs; matrix intentionally includes confirmed defects, hardening risks, and missing hostile/conformance proofs."
AHD-0550,Medium,Conformance/test gap,Current deep static audit,"Bitemporal, proof, view & semantic state",v11A Bitemporal / Proof Economy / View Disclosure,crates/aidens-memory-kit/src/lib.rs,"Execution contamination must be part of semantic state, not buried in logs. Scope variant 4: apply to crates/aidens-memory-kit/src/lib.rs and adjacent caller/callee surfaces.","Risk that temporal truth, proof debt, exactness, or view widening is hidden.",local scan: proof/view/semantic carriers exist but need negative production fixtures,Build bitemporal/proof/view reference fixture corpus and production-path differential tests.,Build bitemporal/proof/view reference fixture corpus and production-path differential tests.,Phase 09 temporal/proof/view reference corpus,open,"Not all rows are reproduced runtime bugs; matrix intentionally includes confirmed defects, hardening risks, and missing hostile/conformance proofs."
AHD-0551,Critical,High-confidence hardening risk,Current deep static audit,"Bitemporal, proof, view & semantic state",v11A Bitemporal / Proof Economy / View Disclosure,crates/aidens-contracts/src/semantic.rs,Bitemporal valid-time and recorded-time semantics need a pure reference interpreter fixture. Scope variant 5: apply to crates/aidens-contracts/src/semantic.rs and adjacent caller/callee surfaces.,"Risk that temporal truth, proof debt, exactness, or view widening is hidden.",v11A/v11+ conformance requires bitemporal reference and proof/view fixtures,Build bitemporal/proof/view reference fixture corpus and production-path differential tests.,Build bitemporal/proof/view reference fixture corpus and production-path differential tests.,Phase 09 temporal/proof/view reference corpus,open,"Not all rows are reproduced runtime bugs; matrix intentionally includes confirmed defects, hardening risks, and missing hostile/conformance proofs."
AHD-0552,High,Conformance/test gap,Current deep static audit,"Bitemporal, proof, view & semantic state",v11A Bitemporal / Proof Economy / View Disclosure,crates/aidens-contracts/src/proof.rs,Retroactive corrections need fixtures proving belief-history is preserved. Scope variant 5: apply to crates/aidens-contracts/src/proof.rs and adjacent caller/callee surfaces.,"Risk that temporal truth, proof debt, exactness, or view widening is hidden.",local scan: proof/view/semantic carriers exist but need negative production fixtures,Build bitemporal/proof/view reference fixture corpus and production-path differential tests.,Build bitemporal/proof/view reference fixture corpus and production-path differential tests.,Phase 09 temporal/proof/view reference corpus,open,"Not all rows are reproduced runtime bugs; matrix intentionally includes confirmed defects, hardening risks, and missing hostile/conformance proofs."
AHD-0553,High,Conformance/test gap,Current deep static audit,"Bitemporal, proof, view & semantic state",v11A Bitemporal / Proof Economy / View Disclosure,crates/aidens-contracts/src/view_runtime.rs,Projection stale-state behavior needs fixtures proving degraded disclosure. Scope variant 5: apply to crates/aidens-contracts/src/view_runtime.rs and adjacent caller/callee surfaces.,"Risk that temporal truth, proof debt, exactness, or view widening is hidden.",v11A/v11+ conformance requires bitemporal reference and proof/view fixtures,Build bitemporal/proof/view reference fixture corpus and production-path differential tests.,Build bitemporal/proof/view reference fixture corpus and production-path differential tests.,Phase 09 temporal/proof/view reference corpus,open,"Not all rows are reproduced runtime bugs; matrix intentionally includes confirmed defects, hardening risks, and missing hostile/conformance proofs."
AHD-0554,Medium,High-confidence hardening risk,Current deep static audit,"Bitemporal, proof, view & semantic state",v11A Bitemporal / Proof Economy / View Disclosure,crates/aidens-memory-kit/src/lib.rs,Proof waiver paths need fixtures proving waiver is never treated as proof. Scope variant 5: apply to crates/aidens-memory-kit/src/lib.rs and adjacent caller/callee surfaces.,"Risk that temporal truth, proof debt, exactness, or view widening is hidden.",local scan: proof/view/semantic carriers exist but need negative production fixtures,Build bitemporal/proof/view reference fixture corpus and production-path differential tests.,Build bitemporal/proof/view reference fixture corpus and production-path differential tests.,Phase 09 temporal/proof/view reference corpus,open,"Not all rows are reproduced runtime bugs; matrix intentionally includes confirmed defects, hardening risks, and missing hostile/conformance proofs."
AHD-0555,Critical,Conformance/test gap,Current deep static audit,"Bitemporal, proof, view & semantic state",v11A Bitemporal / Proof Economy / View Disclosure,crates/aidens-contracts/src/semantic.rs,Proof debt needs queryable allowed-use restrictions and expiry/escalation behavior. Scope variant 5: apply to crates/aidens-contracts/src/semantic.rs and adjacent caller/callee surfaces.,"Risk that temporal truth, proof debt, exactness, or view widening is hidden.",v11A/v11+ conformance requires bitemporal reference and proof/view fixtures,Build bitemporal/proof/view reference fixture corpus and production-path differential tests.,Build bitemporal/proof/view reference fixture corpus and production-path differential tests.,Phase 09 temporal/proof/view reference corpus,open,"Not all rows are reproduced runtime bugs; matrix intentionally includes confirmed defects, hardening risks, and missing hostile/conformance proofs."
AHD-0556,High,Conformance/test gap,Current deep static audit,"Bitemporal, proof, view & semantic state",v11A Bitemporal / Proof Economy / View Disclosure,crates/aidens-contracts/src/proof.rs,"Scalar confidence must not hide contradiction, exactness, proof debt, or degraded views. Scope variant 5: apply to crates/aidens-contracts/src/proof.rs and adjacent caller/callee surfaces.","Risk that temporal truth, proof debt, exactness, or view widening is hidden.",local scan: proof/view/semantic carriers exist but need negative production fixtures,Build bitemporal/proof/view reference fixture corpus and production-path differential tests.,Build bitemporal/proof/view reference fixture corpus and production-path differential tests.,Phase 09 temporal/proof/view reference corpus,open,"Not all rows are reproduced runtime bugs; matrix intentionally includes confirmed defects, hardening risks, and missing hostile/conformance proofs."
AHD-0557,High,High-confidence hardening risk,Current deep static audit,"Bitemporal, proof, view & semantic state",v11A Bitemporal / Proof Economy / View Disclosure,crates/aidens-contracts/src/view_runtime.rs,View widening needs user/audit-visible disclosure in every query/runtime surface. Scope variant 5: apply to crates/aidens-contracts/src/view_runtime.rs and adjacent caller/callee surfaces.,"Risk that temporal truth, proof debt, exactness, or view widening is hidden.",v11A/v11+ conformance requires bitemporal reference and proof/view fixtures,Build bitemporal/proof/view reference fixture corpus and production-path differential tests.,Build bitemporal/proof/view reference fixture corpus and production-path differential tests.,Phase 09 temporal/proof/view reference corpus,open,"Not all rows are reproduced runtime bugs; matrix intentionally includes confirmed defects, hardening risks, and missing hostile/conformance proofs."
AHD-0558,Medium,Conformance/test gap,Current deep static audit,"Bitemporal, proof, view & semantic state",v11A Bitemporal / Proof Economy / View Disclosure,crates/aidens-memory-kit/src/lib.rs,Refuted or contradicted artifacts need promotion-block fixtures. Scope variant 5: apply to crates/aidens-memory-kit/src/lib.rs and adjacent caller/callee surfaces.,"Risk that temporal truth, proof debt, exactness, or view widening is hidden.",local scan: proof/view/semantic carriers exist but need negative production fixtures,Build bitemporal/proof/view reference fixture corpus and production-path differential tests.,Build bitemporal/proof/view reference fixture corpus and production-path differential tests.,Phase 09 temporal/proof/view reference corpus,open,"Not all rows are reproduced runtime bugs; matrix intentionally includes confirmed defects, hardening risks, and missing hostile/conformance proofs."
AHD-0559,Critical,Conformance/test gap,Current deep static audit,"Bitemporal, proof, view & semantic state",v11A Bitemporal / Proof Economy / View Disclosure,crates/aidens-contracts/src/semantic.rs,SemanticState carriers exist conceptually but need production-path enforcement. Scope variant 5: apply to crates/aidens-contracts/src/semantic.rs and adjacent caller/callee surfaces.,"Risk that temporal truth, proof debt, exactness, or view widening is hidden.",v11A/v11+ conformance requires bitemporal reference and proof/view fixtures,Build bitemporal/proof/view reference fixture corpus and production-path differential tests.,Build bitemporal/proof/view reference fixture corpus and production-path differential tests.,Phase 09 temporal/proof/view reference corpus,open,"Not all rows are reproduced runtime bugs; matrix intentionally includes confirmed defects, hardening risks, and missing hostile/conformance proofs."
AHD-0560,High,High-confidence hardening risk,Current deep static audit,"Bitemporal, proof, view & semantic state",v11A Bitemporal / Proof Economy / View Disclosure,crates/aidens-contracts/src/proof.rs,"Execution contamination must be part of semantic state, not buried in logs. Scope variant 5: apply to crates/aidens-contracts/src/proof.rs and adjacent caller/callee surfaces.","Risk that temporal truth, proof debt, exactness, or view widening is hidden.",local scan: proof/view/semantic carriers exist but need negative production fixtures,Build bitemporal/proof/view reference fixture corpus and production-path differential tests.,Build bitemporal/proof/view reference fixture corpus and production-path differential tests.,Phase 09 temporal/proof/view reference corpus,open,"Not all rows are reproduced runtime bugs; matrix intentionally includes confirmed defects, hardening risks, and missing hostile/conformance proofs."
AHD-0561,High,Conformance/test gap,Current deep static audit,"Bitemporal, proof, view & semantic state",v11A Bitemporal / Proof Economy / View Disclosure,crates/aidens-contracts/src/view_runtime.rs,Bitemporal valid-time and recorded-time semantics need a pure reference interpreter fixture. Scope variant 6: apply to crates/aidens-contracts/src/view_runtime.rs and adjacent caller/callee surfaces.,"Risk that temporal truth, proof debt, exactness, or view widening is hidden.",v11A/v11+ conformance requires bitemporal reference and proof/view fixtures,Build bitemporal/proof/view reference fixture corpus and production-path differential tests.,Build bitemporal/proof/view reference fixture corpus and production-path differential tests.,Phase 09 temporal/proof/view reference corpus,open,"Not all rows are reproduced runtime bugs; matrix intentionally includes confirmed defects, hardening risks, and missing hostile/conformance proofs."
AHD-0562,Medium,Conformance/test gap,Current deep static audit,"Bitemporal, proof, view & semantic state",v11A Bitemporal / Proof Economy / View Disclosure,crates/aidens-memory-kit/src/lib.rs,Retroactive corrections need fixtures proving belief-history is preserved. Scope variant 6: apply to crates/aidens-memory-kit/src/lib.rs and adjacent caller/callee surfaces.,"Risk that temporal truth, proof debt, exactness, or view widening is hidden.",local scan: proof/view/semantic carriers exist but need negative production fixtures,Build bitemporal/proof/view reference fixture corpus and production-path differential tests.,Build bitemporal/proof/view reference fixture corpus and production-path differential tests.,Phase 09 temporal/proof/view reference corpus,open,"Not all rows are reproduced runtime bugs; matrix intentionally includes confirmed defects, hardening risks, and missing hostile/conformance proofs."
AHD-0563,Critical,High-confidence hardening risk,Current deep static audit,"Bitemporal, proof, view & semantic state",v11A Bitemporal / Proof Economy / View Disclosure,crates/aidens-contracts/src/semantic.rs,Projection stale-state behavior needs fixtures proving degraded disclosure. Scope variant 6: apply to crates/aidens-contracts/src/semantic.rs and adjacent caller/callee surfaces.,"Risk that temporal truth, proof debt, exactness, or view widening is hidden.",v11A/v11+ conformance requires bitemporal reference and proof/view fixtures,Build bitemporal/proof/view reference fixture corpus and production-path differential tests.,Build bitemporal/proof/view reference fixture corpus and production-path differential tests.,Phase 09 temporal/proof/view reference corpus,open,"Not all rows are reproduced runtime bugs; matrix intentionally includes confirmed defects, hardening risks, and missing hostile/conformance proofs."
AHD-0564,High,Conformance/test gap,Current deep static audit,"Bitemporal, proof, view & semantic state",v11A Bitemporal / Proof Economy / View Disclosure,crates/aidens-contracts/src/proof.rs,Proof waiver paths need fixtures proving waiver is never treated as proof. Scope variant 6: apply to crates/aidens-contracts/src/proof.rs and adjacent caller/callee surfaces.,"Risk that temporal truth, proof debt, exactness, or view widening is hidden.",local scan: proof/view/semantic carriers exist but need negative production fixtures,Build bitemporal/proof/view reference fixture corpus and production-path differential tests.,Build bitemporal/proof/view reference fixture corpus and production-path differential tests.,Phase 09 temporal/proof/view reference corpus,open,"Not all rows are reproduced runtime bugs; matrix intentionally includes confirmed defects, hardening risks, and missing hostile/conformance proofs."
AHD-0565,High,Conformance/test gap,Current deep static audit,"Bitemporal, proof, view & semantic state",v11A Bitemporal / Proof Economy / View Disclosure,crates/aidens-contracts/src/view_runtime.rs,Proof debt needs queryable allowed-use restrictions and expiry/escalation behavior. Scope variant 6: apply to crates/aidens-contracts/src/view_runtime.rs and adjacent caller/callee surfaces.,"Risk that temporal truth, proof debt, exactness, or view widening is hidden.",v11A/v11+ conformance requires bitemporal reference and proof/view fixtures,Build bitemporal/proof/view reference fixture corpus and production-path differential tests.,Build bitemporal/proof/view reference fixture corpus and production-path differential tests.,Phase 09 temporal/proof/view reference corpus,open,"Not all rows are reproduced runtime bugs; matrix intentionally includes confirmed defects, hardening risks, and missing hostile/conformance proofs."
AHD-0566,Medium,High-confidence hardening risk,Current deep static audit,"Bitemporal, proof, view & semantic state",v11A Bitemporal / Proof Economy / View Disclosure,crates/aidens-memory-kit/src/lib.rs,"Scalar confidence must not hide contradiction, exactness, proof debt, or degraded views. Scope variant 6: apply to crates/aidens-memory-kit/src/lib.rs and adjacent caller/callee surfaces.","Risk that temporal truth, proof debt, exactness, or view widening is hidden.",local scan: proof/view/semantic carriers exist but need negative production fixtures,Build bitemporal/proof/view reference fixture corpus and production-path differential tests.,Build bitemporal/proof/view reference fixture corpus and production-path differential tests.,Phase 09 temporal/proof/view reference corpus,open,"Not all rows are reproduced runtime bugs; matrix intentionally includes confirmed defects, hardening risks, and missing hostile/conformance proofs."
AHD-0567,Critical,Conformance/test gap,Current deep static audit,"Bitemporal, proof, view & semantic state",v11A Bitemporal / Proof Economy / View Disclosure,crates/aidens-contracts/src/semantic.rs,View widening needs user/audit-visible disclosure in every query/runtime surface. Scope variant 6: apply to crates/aidens-contracts/src/semantic.rs and adjacent caller/callee surfaces.,"Risk that temporal truth, proof debt, exactness, or view widening is hidden.",v11A/v11+ conformance requires bitemporal reference and proof/view fixtures,Build bitemporal/proof/view reference fixture corpus and production-path differential tests.,Build bitemporal/proof/view reference fixture corpus and production-path differential tests.,Phase 09 temporal/proof/view reference corpus,open,"Not all rows are reproduced runtime bugs; matrix intentionally includes confirmed defects, hardening risks, and missing hostile/conformance proofs."
AHD-0568,High,Conformance/test gap,Current deep static audit,"Bitemporal, proof, view & semantic state",v11A Bitemporal / Proof Economy / View Disclosure,crates/aidens-contracts/src/proof.rs,Refuted or contradicted artifacts need promotion-block fixtures. Scope variant 6: apply to crates/aidens-contracts/src/proof.rs and adjacent caller/callee surfaces.,"Risk that temporal truth, proof debt, exactness, or view widening is hidden.",local scan: proof/view/semantic carriers exist but need negative production fixtures,Build bitemporal/proof/view reference fixture corpus and production-path differential tests.,Build bitemporal/proof/view reference fixture corpus and production-path differential tests.,Phase 09 temporal/proof/view reference corpus,open,"Not all rows are reproduced runtime bugs; matrix intentionally includes confirmed defects, hardening risks, and missing hostile/conformance proofs."
AHD-0569,High,High-confidence hardening risk,Current deep static audit,"Bitemporal, proof, view & semantic state",v11A Bitemporal / Proof Economy / View Disclosure,crates/aidens-contracts/src/view_runtime.rs,SemanticState carriers exist conceptually but need production-path enforcement. Scope variant 6: apply to crates/aidens-contracts/src/view_runtime.rs and adjacent caller/callee surfaces.,"Risk that temporal truth, proof debt, exactness, or view widening is hidden.",v11A/v11+ conformance requires bitemporal reference and proof/view fixtures,Build bitemporal/proof/view reference fixture corpus and production-path differential tests.,Build bitemporal/proof/view reference fixture corpus and production-path differential tests.,Phase 09 temporal/proof/view reference corpus,open,"Not all rows are reproduced runtime bugs; matrix intentionally includes confirmed defects, hardening risks, and missing hostile/conformance proofs."
AHD-0570,Medium,Conformance/test gap,Current deep static audit,"Bitemporal, proof, view & semantic state",v11A Bitemporal / Proof Economy / View Disclosure,crates/aidens-memory-kit/src/lib.rs,"Execution contamination must be part of semantic state, not buried in logs. Scope variant 6: apply to crates/aidens-memory-kit/src/lib.rs and adjacent caller/callee surfaces.","Risk that temporal truth, proof debt, exactness, or view widening is hidden.",local scan: proof/view/semantic carriers exist but need negative production fixtures,Build bitemporal/proof/view reference fixture corpus and production-path differential tests.,Build bitemporal/proof/view reference fixture corpus and production-path differential tests.,Phase 09 temporal/proof/view reference corpus,open,"Not all rows are reproduced runtime bugs; matrix intentionally includes confirmed defects, hardening risks, and missing hostile/conformance proofs."
AHD-0571,Critical,Conformance/test gap,Current deep static audit,"Bitemporal, proof, view & semantic state",v11A Bitemporal / Proof Economy / View Disclosure,crates/aidens-contracts/src/semantic.rs,Bitemporal valid-time and recorded-time semantics need a pure reference interpreter fixture. Scope variant 7: apply to crates/aidens-contracts/src/semantic.rs and adjacent caller/callee surfaces.,"Risk that temporal truth, proof debt, exactness, or view widening is hidden.",v11A/v11+ conformance requires bitemporal reference and proof/view fixtures,Build bitemporal/proof/view reference fixture corpus and production-path differential tests.,Build bitemporal/proof/view reference fixture corpus and production-path differential tests.,Phase 09 temporal/proof/view reference corpus,open,"Not all rows are reproduced runtime bugs; matrix intentionally includes confirmed defects, hardening risks, and missing hostile/conformance proofs."
AHD-0572,High,High-confidence hardening risk,Current deep static audit,"Bitemporal, proof, view & semantic state",v11A Bitemporal / Proof Economy / View Disclosure,crates/aidens-contracts/src/proof.rs,Retroactive corrections need fixtures proving belief-history is preserved. Scope variant 7: apply to crates/aidens-contracts/src/proof.rs and adjacent caller/callee surfaces.,"Risk that temporal truth, proof debt, exactness, or view widening is hidden.",local scan: proof/view/semantic carriers exist but need negative production fixtures,Build bitemporal/proof/view reference fixture corpus and production-path differential tests.,Build bitemporal/proof/view reference fixture corpus and production-path differential tests.,Phase 09 temporal/proof/view reference corpus,open,"Not all rows are reproduced runtime bugs; matrix intentionally includes confirmed defects, hardening risks, and missing hostile/conformance proofs."
AHD-0573,High,Conformance/test gap,Current deep static audit,"Bitemporal, proof, view & semantic state",v11A Bitemporal / Proof Economy / View Disclosure,crates/aidens-contracts/src/view_runtime.rs,Projection stale-state behavior needs fixtures proving degraded disclosure. Scope variant 7: apply to crates/aidens-contracts/src/view_runtime.rs and adjacent caller/callee surfaces.,"Risk that temporal truth, proof debt, exactness, or view widening is hidden.",v11A/v11+ conformance requires bitemporal reference and proof/view fixtures,Build bitemporal/proof/view reference fixture corpus and production-path differential tests.,Build bitemporal/proof/view reference fixture corpus and production-path differential tests.,Phase 09 temporal/proof/view reference corpus,open,"Not all rows are reproduced runtime bugs; matrix intentionally includes confirmed defects, hardening risks, and missing hostile/conformance proofs."
AHD-0574,Medium,Conformance/test gap,Current deep static audit,"Bitemporal, proof, view & semantic state",v11A Bitemporal / Proof Economy / View Disclosure,crates/aidens-memory-kit/src/lib.rs,Proof waiver paths need fixtures proving waiver is never treated as proof. Scope variant 7: apply to crates/aidens-memory-kit/src/lib.rs and adjacent caller/callee surfaces.,"Risk that temporal truth, proof debt, exactness, or view widening is hidden.",local scan: proof/view/semantic carriers exist but need negative production fixtures,Build bitemporal/proof/view reference fixture corpus and production-path differential tests.,Build bitemporal/proof/view reference fixture corpus and production-path differential tests.,Phase 09 temporal/proof/view reference corpus,open,"Not all rows are reproduced runtime bugs; matrix intentionally includes confirmed defects, hardening risks, and missing hostile/conformance proofs."
AHD-0575,Critical,High-confidence hardening risk,Current deep static audit,"Bitemporal, proof, view & semantic state",v11A Bitemporal / Proof Economy / View Disclosure,crates/aidens-contracts/src/semantic.rs,Proof debt needs queryable allowed-use restrictions and expiry/escalation behavior. Scope variant 7: apply to crates/aidens-contracts/src/semantic.rs and adjacent caller/callee surfaces.,"Risk that temporal truth, proof debt, exactness, or view widening is hidden.",v11A/v11+ conformance requires bitemporal reference and proof/view fixtures,Build bitemporal/proof/view reference fixture corpus and production-path differential tests.,Build bitemporal/proof/view reference fixture corpus and production-path differential tests.,Phase 09 temporal/proof/view reference corpus,open,"Not all rows are reproduced runtime bugs; matrix intentionally includes confirmed defects, hardening risks, and missing hostile/conformance proofs."
AHD-0576,High,Conformance/test gap,Current deep static audit,"Bitemporal, proof, view & semantic state",v11A Bitemporal / Proof Economy / View Disclosure,crates/aidens-contracts/src/proof.rs,"Scalar confidence must not hide contradiction, exactness, proof debt, or degraded views. Scope variant 7: apply to crates/aidens-contracts/src/proof.rs and adjacent caller/callee surfaces.","Risk that temporal truth, proof debt, exactness, or view widening is hidden.",local scan: proof/view/semantic carriers exist but need negative production fixtures,Build bitemporal/proof/view reference fixture corpus and production-path differential tests.,Build bitemporal/proof/view reference fixture corpus and production-path differential tests.,Phase 09 temporal/proof/view reference corpus,open,"Not all rows are reproduced runtime bugs; matrix intentionally includes confirmed defects, hardening risks, and missing hostile/conformance proofs."
AHD-0577,High,Conformance/test gap,Current deep static audit,"Bitemporal, proof, view & semantic state",v11A Bitemporal / Proof Economy / View Disclosure,crates/aidens-contracts/src/view_runtime.rs,View widening needs user/audit-visible disclosure in every query/runtime surface. Scope variant 7: apply to crates/aidens-contracts/src/view_runtime.rs and adjacent caller/callee surfaces.,"Risk that temporal truth, proof debt, exactness, or view widening is hidden.",v11A/v11+ conformance requires bitemporal reference and proof/view fixtures,Build bitemporal/proof/view reference fixture corpus and production-path differential tests.,Build bitemporal/proof/view reference fixture corpus and production-path differential tests.,Phase 09 temporal/proof/view reference corpus,open,"Not all rows are reproduced runtime bugs; matrix intentionally includes confirmed defects, hardening risks, and missing hostile/conformance proofs."
AHD-0578,Medium,High-confidence hardening risk,Current deep static audit,"Bitemporal, proof, view & semantic state",v11A Bitemporal / Proof Economy / View Disclosure,crates/aidens-memory-kit/src/lib.rs,Refuted or contradicted artifacts need promotion-block fixtures. Scope variant 7: apply to crates/aidens-memory-kit/src/lib.rs and adjacent caller/callee surfaces.,"Risk that temporal truth, proof debt, exactness, or view widening is hidden.",local scan: proof/view/semantic carriers exist but need negative production fixtures,Build bitemporal/proof/view reference fixture corpus and production-path differential tests.,Build bitemporal/proof/view reference fixture corpus and production-path differential tests.,Phase 09 temporal/proof/view reference corpus,open,"Not all rows are reproduced runtime bugs; matrix intentionally includes confirmed defects, hardening risks, and missing hostile/conformance proofs."
AHD-0579,Critical,Conformance/test gap,Current deep static audit,"Bitemporal, proof, view & semantic state",v11A Bitemporal / Proof Economy / View Disclosure,crates/aidens-contracts/src/semantic.rs,SemanticState carriers exist conceptually but need production-path enforcement. Scope variant 7: apply to crates/aidens-contracts/src/semantic.rs and adjacent caller/callee surfaces.,"Risk that temporal truth, proof debt, exactness, or view widening is hidden.",v11A/v11+ conformance requires bitemporal reference and proof/view fixtures,Build bitemporal/proof/view reference fixture corpus and production-path differential tests.,Build bitemporal/proof/view reference fixture corpus and production-path differential tests.,Phase 09 temporal/proof/view reference corpus,open,"Not all rows are reproduced runtime bugs; matrix intentionally includes confirmed defects, hardening risks, and missing hostile/conformance proofs."
AHD-0580,High,Conformance/test gap,Current deep static audit,"Bitemporal, proof, view & semantic state",v11A Bitemporal / Proof Economy / View Disclosure,crates/aidens-contracts/src/proof.rs,"Execution contamination must be part of semantic state, not buried in logs. Scope variant 7: apply to crates/aidens-contracts/src/proof.rs and adjacent caller/callee surfaces.","Risk that temporal truth, proof debt, exactness, or view widening is hidden.",local scan: proof/view/semantic carriers exist but need negative production fixtures,Build bitemporal/proof/view reference fixture corpus and production-path differential tests.,Build bitemporal/proof/view reference fixture corpus and production-path differential tests.,Phase 09 temporal/proof/view reference corpus,open,"Not all rows are reproduced runtime bugs; matrix intentionally includes confirmed defects, hardening risks, and missing hostile/conformance proofs."
AHD-0581,High,High-confidence hardening risk,Current deep static audit,"Bitemporal, proof, view & semantic state",v11A Bitemporal / Proof Economy / View Disclosure,crates/aidens-contracts/src/view_runtime.rs,Bitemporal valid-time and recorded-time semantics need a pure reference interpreter fixture. Scope variant 8: apply to crates/aidens-contracts/src/view_runtime.rs and adjacent caller/callee surfaces.,"Risk that temporal truth, proof debt, exactness, or view widening is hidden.",v11A/v11+ conformance requires bitemporal reference and proof/view fixtures,Build bitemporal/proof/view reference fixture corpus and production-path differential tests.,Build bitemporal/proof/view reference fixture corpus and production-path differential tests.,Phase 09 temporal/proof/view reference corpus,open,"Not all rows are reproduced runtime bugs; matrix intentionally includes confirmed defects, hardening risks, and missing hostile/conformance proofs."
AHD-0582,Medium,Conformance/test gap,Current deep static audit,"Bitemporal, proof, view & semantic state",v11A Bitemporal / Proof Economy / View Disclosure,crates/aidens-memory-kit/src/lib.rs,Retroactive corrections need fixtures proving belief-history is preserved. Scope variant 8: apply to crates/aidens-memory-kit/src/lib.rs and adjacent caller/callee surfaces.,"Risk that temporal truth, proof debt, exactness, or view widening is hidden.",local scan: proof/view/semantic carriers exist but need negative production fixtures,Build bitemporal/proof/view reference fixture corpus and production-path differential tests.,Build bitemporal/proof/view reference fixture corpus and production-path differential tests.,Phase 09 temporal/proof/view reference corpus,open,"Not all rows are reproduced runtime bugs; matrix intentionally includes confirmed defects, hardening risks, and missing hostile/conformance proofs."
AHD-0583,Critical,Conformance/test gap,Current deep static audit,"Bitemporal, proof, view & semantic state",v11A Bitemporal / Proof Economy / View Disclosure,crates/aidens-contracts/src/semantic.rs,Projection stale-state behavior needs fixtures proving degraded disclosure. Scope variant 8: apply to crates/aidens-contracts/src/semantic.rs and adjacent caller/callee surfaces.,"Risk that temporal truth, proof debt, exactness, or view widening is hidden.",v11A/v11+ conformance requires bitemporal reference and proof/view fixtures,Build bitemporal/proof/view reference fixture corpus and production-path differential tests.,Build bitemporal/proof/view reference fixture corpus and production-path differential tests.,Phase 09 temporal/proof/view reference corpus,open,"Not all rows are reproduced runtime bugs; matrix intentionally includes confirmed defects, hardening risks, and missing hostile/conformance proofs."
AHD-0584,High,High-confidence hardening risk,Current deep static audit,"Bitemporal, proof, view & semantic state",v11A Bitemporal / Proof Economy / View Disclosure,crates/aidens-contracts/src/proof.rs,Proof waiver paths need fixtures proving waiver is never treated as proof. Scope variant 8: apply to crates/aidens-contracts/src/proof.rs and adjacent caller/callee surfaces.,"Risk that temporal truth, proof debt, exactness, or view widening is hidden.",local scan: proof/view/semantic carriers exist but need negative production fixtures,Build bitemporal/proof/view reference fixture corpus and production-path differential tests.,Build bitemporal/proof/view reference fixture corpus and production-path differential tests.,Phase 09 temporal/proof/view reference corpus,open,"Not all rows are reproduced runtime bugs; matrix intentionally includes confirmed defects, hardening risks, and missing hostile/conformance proofs."
AHD-0585,High,Conformance/test gap,Current deep static audit,"Bitemporal, proof, view & semantic state",v11A Bitemporal / Proof Economy / View Disclosure,crates/aidens-contracts/src/view_runtime.rs,Proof debt needs queryable allowed-use restrictions and expiry/escalation behavior. Scope variant 8: apply to crates/aidens-contracts/src/view_runtime.rs and adjacent caller/callee surfaces.,"Risk that temporal truth, proof debt, exactness, or view widening is hidden.",v11A/v11+ conformance requires bitemporal reference and proof/view fixtures,Build bitemporal/proof/view reference fixture corpus and production-path differential tests.,Build bitemporal/proof/view reference fixture corpus and production-path differential tests.,Phase 09 temporal/proof/view reference corpus,open,"Not all rows are reproduced runtime bugs; matrix intentionally includes confirmed defects, hardening risks, and missing hostile/conformance proofs."
AHD-0586,Medium,Conformance/test gap,Current deep static audit,"Bitemporal, proof, view & semantic state",v11A Bitemporal / Proof Economy / View Disclosure,crates/aidens-memory-kit/src/lib.rs,"Scalar confidence must not hide contradiction, exactness, proof debt, or degraded views. Scope variant 8: apply to crates/aidens-memory-kit/src/lib.rs and adjacent caller/callee surfaces.","Risk that temporal truth, proof debt, exactness, or view widening is hidden.",local scan: proof/view/semantic carriers exist but need negative production fixtures,Build bitemporal/proof/view reference fixture corpus and production-path differential tests.,Build bitemporal/proof/view reference fixture corpus and production-path differential tests.,Phase 09 temporal/proof/view reference corpus,open,"Not all rows are reproduced runtime bugs; matrix intentionally includes confirmed defects, hardening risks, and missing hostile/conformance proofs."
AHD-0587,Critical,High-confidence hardening risk,Current deep static audit,"Bitemporal, proof, view & semantic state",v11A Bitemporal / Proof Economy / View Disclosure,crates/aidens-contracts/src/semantic.rs,View widening needs user/audit-visible disclosure in every query/runtime surface. Scope variant 8: apply to crates/aidens-contracts/src/semantic.rs and adjacent caller/callee surfaces.,"Risk that temporal truth, proof debt, exactness, or view widening is hidden.",v11A/v11+ conformance requires bitemporal reference and proof/view fixtures,Build bitemporal/proof/view reference fixture corpus and production-path differential tests.,Build bitemporal/proof/view reference fixture corpus and production-path differential tests.,Phase 09 temporal/proof/view reference corpus,open,"Not all rows are reproduced runtime bugs; matrix intentionally includes confirmed defects, hardening risks, and missing hostile/conformance proofs."
AHD-0588,High,Conformance/test gap,Current deep static audit,"Bitemporal, proof, view & semantic state",v11A Bitemporal / Proof Economy / View Disclosure,crates/aidens-contracts/src/proof.rs,Refuted or contradicted artifacts need promotion-block fixtures. Scope variant 8: apply to crates/aidens-contracts/src/proof.rs and adjacent caller/callee surfaces.,"Risk that temporal truth, proof debt, exactness, or view widening is hidden.",local scan: proof/view/semantic carriers exist but need negative production fixtures,Build bitemporal/proof/view reference fixture corpus and production-path differential tests.,Build bitemporal/proof/view reference fixture corpus and production-path differential tests.,Phase 09 temporal/proof/view reference corpus,open,"Not all rows are reproduced runtime bugs; matrix intentionally includes confirmed defects, hardening risks, and missing hostile/conformance proofs."
AHD-0589,High,Conformance/test gap,Current deep static audit,"Bitemporal, proof, view & semantic state",v11A Bitemporal / Proof Economy / View Disclosure,crates/aidens-contracts/src/view_runtime.rs,SemanticState carriers exist conceptually but need production-path enforcement. Scope variant 8: apply to crates/aidens-contracts/src/view_runtime.rs and adjacent caller/callee surfaces.,"Risk that temporal truth, proof debt, exactness, or view widening is hidden.",v11A/v11+ conformance requires bitemporal reference and proof/view fixtures,Build bitemporal/proof/view reference fixture corpus and production-path differential tests.,Build bitemporal/proof/view reference fixture corpus and production-path differential tests.,Phase 09 temporal/proof/view reference corpus,open,"Not all rows are reproduced runtime bugs; matrix intentionally includes confirmed defects, hardening risks, and missing hostile/conformance proofs."
AHD-0590,Medium,High-confidence hardening risk,Current deep static audit,"Bitemporal, proof, view & semantic state",v11A Bitemporal / Proof Economy / View Disclosure,crates/aidens-memory-kit/src/lib.rs,"Execution contamination must be part of semantic state, not buried in logs. Scope variant 8: apply to crates/aidens-memory-kit/src/lib.rs and adjacent caller/callee surfaces.","Risk that temporal truth, proof debt, exactness, or view widening is hidden.",local scan: proof/view/semantic carriers exist but need negative production fixtures,Build bitemporal/proof/view reference fixture corpus and production-path differential tests.,Build bitemporal/proof/view reference fixture corpus and production-path differential tests.,Phase 09 temporal/proof/view reference corpus,open,"Not all rows are reproduced runtime bugs; matrix intentionally includes confirmed defects, hardening risks, and missing hostile/conformance proofs."
AHD-0591,Critical,Conformance/test gap,Current deep static audit,"Bitemporal, proof, view & semantic state",v11A Bitemporal / Proof Economy / View Disclosure,crates/aidens-contracts/src/semantic.rs,Bitemporal valid-time and recorded-time semantics need a pure reference interpreter fixture. Scope variant 9: apply to crates/aidens-contracts/src/semantic.rs and adjacent caller/callee surfaces.,"Risk that temporal truth, proof debt, exactness, or view widening is hidden.",v11A/v11+ conformance requires bitemporal reference and proof/view fixtures,Build bitemporal/proof/view reference fixture corpus and production-path differential tests.,Build bitemporal/proof/view reference fixture corpus and production-path differential tests.,Phase 09 temporal/proof/view reference corpus,open,"Not all rows are reproduced runtime bugs; matrix intentionally includes confirmed defects, hardening risks, and missing hostile/conformance proofs."
AHD-0592,High,Conformance/test gap,Current deep static audit,"Bitemporal, proof, view & semantic state",v11A Bitemporal / Proof Economy / View Disclosure,crates/aidens-contracts/src/proof.rs,Retroactive corrections need fixtures proving belief-history is preserved. Scope variant 9: apply to crates/aidens-contracts/src/proof.rs and adjacent caller/callee surfaces.,"Risk that temporal truth, proof debt, exactness, or view widening is hidden.",local scan: proof/view/semantic carriers exist but need negative production fixtures,Build bitemporal/proof/view reference fixture corpus and production-path differential tests.,Build bitemporal/proof/view reference fixture corpus and production-path differential tests.,Phase 09 temporal/proof/view reference corpus,open,"Not all rows are reproduced runtime bugs; matrix intentionally includes confirmed defects, hardening risks, and missing hostile/conformance proofs."
AHD-0593,High,High-confidence hardening risk,Current deep static audit,"Bitemporal, proof, view & semantic state",v11A Bitemporal / Proof Economy / View Disclosure,crates/aidens-contracts/src/view_runtime.rs,Projection stale-state behavior needs fixtures proving degraded disclosure. Scope variant 9: apply to crates/aidens-contracts/src/view_runtime.rs and adjacent caller/callee surfaces.,"Risk that temporal truth, proof debt, exactness, or view widening is hidden.",v11A/v11+ conformance requires bitemporal reference and proof/view fixtures,Build bitemporal/proof/view reference fixture corpus and production-path differential tests.,Build bitemporal/proof/view reference fixture corpus and production-path differential tests.,Phase 09 temporal/proof/view reference corpus,open,"Not all rows are reproduced runtime bugs; matrix intentionally includes confirmed defects, hardening risks, and missing hostile/conformance proofs."
AHD-0594,Medium,Conformance/test gap,Current deep static audit,"Bitemporal, proof, view & semantic state",v11A Bitemporal / Proof Economy / View Disclosure,crates/aidens-memory-kit/src/lib.rs,Proof waiver paths need fixtures proving waiver is never treated as proof. Scope variant 9: apply to crates/aidens-memory-kit/src/lib.rs and adjacent caller/callee surfaces.,"Risk that temporal truth, proof debt, exactness, or view widening is hidden.",local scan: proof/view/semantic carriers exist but need negative production fixtures,Build bitemporal/proof/view reference fixture corpus and production-path differential tests.,Build bitemporal/proof/view reference fixture corpus and production-path differential tests.,Phase 09 temporal/proof/view reference corpus,open,"Not all rows are reproduced runtime bugs; matrix intentionally includes confirmed defects, hardening risks, and missing hostile/conformance proofs."
AHD-0595,Critical,Conformance/test gap,Current deep static audit,"Bitemporal, proof, view & semantic state",v11A Bitemporal / Proof Economy / View Disclosure,crates/aidens-contracts/src/semantic.rs,Proof debt needs queryable allowed-use restrictions and expiry/escalation behavior. Scope variant 9: apply to crates/aidens-contracts/src/semantic.rs and adjacent caller/callee surfaces.,"Risk that temporal truth, proof debt, exactness, or view widening is hidden.",v11A/v11+ conformance requires bitemporal reference and proof/view fixtures,Build bitemporal/proof/view reference fixture corpus and production-path differential tests.,Build bitemporal/proof/view reference fixture corpus and production-path differential tests.,Phase 09 temporal/proof/view reference corpus,open,"Not all rows are reproduced runtime bugs; matrix intentionally includes confirmed defects, hardening risks, and missing hostile/conformance proofs."
AHD-0596,High,Conformance/test gap,Current deep static audit,"v11B graph, region, convergence, subtraction & causal runtime",v11B Regional Runtime Gates,crates/aidens-contracts/src/reserved_v11.rs,Right-graph law lacks adversarial tests where storage/retrieval/control graph misuse produces false output.,Risk that v11B surfaces exist without executable regional/convergence/subtraction proofs.,"v11B conformance requires right-graph, region, convergence, repair, subtraction, causal, oracle fixtures","Implement one minimal v11B region with right-graph misuse tests, convergence failure, syndrome, repair, support-core, oracle diff.","Implement one minimal v11B region with right-graph misuse tests, convergence failure, syndrome, repair, support-core, oracle diff.",Phase 10 minimal v11B region,open,"Not all rows are reproduced runtime bugs; matrix intentionally includes confirmed defects, hardening risks, and missing hostile/conformance proofs."
AHD-0597,High,High-confidence hardening risk,Current deep static audit,"v11B graph, region, convergence, subtraction & causal runtime",v11B Regional Runtime Gates,crates/aidens-kernel-kit/src/lib.rs,Region contracts are seeded but not proven as executable runtime boundaries.,Risk that v11B surfaces exist without executable regional/convergence/subtraction proofs.,"local scan: reserved_v11.rs contains seeded surfaces, not full runtime proof","Implement one minimal v11B region with right-graph misuse tests, convergence failure, syndrome, repair, support-core, oracle diff.","Implement one minimal v11B region with right-graph misuse tests, convergence failure, syndrome, repair, support-core, oracle diff.",Phase 10 minimal v11B region,open,"Not all rows are reproduced runtime bugs; matrix intentionally includes confirmed defects, hardening risks, and missing hostile/conformance proofs."
AHD-0598,Medium,Conformance/test gap,Current deep static audit,"v11B graph, region, convergence, subtraction & causal runtime",v11B Regional Runtime Gates,crates/aidens-repair-kit/src/lib.rs,Boundary messages and receipts need accept/reject/quarantine fixtures.,Risk that v11B surfaces exist without executable regional/convergence/subtraction proofs.,"v11B conformance requires right-graph, region, convergence, repair, subtraction, causal, oracle fixtures","Implement one minimal v11B region with right-graph misuse tests, convergence failure, syndrome, repair, support-core, oracle diff.","Implement one minimal v11B region with right-graph misuse tests, convergence failure, syndrome, repair, support-core, oracle diff.",Phase 10 minimal v11B region,open,"Not all rows are reproduced runtime bugs; matrix intentionally includes confirmed defects, hardening risks, and missing hostile/conformance proofs."
AHD-0599,High,Conformance/test gap,Current deep static audit,"v11B graph, region, convergence, subtraction & causal runtime",v11B Regional Runtime Gates,crates/aidens-contracts/src/reserved_v11.rs,Region replay slices and snapshots are not proven end-to-end.,Risk that v11B surfaces exist without executable regional/convergence/subtraction proofs.,"local scan: reserved_v11.rs contains seeded surfaces, not full runtime proof","Implement one minimal v11B region with right-graph misuse tests, convergence failure, syndrome, repair, support-core, oracle diff.","Implement one minimal v11B region with right-graph misuse tests, convergence failure, syndrome, repair, support-core, oracle diff.",Phase 10 minimal v11B region,open,"Not all rows are reproduced runtime bugs; matrix intentionally includes confirmed defects, hardening risks, and missing hostile/conformance proofs."
AHD-0600,High,High-confidence hardening risk,Current deep static audit,"v11B graph, region, convergence, subtraction & causal runtime",v11B Regional Runtime Gates,crates/aidens-kernel-kit/src/lib.rs,Convergence normal/failure/oscillation/budget-exhaustion fixtures are missing.,Risk that v11B surfaces exist without executable regional/convergence/subtraction proofs.,"v11B conformance requires right-graph, region, convergence, repair, subtraction, causal, oracle fixtures","Implement one minimal v11B region with right-graph misuse tests, convergence failure, syndrome, repair, support-core, oracle diff.","Implement one minimal v11B region with right-graph misuse tests, convergence failure, syndrome, repair, support-core, oracle diff.",Phase 10 minimal v11B region,open,"Not all rows are reproduced runtime bugs; matrix intentionally includes confirmed defects, hardening risks, and missing hostile/conformance proofs."
AHD-0601,Medium,Conformance/test gap,Current deep static audit,"v11B graph, region, convergence, subtraction & causal runtime",v11B Regional Runtime Gates,crates/aidens-repair-kit/src/lib.rs,Residual and syndrome envelopes need promotion-block semantics.,Risk that v11B surfaces exist without executable regional/convergence/subtraction proofs.,"local scan: reserved_v11.rs contains seeded surfaces, not full runtime proof","Implement one minimal v11B region with right-graph misuse tests, convergence failure, syndrome, repair, support-core, oracle diff.","Implement one minimal v11B region with right-graph misuse tests, convergence failure, syndrome, repair, support-core, oracle diff.",Phase 10 minimal v11B region,open,"Not all rows are reproduced runtime bugs; matrix intentionally includes confirmed defects, hardening risks, and missing hostile/conformance proofs."
AHD-0602,High,Conformance/test gap,Current deep static audit,"v11B graph, region, convergence, subtraction & causal runtime",v11B Regional Runtime Gates,crates/aidens-contracts/src/reserved_v11.rs,Local repair before global rebuild needs an executable fixture.,Risk that v11B surfaces exist without executable regional/convergence/subtraction proofs.,"v11B conformance requires right-graph, region, convergence, repair, subtraction, causal, oracle fixtures","Implement one minimal v11B region with right-graph misuse tests, convergence failure, syndrome, repair, support-core, oracle diff.","Implement one minimal v11B region with right-graph misuse tests, convergence failure, syndrome, repair, support-core, oracle diff.",Phase 10 minimal v11B region,open,"Not all rows are reproduced runtime bugs; matrix intentionally includes confirmed defects, hardening risks, and missing hostile/conformance proofs."
AHD-0603,High,High-confidence hardening risk,Current deep static audit,"v11B graph, region, convergence, subtraction & causal runtime",v11B Regional Runtime Gates,crates/aidens-kernel-kit/src/lib.rs,Support core and removal frontier need protected-query tests.,Risk that v11B surfaces exist without executable regional/convergence/subtraction proofs.,"local scan: reserved_v11.rs contains seeded surfaces, not full runtime proof","Implement one minimal v11B region with right-graph misuse tests, convergence failure, syndrome, repair, support-core, oracle diff.","Implement one minimal v11B region with right-graph misuse tests, convergence failure, syndrome, repair, support-core, oracle diff.",Phase 10 minimal v11B region,open,"Not all rows are reproduced runtime bugs; matrix intentionally includes confirmed defects, hardening risks, and missing hostile/conformance proofs."
AHD-0604,Medium,Conformance/test gap,Current deep static audit,"v11B graph, region, convergence, subtraction & causal runtime",v11B Regional Runtime Gates,crates/aidens-repair-kit/src/lib.rs,"Causal attribution needs intervention/counterfactual replay fixtures, not proximity-only blame.",Risk that v11B surfaces exist without executable regional/convergence/subtraction proofs.,"v11B conformance requires right-graph, region, convergence, repair, subtraction, causal, oracle fixtures","Implement one minimal v11B region with right-graph misuse tests, convergence failure, syndrome, repair, support-core, oracle diff.","Implement one minimal v11B region with right-graph misuse tests, convergence failure, syndrome, repair, support-core, oracle diff.",Phase 10 minimal v11B region,open,"Not all rows are reproduced runtime bugs; matrix intentionally includes confirmed defects, hardening risks, and missing hostile/conformance proofs."
AHD-0605,High,Conformance/test gap,Current deep static audit,"v11B graph, region, convergence, subtraction & causal runtime",v11B Regional Runtime Gates,crates/aidens-contracts/src/reserved_v11.rs,Oracle-slice approximate-vs-exact semantic diff needs bounded production-path proof.,Risk that v11B surfaces exist without executable regional/convergence/subtraction proofs.,"local scan: reserved_v11.rs contains seeded surfaces, not full runtime proof","Implement one minimal v11B region with right-graph misuse tests, convergence failure, syndrome, repair, support-core, oracle diff.","Implement one minimal v11B region with right-graph misuse tests, convergence failure, syndrome, repair, support-core, oracle diff.",Phase 10 minimal v11B region,open,"Not all rows are reproduced runtime bugs; matrix intentionally includes confirmed defects, hardening risks, and missing hostile/conformance proofs."
AHD-0606,High,High-confidence hardening risk,Current deep static audit,"v11B graph, region, convergence, subtraction & causal runtime",v11B Regional Runtime Gates,crates/aidens-kernel-kit/src/lib.rs,Right-graph law lacks adversarial tests where storage/retrieval/control graph misuse produces false output. Scope variant 2: apply to crates/aidens-kernel-kit/src/lib.rs and adjacent caller/callee surfaces.,Risk that v11B surfaces exist without executable regional/convergence/subtraction proofs.,"v11B conformance requires right-graph, region, convergence, repair, subtraction, causal, oracle fixtures","Implement one minimal v11B region with right-graph misuse tests, convergence failure, syndrome, repair, support-core, oracle diff.","Implement one minimal v11B region with right-graph misuse tests, convergence failure, syndrome, repair, support-core, oracle diff.",Phase 10 minimal v11B region,open,"Not all rows are reproduced runtime bugs; matrix intentionally includes confirmed defects, hardening risks, and missing hostile/conformance proofs."
AHD-0607,Medium,Conformance/test gap,Current deep static audit,"v11B graph, region, convergence, subtraction & causal runtime",v11B Regional Runtime Gates,crates/aidens-repair-kit/src/lib.rs,Region contracts are seeded but not proven as executable runtime boundaries. Scope variant 2: apply to crates/aidens-repair-kit/src/lib.rs and adjacent caller/callee surfaces.,Risk that v11B surfaces exist without executable regional/convergence/subtraction proofs.,"local scan: reserved_v11.rs contains seeded surfaces, not full runtime proof","Implement one minimal v11B region with right-graph misuse tests, convergence failure, syndrome, repair, support-core, oracle diff.","Implement one minimal v11B region with right-graph misuse tests, convergence failure, syndrome, repair, support-core, oracle diff.",Phase 10 minimal v11B region,open,"Not all rows are reproduced runtime bugs; matrix intentionally includes confirmed defects, hardening risks, and missing hostile/conformance proofs."
AHD-0608,High,Conformance/test gap,Current deep static audit,"v11B graph, region, convergence, subtraction & causal runtime",v11B Regional Runtime Gates,crates/aidens-contracts/src/reserved_v11.rs,Boundary messages and receipts need accept/reject/quarantine fixtures. Scope variant 2: apply to crates/aidens-contracts/src/reserved_v11.rs and adjacent caller/callee surfaces.,Risk that v11B surfaces exist without executable regional/convergence/subtraction proofs.,"v11B conformance requires right-graph, region, convergence, repair, subtraction, causal, oracle fixtures","Implement one minimal v11B region with right-graph misuse tests, convergence failure, syndrome, repair, support-core, oracle diff.","Implement one minimal v11B region with right-graph misuse tests, convergence failure, syndrome, repair, support-core, oracle diff.",Phase 10 minimal v11B region,open,"Not all rows are reproduced runtime bugs; matrix intentionally includes confirmed defects, hardening risks, and missing hostile/conformance proofs."
AHD-0609,High,High-confidence hardening risk,Current deep static audit,"v11B graph, region, convergence, subtraction & causal runtime",v11B Regional Runtime Gates,crates/aidens-kernel-kit/src/lib.rs,Region replay slices and snapshots are not proven end-to-end. Scope variant 2: apply to crates/aidens-kernel-kit/src/lib.rs and adjacent caller/callee surfaces.,Risk that v11B surfaces exist without executable regional/convergence/subtraction proofs.,"local scan: reserved_v11.rs contains seeded surfaces, not full runtime proof","Implement one minimal v11B region with right-graph misuse tests, convergence failure, syndrome, repair, support-core, oracle diff.","Implement one minimal v11B region with right-graph misuse tests, convergence failure, syndrome, repair, support-core, oracle diff.",Phase 10 minimal v11B region,open,"Not all rows are reproduced runtime bugs; matrix intentionally includes confirmed defects, hardening risks, and missing hostile/conformance proofs."
AHD-0610,Medium,Conformance/test gap,Current deep static audit,"v11B graph, region, convergence, subtraction & causal runtime",v11B Regional Runtime Gates,crates/aidens-repair-kit/src/lib.rs,Convergence normal/failure/oscillation/budget-exhaustion fixtures are missing. Scope variant 2: apply to crates/aidens-repair-kit/src/lib.rs and adjacent caller/callee surfaces.,Risk that v11B surfaces exist without executable regional/convergence/subtraction proofs.,"v11B conformance requires right-graph, region, convergence, repair, subtraction, causal, oracle fixtures","Implement one minimal v11B region with right-graph misuse tests, convergence failure, syndrome, repair, support-core, oracle diff.","Implement one minimal v11B region with right-graph misuse tests, convergence failure, syndrome, repair, support-core, oracle diff.",Phase 10 minimal v11B region,open,"Not all rows are reproduced runtime bugs; matrix intentionally includes confirmed defects, hardening risks, and missing hostile/conformance proofs."
AHD-0611,High,Conformance/test gap,Current deep static audit,"v11B graph, region, convergence, subtraction & causal runtime",v11B Regional Runtime Gates,crates/aidens-contracts/src/reserved_v11.rs,Residual and syndrome envelopes need promotion-block semantics. Scope variant 2: apply to crates/aidens-contracts/src/reserved_v11.rs and adjacent caller/callee surfaces.,Risk that v11B surfaces exist without executable regional/convergence/subtraction proofs.,"local scan: reserved_v11.rs contains seeded surfaces, not full runtime proof","Implement one minimal v11B region with right-graph misuse tests, convergence failure, syndrome, repair, support-core, oracle diff.","Implement one minimal v11B region with right-graph misuse tests, convergence failure, syndrome, repair, support-core, oracle diff.",Phase 10 minimal v11B region,open,"Not all rows are reproduced runtime bugs; matrix intentionally includes confirmed defects, hardening risks, and missing hostile/conformance proofs."
AHD-0612,High,High-confidence hardening risk,Current deep static audit,"v11B graph, region, convergence, subtraction & causal runtime",v11B Regional Runtime Gates,crates/aidens-kernel-kit/src/lib.rs,Local repair before global rebuild needs an executable fixture. Scope variant 2: apply to crates/aidens-kernel-kit/src/lib.rs and adjacent caller/callee surfaces.,Risk that v11B surfaces exist without executable regional/convergence/subtraction proofs.,"v11B conformance requires right-graph, region, convergence, repair, subtraction, causal, oracle fixtures","Implement one minimal v11B region with right-graph misuse tests, convergence failure, syndrome, repair, support-core, oracle diff.","Implement one minimal v11B region with right-graph misuse tests, convergence failure, syndrome, repair, support-core, oracle diff.",Phase 10 minimal v11B region,open,"Not all rows are reproduced runtime bugs; matrix intentionally includes confirmed defects, hardening risks, and missing hostile/conformance proofs."
AHD-0613,Medium,Conformance/test gap,Current deep static audit,"v11B graph, region, convergence, subtraction & causal runtime",v11B Regional Runtime Gates,crates/aidens-repair-kit/src/lib.rs,Support core and removal frontier need protected-query tests. Scope variant 2: apply to crates/aidens-repair-kit/src/lib.rs and adjacent caller/callee surfaces.,Risk that v11B surfaces exist without executable regional/convergence/subtraction proofs.,"local scan: reserved_v11.rs contains seeded surfaces, not full runtime proof","Implement one minimal v11B region with right-graph misuse tests, convergence failure, syndrome, repair, support-core, oracle diff.","Implement one minimal v11B region with right-graph misuse tests, convergence failure, syndrome, repair, support-core, oracle diff.",Phase 10 minimal v11B region,open,"Not all rows are reproduced runtime bugs; matrix intentionally includes confirmed defects, hardening risks, and missing hostile/conformance proofs."
AHD-0614,High,Conformance/test gap,Current deep static audit,"v11B graph, region, convergence, subtraction & causal runtime",v11B Regional Runtime Gates,crates/aidens-contracts/src/reserved_v11.rs,"Causal attribution needs intervention/counterfactual replay fixtures, not proximity-only blame. Scope variant 2: apply to crates/aidens-contracts/src/reserved_v11.rs and adjacent caller/callee surfaces.",Risk that v11B surfaces exist without executable regional/convergence/subtraction proofs.,"v11B conformance requires right-graph, region, convergence, repair, subtraction, causal, oracle fixtures","Implement one minimal v11B region with right-graph misuse tests, convergence failure, syndrome, repair, support-core, oracle diff.","Implement one minimal v11B region with right-graph misuse tests, convergence failure, syndrome, repair, support-core, oracle diff.",Phase 10 minimal v11B region,open,"Not all rows are reproduced runtime bugs; matrix intentionally includes confirmed defects, hardening risks, and missing hostile/conformance proofs."
AHD-0615,High,High-confidence hardening risk,Current deep static audit,"v11B graph, region, convergence, subtraction & causal runtime",v11B Regional Runtime Gates,crates/aidens-kernel-kit/src/lib.rs,Oracle-slice approximate-vs-exact semantic diff needs bounded production-path proof. Scope variant 2: apply to crates/aidens-kernel-kit/src/lib.rs and adjacent caller/callee surfaces.,Risk that v11B surfaces exist without executable regional/convergence/subtraction proofs.,"local scan: reserved_v11.rs contains seeded surfaces, not full runtime proof","Implement one minimal v11B region with right-graph misuse tests, convergence failure, syndrome, repair, support-core, oracle diff.","Implement one minimal v11B region with right-graph misuse tests, convergence failure, syndrome, repair, support-core, oracle diff.",Phase 10 minimal v11B region,open,"Not all rows are reproduced runtime bugs; matrix intentionally includes confirmed defects, hardening risks, and missing hostile/conformance proofs."
AHD-0616,Medium,Conformance/test gap,Current deep static audit,"v11B graph, region, convergence, subtraction & causal runtime",v11B Regional Runtime Gates,crates/aidens-repair-kit/src/lib.rs,Right-graph law lacks adversarial tests where storage/retrieval/control graph misuse produces false output. Scope variant 3: apply to crates/aidens-repair-kit/src/lib.rs and adjacent caller/callee surfaces.,Risk that v11B surfaces exist without executable regional/convergence/subtraction proofs.,"v11B conformance requires right-graph, region, convergence, repair, subtraction, causal, oracle fixtures","Implement one minimal v11B region with right-graph misuse tests, convergence failure, syndrome, repair, support-core, oracle diff.","Implement one minimal v11B region with right-graph misuse tests, convergence failure, syndrome, repair, support-core, oracle diff.",Phase 10 minimal v11B region,open,"Not all rows are reproduced runtime bugs; matrix intentionally includes confirmed defects, hardening risks, and missing hostile/conformance proofs."
AHD-0617,High,Conformance/test gap,Current deep static audit,"v11B graph, region, convergence, subtraction & causal runtime",v11B Regional Runtime Gates,crates/aidens-contracts/src/reserved_v11.rs,Region contracts are seeded but not proven as executable runtime boundaries. Scope variant 3: apply to crates/aidens-contracts/src/reserved_v11.rs and adjacent caller/callee surfaces.,Risk that v11B surfaces exist without executable regional/convergence/subtraction proofs.,"local scan: reserved_v11.rs contains seeded surfaces, not full runtime proof","Implement one minimal v11B region with right-graph misuse tests, convergence failure, syndrome, repair, support-core, oracle diff.","Implement one minimal v11B region with right-graph misuse tests, convergence failure, syndrome, repair, support-core, oracle diff.",Phase 10 minimal v11B region,open,"Not all rows are reproduced runtime bugs; matrix intentionally includes confirmed defects, hardening risks, and missing hostile/conformance proofs."
AHD-0618,High,High-confidence hardening risk,Current deep static audit,"v11B graph, region, convergence, subtraction & causal runtime",v11B Regional Runtime Gates,crates/aidens-kernel-kit/src/lib.rs,Boundary messages and receipts need accept/reject/quarantine fixtures. Scope variant 3: apply to crates/aidens-kernel-kit/src/lib.rs and adjacent caller/callee surfaces.,Risk that v11B surfaces exist without executable regional/convergence/subtraction proofs.,"v11B conformance requires right-graph, region, convergence, repair, subtraction, causal, oracle fixtures","Implement one minimal v11B region with right-graph misuse tests, convergence failure, syndrome, repair, support-core, oracle diff.","Implement one minimal v11B region with right-graph misuse tests, convergence failure, syndrome, repair, support-core, oracle diff.",Phase 10 minimal v11B region,open,"Not all rows are reproduced runtime bugs; matrix intentionally includes confirmed defects, hardening risks, and missing hostile/conformance proofs."
AHD-0619,Medium,Conformance/test gap,Current deep static audit,"v11B graph, region, convergence, subtraction & causal runtime",v11B Regional Runtime Gates,crates/aidens-repair-kit/src/lib.rs,Region replay slices and snapshots are not proven end-to-end. Scope variant 3: apply to crates/aidens-repair-kit/src/lib.rs and adjacent caller/callee surfaces.,Risk that v11B surfaces exist without executable regional/convergence/subtraction proofs.,"local scan: reserved_v11.rs contains seeded surfaces, not full runtime proof","Implement one minimal v11B region with right-graph misuse tests, convergence failure, syndrome, repair, support-core, oracle diff.","Implement one minimal v11B region with right-graph misuse tests, convergence failure, syndrome, repair, support-core, oracle diff.",Phase 10 minimal v11B region,open,"Not all rows are reproduced runtime bugs; matrix intentionally includes confirmed defects, hardening risks, and missing hostile/conformance proofs."
AHD-0620,High,Conformance/test gap,Current deep static audit,"v11B graph, region, convergence, subtraction & causal runtime",v11B Regional Runtime Gates,crates/aidens-contracts/src/reserved_v11.rs,Convergence normal/failure/oscillation/budget-exhaustion fixtures are missing. Scope variant 3: apply to crates/aidens-contracts/src/reserved_v11.rs and adjacent caller/callee surfaces.,Risk that v11B surfaces exist without executable regional/convergence/subtraction proofs.,"v11B conformance requires right-graph, region, convergence, repair, subtraction, causal, oracle fixtures","Implement one minimal v11B region with right-graph misuse tests, convergence failure, syndrome, repair, support-core, oracle diff.","Implement one minimal v11B region with right-graph misuse tests, convergence failure, syndrome, repair, support-core, oracle diff.",Phase 10 minimal v11B region,open,"Not all rows are reproduced runtime bugs; matrix intentionally includes confirmed defects, hardening risks, and missing hostile/conformance proofs."
AHD-0621,High,High-confidence hardening risk,Current deep static audit,"v11B graph, region, convergence, subtraction & causal runtime",v11B Regional Runtime Gates,crates/aidens-kernel-kit/src/lib.rs,Residual and syndrome envelopes need promotion-block semantics. Scope variant 3: apply to crates/aidens-kernel-kit/src/lib.rs and adjacent caller/callee surfaces.,Risk that v11B surfaces exist without executable regional/convergence/subtraction proofs.,"local scan: reserved_v11.rs contains seeded surfaces, not full runtime proof","Implement one minimal v11B region with right-graph misuse tests, convergence failure, syndrome, repair, support-core, oracle diff.","Implement one minimal v11B region with right-graph misuse tests, convergence failure, syndrome, repair, support-core, oracle diff.",Phase 10 minimal v11B region,open,"Not all rows are reproduced runtime bugs; matrix intentionally includes confirmed defects, hardening risks, and missing hostile/conformance proofs."
AHD-0622,Medium,Conformance/test gap,Current deep static audit,"v11B graph, region, convergence, subtraction & causal runtime",v11B Regional Runtime Gates,crates/aidens-repair-kit/src/lib.rs,Local repair before global rebuild needs an executable fixture. Scope variant 3: apply to crates/aidens-repair-kit/src/lib.rs and adjacent caller/callee surfaces.,Risk that v11B surfaces exist without executable regional/convergence/subtraction proofs.,"v11B conformance requires right-graph, region, convergence, repair, subtraction, causal, oracle fixtures","Implement one minimal v11B region with right-graph misuse tests, convergence failure, syndrome, repair, support-core, oracle diff.","Implement one minimal v11B region with right-graph misuse tests, convergence failure, syndrome, repair, support-core, oracle diff.",Phase 10 minimal v11B region,open,"Not all rows are reproduced runtime bugs; matrix intentionally includes confirmed defects, hardening risks, and missing hostile/conformance proofs."
AHD-0623,High,Conformance/test gap,Current deep static audit,"v11B graph, region, convergence, subtraction & causal runtime",v11B Regional Runtime Gates,crates/aidens-contracts/src/reserved_v11.rs,Support core and removal frontier need protected-query tests. Scope variant 3: apply to crates/aidens-contracts/src/reserved_v11.rs and adjacent caller/callee surfaces.,Risk that v11B surfaces exist without executable regional/convergence/subtraction proofs.,"local scan: reserved_v11.rs contains seeded surfaces, not full runtime proof","Implement one minimal v11B region with right-graph misuse tests, convergence failure, syndrome, repair, support-core, oracle diff.","Implement one minimal v11B region with right-graph misuse tests, convergence failure, syndrome, repair, support-core, oracle diff.",Phase 10 minimal v11B region,open,"Not all rows are reproduced runtime bugs; matrix intentionally includes confirmed defects, hardening risks, and missing hostile/conformance proofs."
AHD-0624,High,High-confidence hardening risk,Current deep static audit,"v11B graph, region, convergence, subtraction & causal runtime",v11B Regional Runtime Gates,crates/aidens-kernel-kit/src/lib.rs,"Causal attribution needs intervention/counterfactual replay fixtures, not proximity-only blame. Scope variant 3: apply to crates/aidens-kernel-kit/src/lib.rs and adjacent caller/callee surfaces.",Risk that v11B surfaces exist without executable regional/convergence/subtraction proofs.,"v11B conformance requires right-graph, region, convergence, repair, subtraction, causal, oracle fixtures","Implement one minimal v11B region with right-graph misuse tests, convergence failure, syndrome, repair, support-core, oracle diff.","Implement one minimal v11B region with right-graph misuse tests, convergence failure, syndrome, repair, support-core, oracle diff.",Phase 10 minimal v11B region,open,"Not all rows are reproduced runtime bugs; matrix intentionally includes confirmed defects, hardening risks, and missing hostile/conformance proofs."
AHD-0625,Medium,Conformance/test gap,Current deep static audit,"v11B graph, region, convergence, subtraction & causal runtime",v11B Regional Runtime Gates,crates/aidens-repair-kit/src/lib.rs,Oracle-slice approximate-vs-exact semantic diff needs bounded production-path proof. Scope variant 3: apply to crates/aidens-repair-kit/src/lib.rs and adjacent caller/callee surfaces.,Risk that v11B surfaces exist without executable regional/convergence/subtraction proofs.,"local scan: reserved_v11.rs contains seeded surfaces, not full runtime proof","Implement one minimal v11B region with right-graph misuse tests, convergence failure, syndrome, repair, support-core, oracle diff.","Implement one minimal v11B region with right-graph misuse tests, convergence failure, syndrome, repair, support-core, oracle diff.",Phase 10 minimal v11B region,open,"Not all rows are reproduced runtime bugs; matrix intentionally includes confirmed defects, hardening risks, and missing hostile/conformance proofs."
AHD-0626,High,Conformance/test gap,Current deep static audit,"v11B graph, region, convergence, subtraction & causal runtime",v11B Regional Runtime Gates,crates/aidens-contracts/src/reserved_v11.rs,Right-graph law lacks adversarial tests where storage/retrieval/control graph misuse produces false output. Scope variant 4: apply to crates/aidens-contracts/src/reserved_v11.rs and adjacent caller/callee surfaces.,Risk that v11B surfaces exist without executable regional/convergence/subtraction proofs.,"v11B conformance requires right-graph, region, convergence, repair, subtraction, causal, oracle fixtures","Implement one minimal v11B region with right-graph misuse tests, convergence failure, syndrome, repair, support-core, oracle diff.","Implement one minimal v11B region with right-graph misuse tests, convergence failure, syndrome, repair, support-core, oracle diff.",Phase 10 minimal v11B region,open,"Not all rows are reproduced runtime bugs; matrix intentionally includes confirmed defects, hardening risks, and missing hostile/conformance proofs."
AHD-0627,High,High-confidence hardening risk,Current deep static audit,"v11B graph, region, convergence, subtraction & causal runtime",v11B Regional Runtime Gates,crates/aidens-kernel-kit/src/lib.rs,Region contracts are seeded but not proven as executable runtime boundaries. Scope variant 4: apply to crates/aidens-kernel-kit/src/lib.rs and adjacent caller/callee surfaces.,Risk that v11B surfaces exist without executable regional/convergence/subtraction proofs.,"local scan: reserved_v11.rs contains seeded surfaces, not full runtime proof","Implement one minimal v11B region with right-graph misuse tests, convergence failure, syndrome, repair, support-core, oracle diff.","Implement one minimal v11B region with right-graph misuse tests, convergence failure, syndrome, repair, support-core, oracle diff.",Phase 10 minimal v11B region,open,"Not all rows are reproduced runtime bugs; matrix intentionally includes confirmed defects, hardening risks, and missing hostile/conformance proofs."
AHD-0628,Medium,Conformance/test gap,Current deep static audit,"v11B graph, region, convergence, subtraction & causal runtime",v11B Regional Runtime Gates,crates/aidens-repair-kit/src/lib.rs,Boundary messages and receipts need accept/reject/quarantine fixtures. Scope variant 4: apply to crates/aidens-repair-kit/src/lib.rs and adjacent caller/callee surfaces.,Risk that v11B surfaces exist without executable regional/convergence/subtraction proofs.,"v11B conformance requires right-graph, region, convergence, repair, subtraction, causal, oracle fixtures","Implement one minimal v11B region with right-graph misuse tests, convergence failure, syndrome, repair, support-core, oracle diff.","Implement one minimal v11B region with right-graph misuse tests, convergence failure, syndrome, repair, support-core, oracle diff.",Phase 10 minimal v11B region,open,"Not all rows are reproduced runtime bugs; matrix intentionally includes confirmed defects, hardening risks, and missing hostile/conformance proofs."
AHD-0629,High,Conformance/test gap,Current deep static audit,"v11B graph, region, convergence, subtraction & causal runtime",v11B Regional Runtime Gates,crates/aidens-contracts/src/reserved_v11.rs,Region replay slices and snapshots are not proven end-to-end. Scope variant 4: apply to crates/aidens-contracts/src/reserved_v11.rs and adjacent caller/callee surfaces.,Risk that v11B surfaces exist without executable regional/convergence/subtraction proofs.,"local scan: reserved_v11.rs contains seeded surfaces, not full runtime proof","Implement one minimal v11B region with right-graph misuse tests, convergence failure, syndrome, repair, support-core, oracle diff.","Implement one minimal v11B region with right-graph misuse tests, convergence failure, syndrome, repair, support-core, oracle diff.",Phase 10 minimal v11B region,open,"Not all rows are reproduced runtime bugs; matrix intentionally includes confirmed defects, hardening risks, and missing hostile/conformance proofs."
AHD-0630,High,High-confidence hardening risk,Current deep static audit,"v11B graph, region, convergence, subtraction & causal runtime",v11B Regional Runtime Gates,crates/aidens-kernel-kit/src/lib.rs,Convergence normal/failure/oscillation/budget-exhaustion fixtures are missing. Scope variant 4: apply to crates/aidens-kernel-kit/src/lib.rs and adjacent caller/callee surfaces.,Risk that v11B surfaces exist without executable regional/convergence/subtraction proofs.,"v11B conformance requires right-graph, region, convergence, repair, subtraction, causal, oracle fixtures","Implement one minimal v11B region with right-graph misuse tests, convergence failure, syndrome, repair, support-core, oracle diff.","Implement one minimal v11B region with right-graph misuse tests, convergence failure, syndrome, repair, support-core, oracle diff.",Phase 10 minimal v11B region,open,"Not all rows are reproduced runtime bugs; matrix intentionally includes confirmed defects, hardening risks, and missing hostile/conformance proofs."
AHD-0631,Medium,Conformance/test gap,Current deep static audit,"v11B graph, region, convergence, subtraction & causal runtime",v11B Regional Runtime Gates,crates/aidens-repair-kit/src/lib.rs,Residual and syndrome envelopes need promotion-block semantics. Scope variant 4: apply to crates/aidens-repair-kit/src/lib.rs and adjacent caller/callee surfaces.,Risk that v11B surfaces exist without executable regional/convergence/subtraction proofs.,"local scan: reserved_v11.rs contains seeded surfaces, not full runtime proof","Implement one minimal v11B region with right-graph misuse tests, convergence failure, syndrome, repair, support-core, oracle diff.","Implement one minimal v11B region with right-graph misuse tests, convergence failure, syndrome, repair, support-core, oracle diff.",Phase 10 minimal v11B region,open,"Not all rows are reproduced runtime bugs; matrix intentionally includes confirmed defects, hardening risks, and missing hostile/conformance proofs."
AHD-0632,High,Conformance/test gap,Current deep static audit,"v11B graph, region, convergence, subtraction & causal runtime",v11B Regional Runtime Gates,crates/aidens-contracts/src/reserved_v11.rs,Local repair before global rebuild needs an executable fixture. Scope variant 4: apply to crates/aidens-contracts/src/reserved_v11.rs and adjacent caller/callee surfaces.,Risk that v11B surfaces exist without executable regional/convergence/subtraction proofs.,"v11B conformance requires right-graph, region, convergence, repair, subtraction, causal, oracle fixtures","Implement one minimal v11B region with right-graph misuse tests, convergence failure, syndrome, repair, support-core, oracle diff.","Implement one minimal v11B region with right-graph misuse tests, convergence failure, syndrome, repair, support-core, oracle diff.",Phase 10 minimal v11B region,open,"Not all rows are reproduced runtime bugs; matrix intentionally includes confirmed defects, hardening risks, and missing hostile/conformance proofs."
AHD-0633,High,High-confidence hardening risk,Current deep static audit,"v11B graph, region, convergence, subtraction & causal runtime",v11B Regional Runtime Gates,crates/aidens-kernel-kit/src/lib.rs,Support core and removal frontier need protected-query tests. Scope variant 4: apply to crates/aidens-kernel-kit/src/lib.rs and adjacent caller/callee surfaces.,Risk that v11B surfaces exist without executable regional/convergence/subtraction proofs.,"local scan: reserved_v11.rs contains seeded surfaces, not full runtime proof","Implement one minimal v11B region with right-graph misuse tests, convergence failure, syndrome, repair, support-core, oracle diff.","Implement one minimal v11B region with right-graph misuse tests, convergence failure, syndrome, repair, support-core, oracle diff.",Phase 10 minimal v11B region,open,"Not all rows are reproduced runtime bugs; matrix intentionally includes confirmed defects, hardening risks, and missing hostile/conformance proofs."
AHD-0634,Medium,Conformance/test gap,Current deep static audit,"v11B graph, region, convergence, subtraction & causal runtime",v11B Regional Runtime Gates,crates/aidens-repair-kit/src/lib.rs,"Causal attribution needs intervention/counterfactual replay fixtures, not proximity-only blame. Scope variant 4: apply to crates/aidens-repair-kit/src/lib.rs and adjacent caller/callee surfaces.",Risk that v11B surfaces exist without executable regional/convergence/subtraction proofs.,"v11B conformance requires right-graph, region, convergence, repair, subtraction, causal, oracle fixtures","Implement one minimal v11B region with right-graph misuse tests, convergence failure, syndrome, repair, support-core, oracle diff.","Implement one minimal v11B region with right-graph misuse tests, convergence failure, syndrome, repair, support-core, oracle diff.",Phase 10 minimal v11B region,open,"Not all rows are reproduced runtime bugs; matrix intentionally includes confirmed defects, hardening risks, and missing hostile/conformance proofs."
AHD-0635,High,Conformance/test gap,Current deep static audit,"v11B graph, region, convergence, subtraction & causal runtime",v11B Regional Runtime Gates,crates/aidens-contracts/src/reserved_v11.rs,Oracle-slice approximate-vs-exact semantic diff needs bounded production-path proof. Scope variant 4: apply to crates/aidens-contracts/src/reserved_v11.rs and adjacent caller/callee surfaces.,Risk that v11B surfaces exist without executable regional/convergence/subtraction proofs.,"local scan: reserved_v11.rs contains seeded surfaces, not full runtime proof","Implement one minimal v11B region with right-graph misuse tests, convergence failure, syndrome, repair, support-core, oracle diff.","Implement one minimal v11B region with right-graph misuse tests, convergence failure, syndrome, repair, support-core, oracle diff.",Phase 10 minimal v11B region,open,"Not all rows are reproduced runtime bugs; matrix intentionally includes confirmed defects, hardening risks, and missing hostile/conformance proofs."
AHD-0636,High,High-confidence hardening risk,Current deep static audit,"v11B graph, region, convergence, subtraction & causal runtime",v11B Regional Runtime Gates,crates/aidens-kernel-kit/src/lib.rs,Right-graph law lacks adversarial tests where storage/retrieval/control graph misuse produces false output. Scope variant 5: apply to crates/aidens-kernel-kit/src/lib.rs and adjacent caller/callee surfaces.,Risk that v11B surfaces exist without executable regional/convergence/subtraction proofs.,"v11B conformance requires right-graph, region, convergence, repair, subtraction, causal, oracle fixtures","Implement one minimal v11B region with right-graph misuse tests, convergence failure, syndrome, repair, support-core, oracle diff.","Implement one minimal v11B region with right-graph misuse tests, convergence failure, syndrome, repair, support-core, oracle diff.",Phase 10 minimal v11B region,open,"Not all rows are reproduced runtime bugs; matrix intentionally includes confirmed defects, hardening risks, and missing hostile/conformance proofs."
AHD-0637,Medium,Conformance/test gap,Current deep static audit,"v11B graph, region, convergence, subtraction & causal runtime",v11B Regional Runtime Gates,crates/aidens-repair-kit/src/lib.rs,Region contracts are seeded but not proven as executable runtime boundaries. Scope variant 5: apply to crates/aidens-repair-kit/src/lib.rs and adjacent caller/callee surfaces.,Risk that v11B surfaces exist without executable regional/convergence/subtraction proofs.,"local scan: reserved_v11.rs contains seeded surfaces, not full runtime proof","Implement one minimal v11B region with right-graph misuse tests, convergence failure, syndrome, repair, support-core, oracle diff.","Implement one minimal v11B region with right-graph misuse tests, convergence failure, syndrome, repair, support-core, oracle diff.",Phase 10 minimal v11B region,open,"Not all rows are reproduced runtime bugs; matrix intentionally includes confirmed defects, hardening risks, and missing hostile/conformance proofs."
AHD-0638,High,Conformance/test gap,Current deep static audit,"v11B graph, region, convergence, subtraction & causal runtime",v11B Regional Runtime Gates,crates/aidens-contracts/src/reserved_v11.rs,Boundary messages and receipts need accept/reject/quarantine fixtures. Scope variant 5: apply to crates/aidens-contracts/src/reserved_v11.rs and adjacent caller/callee surfaces.,Risk that v11B surfaces exist without executable regional/convergence/subtraction proofs.,"v11B conformance requires right-graph, region, convergence, repair, subtraction, causal, oracle fixtures","Implement one minimal v11B region with right-graph misuse tests, convergence failure, syndrome, repair, support-core, oracle diff.","Implement one minimal v11B region with right-graph misuse tests, convergence failure, syndrome, repair, support-core, oracle diff.",Phase 10 minimal v11B region,open,"Not all rows are reproduced runtime bugs; matrix intentionally includes confirmed defects, hardening risks, and missing hostile/conformance proofs."
AHD-0639,High,High-confidence hardening risk,Current deep static audit,"v11B graph, region, convergence, subtraction & causal runtime",v11B Regional Runtime Gates,crates/aidens-kernel-kit/src/lib.rs,Region replay slices and snapshots are not proven end-to-end. Scope variant 5: apply to crates/aidens-kernel-kit/src/lib.rs and adjacent caller/callee surfaces.,Risk that v11B surfaces exist without executable regional/convergence/subtraction proofs.,"local scan: reserved_v11.rs contains seeded surfaces, not full runtime proof","Implement one minimal v11B region with right-graph misuse tests, convergence failure, syndrome, repair, support-core, oracle diff.","Implement one minimal v11B region with right-graph misuse tests, convergence failure, syndrome, repair, support-core, oracle diff.",Phase 10 minimal v11B region,open,"Not all rows are reproduced runtime bugs; matrix intentionally includes confirmed defects, hardening risks, and missing hostile/conformance proofs."
AHD-0640,Medium,Conformance/test gap,Current deep static audit,"v11B graph, region, convergence, subtraction & causal runtime",v11B Regional Runtime Gates,crates/aidens-repair-kit/src/lib.rs,Convergence normal/failure/oscillation/budget-exhaustion fixtures are missing. Scope variant 5: apply to crates/aidens-repair-kit/src/lib.rs and adjacent caller/callee surfaces.,Risk that v11B surfaces exist without executable regional/convergence/subtraction proofs.,"v11B conformance requires right-graph, region, convergence, repair, subtraction, causal, oracle fixtures","Implement one minimal v11B region with right-graph misuse tests, convergence failure, syndrome, repair, support-core, oracle diff.","Implement one minimal v11B region with right-graph misuse tests, convergence failure, syndrome, repair, support-core, oracle diff.",Phase 10 minimal v11B region,open,"Not all rows are reproduced runtime bugs; matrix intentionally includes confirmed defects, hardening risks, and missing hostile/conformance proofs."
AHD-0641,High,Conformance/test gap,Current deep static audit,"v11B graph, region, convergence, subtraction & causal runtime",v11B Regional Runtime Gates,crates/aidens-contracts/src/reserved_v11.rs,Residual and syndrome envelopes need promotion-block semantics. Scope variant 5: apply to crates/aidens-contracts/src/reserved_v11.rs and adjacent caller/callee surfaces.,Risk that v11B surfaces exist without executable regional/convergence/subtraction proofs.,"local scan: reserved_v11.rs contains seeded surfaces, not full runtime proof","Implement one minimal v11B region with right-graph misuse tests, convergence failure, syndrome, repair, support-core, oracle diff.","Implement one minimal v11B region with right-graph misuse tests, convergence failure, syndrome, repair, support-core, oracle diff.",Phase 10 minimal v11B region,open,"Not all rows are reproduced runtime bugs; matrix intentionally includes confirmed defects, hardening risks, and missing hostile/conformance proofs."
AHD-0642,High,High-confidence hardening risk,Current deep static audit,"v11B graph, region, convergence, subtraction & causal runtime",v11B Regional Runtime Gates,crates/aidens-kernel-kit/src/lib.rs,Local repair before global rebuild needs an executable fixture. Scope variant 5: apply to crates/aidens-kernel-kit/src/lib.rs and adjacent caller/callee surfaces.,Risk that v11B surfaces exist without executable regional/convergence/subtraction proofs.,"v11B conformance requires right-graph, region, convergence, repair, subtraction, causal, oracle fixtures","Implement one minimal v11B region with right-graph misuse tests, convergence failure, syndrome, repair, support-core, oracle diff.","Implement one minimal v11B region with right-graph misuse tests, convergence failure, syndrome, repair, support-core, oracle diff.",Phase 10 minimal v11B region,open,"Not all rows are reproduced runtime bugs; matrix intentionally includes confirmed defects, hardening risks, and missing hostile/conformance proofs."
AHD-0643,Medium,Conformance/test gap,Current deep static audit,"v11B graph, region, convergence, subtraction & causal runtime",v11B Regional Runtime Gates,crates/aidens-repair-kit/src/lib.rs,Support core and removal frontier need protected-query tests. Scope variant 5: apply to crates/aidens-repair-kit/src/lib.rs and adjacent caller/callee surfaces.,Risk that v11B surfaces exist without executable regional/convergence/subtraction proofs.,"local scan: reserved_v11.rs contains seeded surfaces, not full runtime proof","Implement one minimal v11B region with right-graph misuse tests, convergence failure, syndrome, repair, support-core, oracle diff.","Implement one minimal v11B region with right-graph misuse tests, convergence failure, syndrome, repair, support-core, oracle diff.",Phase 10 minimal v11B region,open,"Not all rows are reproduced runtime bugs; matrix intentionally includes confirmed defects, hardening risks, and missing hostile/conformance proofs."
AHD-0644,High,Conformance/test gap,Current deep static audit,"v11B graph, region, convergence, subtraction & causal runtime",v11B Regional Runtime Gates,crates/aidens-contracts/src/reserved_v11.rs,"Causal attribution needs intervention/counterfactual replay fixtures, not proximity-only blame. Scope variant 5: apply to crates/aidens-contracts/src/reserved_v11.rs and adjacent caller/callee surfaces.",Risk that v11B surfaces exist without executable regional/convergence/subtraction proofs.,"v11B conformance requires right-graph, region, convergence, repair, subtraction, causal, oracle fixtures","Implement one minimal v11B region with right-graph misuse tests, convergence failure, syndrome, repair, support-core, oracle diff.","Implement one minimal v11B region with right-graph misuse tests, convergence failure, syndrome, repair, support-core, oracle diff.",Phase 10 minimal v11B region,open,"Not all rows are reproduced runtime bugs; matrix intentionally includes confirmed defects, hardening risks, and missing hostile/conformance proofs."
AHD-0645,High,High-confidence hardening risk,Current deep static audit,"v11B graph, region, convergence, subtraction & causal runtime",v11B Regional Runtime Gates,crates/aidens-kernel-kit/src/lib.rs,Oracle-slice approximate-vs-exact semantic diff needs bounded production-path proof. Scope variant 5: apply to crates/aidens-kernel-kit/src/lib.rs and adjacent caller/callee surfaces.,Risk that v11B surfaces exist without executable regional/convergence/subtraction proofs.,"local scan: reserved_v11.rs contains seeded surfaces, not full runtime proof","Implement one minimal v11B region with right-graph misuse tests, convergence failure, syndrome, repair, support-core, oracle diff.","Implement one minimal v11B region with right-graph misuse tests, convergence failure, syndrome, repair, support-core, oracle diff.",Phase 10 minimal v11B region,open,"Not all rows are reproduced runtime bugs; matrix intentionally includes confirmed defects, hardening risks, and missing hostile/conformance proofs."
AHD-0646,Medium,Conformance/test gap,Current deep static audit,"v11B graph, region, convergence, subtraction & causal runtime",v11B Regional Runtime Gates,crates/aidens-repair-kit/src/lib.rs,Right-graph law lacks adversarial tests where storage/retrieval/control graph misuse produces false output. Scope variant 6: apply to crates/aidens-repair-kit/src/lib.rs and adjacent caller/callee surfaces.,Risk that v11B surfaces exist without executable regional/convergence/subtraction proofs.,"v11B conformance requires right-graph, region, convergence, repair, subtraction, causal, oracle fixtures","Implement one minimal v11B region with right-graph misuse tests, convergence failure, syndrome, repair, support-core, oracle diff.","Implement one minimal v11B region with right-graph misuse tests, convergence failure, syndrome, repair, support-core, oracle diff.",Phase 10 minimal v11B region,open,"Not all rows are reproduced runtime bugs; matrix intentionally includes confirmed defects, hardening risks, and missing hostile/conformance proofs."
AHD-0647,High,Conformance/test gap,Current deep static audit,"v11B graph, region, convergence, subtraction & causal runtime",v11B Regional Runtime Gates,crates/aidens-contracts/src/reserved_v11.rs,Region contracts are seeded but not proven as executable runtime boundaries. Scope variant 6: apply to crates/aidens-contracts/src/reserved_v11.rs and adjacent caller/callee surfaces.,Risk that v11B surfaces exist without executable regional/convergence/subtraction proofs.,"local scan: reserved_v11.rs contains seeded surfaces, not full runtime proof","Implement one minimal v11B region with right-graph misuse tests, convergence failure, syndrome, repair, support-core, oracle diff.","Implement one minimal v11B region with right-graph misuse tests, convergence failure, syndrome, repair, support-core, oracle diff.",Phase 10 minimal v11B region,open,"Not all rows are reproduced runtime bugs; matrix intentionally includes confirmed defects, hardening risks, and missing hostile/conformance proofs."
AHD-0648,High,High-confidence hardening risk,Current deep static audit,"v11B graph, region, convergence, subtraction & causal runtime",v11B Regional Runtime Gates,crates/aidens-kernel-kit/src/lib.rs,Boundary messages and receipts need accept/reject/quarantine fixtures. Scope variant 6: apply to crates/aidens-kernel-kit/src/lib.rs and adjacent caller/callee surfaces.,Risk that v11B surfaces exist without executable regional/convergence/subtraction proofs.,"v11B conformance requires right-graph, region, convergence, repair, subtraction, causal, oracle fixtures","Implement one minimal v11B region with right-graph misuse tests, convergence failure, syndrome, repair, support-core, oracle diff.","Implement one minimal v11B region with right-graph misuse tests, convergence failure, syndrome, repair, support-core, oracle diff.",Phase 10 minimal v11B region,open,"Not all rows are reproduced runtime bugs; matrix intentionally includes confirmed defects, hardening risks, and missing hostile/conformance proofs."
AHD-0649,Medium,Conformance/test gap,Current deep static audit,"v11B graph, region, convergence, subtraction & causal runtime",v11B Regional Runtime Gates,crates/aidens-repair-kit/src/lib.rs,Region replay slices and snapshots are not proven end-to-end. Scope variant 6: apply to crates/aidens-repair-kit/src/lib.rs and adjacent caller/callee surfaces.,Risk that v11B surfaces exist without executable regional/convergence/subtraction proofs.,"local scan: reserved_v11.rs contains seeded surfaces, not full runtime proof","Implement one minimal v11B region with right-graph misuse tests, convergence failure, syndrome, repair, support-core, oracle diff.","Implement one minimal v11B region with right-graph misuse tests, convergence failure, syndrome, repair, support-core, oracle diff.",Phase 10 minimal v11B region,open,"Not all rows are reproduced runtime bugs; matrix intentionally includes confirmed defects, hardening risks, and missing hostile/conformance proofs."
AHD-0650,High,Conformance/test gap,Current deep static audit,"v11B graph, region, convergence, subtraction & causal runtime",v11B Regional Runtime Gates,crates/aidens-contracts/src/reserved_v11.rs,Convergence normal/failure/oscillation/budget-exhaustion fixtures are missing. Scope variant 6: apply to crates/aidens-contracts/src/reserved_v11.rs and adjacent caller/callee surfaces.,Risk that v11B surfaces exist without executable regional/convergence/subtraction proofs.,"v11B conformance requires right-graph, region, convergence, repair, subtraction, causal, oracle fixtures","Implement one minimal v11B region with right-graph misuse tests, convergence failure, syndrome, repair, support-core, oracle diff.","Implement one minimal v11B region with right-graph misuse tests, convergence failure, syndrome, repair, support-core, oracle diff.",Phase 10 minimal v11B region,open,"Not all rows are reproduced runtime bugs; matrix intentionally includes confirmed defects, hardening risks, and missing hostile/conformance proofs."
AHD-0651,High,High-confidence hardening risk,Current deep static audit,"v11B graph, region, convergence, subtraction & causal runtime",v11B Regional Runtime Gates,crates/aidens-kernel-kit/src/lib.rs,Residual and syndrome envelopes need promotion-block semantics. Scope variant 6: apply to crates/aidens-kernel-kit/src/lib.rs and adjacent caller/callee surfaces.,Risk that v11B surfaces exist without executable regional/convergence/subtraction proofs.,"local scan: reserved_v11.rs contains seeded surfaces, not full runtime proof","Implement one minimal v11B region with right-graph misuse tests, convergence failure, syndrome, repair, support-core, oracle diff.","Implement one minimal v11B region with right-graph misuse tests, convergence failure, syndrome, repair, support-core, oracle diff.",Phase 10 minimal v11B region,open,"Not all rows are reproduced runtime bugs; matrix intentionally includes confirmed defects, hardening risks, and missing hostile/conformance proofs."
AHD-0652,Medium,Conformance/test gap,Current deep static audit,"v11B graph, region, convergence, subtraction & causal runtime",v11B Regional Runtime Gates,crates/aidens-repair-kit/src/lib.rs,Local repair before global rebuild needs an executable fixture. Scope variant 6: apply to crates/aidens-repair-kit/src/lib.rs and adjacent caller/callee surfaces.,Risk that v11B surfaces exist without executable regional/convergence/subtraction proofs.,"v11B conformance requires right-graph, region, convergence, repair, subtraction, causal, oracle fixtures","Implement one minimal v11B region with right-graph misuse tests, convergence failure, syndrome, repair, support-core, oracle diff.","Implement one minimal v11B region with right-graph misuse tests, convergence failure, syndrome, repair, support-core, oracle diff.",Phase 10 minimal v11B region,open,"Not all rows are reproduced runtime bugs; matrix intentionally includes confirmed defects, hardening risks, and missing hostile/conformance proofs."
AHD-0653,High,Conformance/test gap,Current deep static audit,"v11B graph, region, convergence, subtraction & causal runtime",v11B Regional Runtime Gates,crates/aidens-contracts/src/reserved_v11.rs,Support core and removal frontier need protected-query tests. Scope variant 6: apply to crates/aidens-contracts/src/reserved_v11.rs and adjacent caller/callee surfaces.,Risk that v11B surfaces exist without executable regional/convergence/subtraction proofs.,"local scan: reserved_v11.rs contains seeded surfaces, not full runtime proof","Implement one minimal v11B region with right-graph misuse tests, convergence failure, syndrome, repair, support-core, oracle diff.","Implement one minimal v11B region with right-graph misuse tests, convergence failure, syndrome, repair, support-core, oracle diff.",Phase 10 minimal v11B region,open,"Not all rows are reproduced runtime bugs; matrix intentionally includes confirmed defects, hardening risks, and missing hostile/conformance proofs."
AHD-0654,High,High-confidence hardening risk,Current deep static audit,"v11B graph, region, convergence, subtraction & causal runtime",v11B Regional Runtime Gates,crates/aidens-kernel-kit/src/lib.rs,"Causal attribution needs intervention/counterfactual replay fixtures, not proximity-only blame. Scope variant 6: apply to crates/aidens-kernel-kit/src/lib.rs and adjacent caller/callee surfaces.",Risk that v11B surfaces exist without executable regional/convergence/subtraction proofs.,"v11B conformance requires right-graph, region, convergence, repair, subtraction, causal, oracle fixtures","Implement one minimal v11B region with right-graph misuse tests, convergence failure, syndrome, repair, support-core, oracle diff.","Implement one minimal v11B region with right-graph misuse tests, convergence failure, syndrome, repair, support-core, oracle diff.",Phase 10 minimal v11B region,open,"Not all rows are reproduced runtime bugs; matrix intentionally includes confirmed defects, hardening risks, and missing hostile/conformance proofs."
AHD-0655,Medium,Conformance/test gap,Current deep static audit,"v11B graph, region, convergence, subtraction & causal runtime",v11B Regional Runtime Gates,crates/aidens-repair-kit/src/lib.rs,Oracle-slice approximate-vs-exact semantic diff needs bounded production-path proof. Scope variant 6: apply to crates/aidens-repair-kit/src/lib.rs and adjacent caller/callee surfaces.,Risk that v11B surfaces exist without executable regional/convergence/subtraction proofs.,"local scan: reserved_v11.rs contains seeded surfaces, not full runtime proof","Implement one minimal v11B region with right-graph misuse tests, convergence failure, syndrome, repair, support-core, oracle diff.","Implement one minimal v11B region with right-graph misuse tests, convergence failure, syndrome, repair, support-core, oracle diff.",Phase 10 minimal v11B region,open,"Not all rows are reproduced runtime bugs; matrix intentionally includes confirmed defects, hardening risks, and missing hostile/conformance proofs."
AHD-0656,High,Conformance/test gap,Current deep static audit,"v11B graph, region, convergence, subtraction & causal runtime",v11B Regional Runtime Gates,crates/aidens-contracts/src/reserved_v11.rs,Right-graph law lacks adversarial tests where storage/retrieval/control graph misuse produces false output. Scope variant 7: apply to crates/aidens-contracts/src/reserved_v11.rs and adjacent caller/callee surfaces.,Risk that v11B surfaces exist without executable regional/convergence/subtraction proofs.,"v11B conformance requires right-graph, region, convergence, repair, subtraction, causal, oracle fixtures","Implement one minimal v11B region with right-graph misuse tests, convergence failure, syndrome, repair, support-core, oracle diff.","Implement one minimal v11B region with right-graph misuse tests, convergence failure, syndrome, repair, support-core, oracle diff.",Phase 10 minimal v11B region,open,"Not all rows are reproduced runtime bugs; matrix intentionally includes confirmed defects, hardening risks, and missing hostile/conformance proofs."
AHD-0657,High,High-confidence hardening risk,Current deep static audit,"v11B graph, region, convergence, subtraction & causal runtime",v11B Regional Runtime Gates,crates/aidens-kernel-kit/src/lib.rs,Region contracts are seeded but not proven as executable runtime boundaries. Scope variant 7: apply to crates/aidens-kernel-kit/src/lib.rs and adjacent caller/callee surfaces.,Risk that v11B surfaces exist without executable regional/convergence/subtraction proofs.,"local scan: reserved_v11.rs contains seeded surfaces, not full runtime proof","Implement one minimal v11B region with right-graph misuse tests, convergence failure, syndrome, repair, support-core, oracle diff.","Implement one minimal v11B region with right-graph misuse tests, convergence failure, syndrome, repair, support-core, oracle diff.",Phase 10 minimal v11B region,open,"Not all rows are reproduced runtime bugs; matrix intentionally includes confirmed defects, hardening risks, and missing hostile/conformance proofs."
AHD-0658,Medium,Conformance/test gap,Current deep static audit,"v11B graph, region, convergence, subtraction & causal runtime",v11B Regional Runtime Gates,crates/aidens-repair-kit/src/lib.rs,Boundary messages and receipts need accept/reject/quarantine fixtures. Scope variant 7: apply to crates/aidens-repair-kit/src/lib.rs and adjacent caller/callee surfaces.,Risk that v11B surfaces exist without executable regional/convergence/subtraction proofs.,"v11B conformance requires right-graph, region, convergence, repair, subtraction, causal, oracle fixtures","Implement one minimal v11B region with right-graph misuse tests, convergence failure, syndrome, repair, support-core, oracle diff.","Implement one minimal v11B region with right-graph misuse tests, convergence failure, syndrome, repair, support-core, oracle diff.",Phase 10 minimal v11B region,open,"Not all rows are reproduced runtime bugs; matrix intentionally includes confirmed defects, hardening risks, and missing hostile/conformance proofs."
AHD-0659,High,Conformance/test gap,Current deep static audit,"v11B graph, region, convergence, subtraction & causal runtime",v11B Regional Runtime Gates,crates/aidens-contracts/src/reserved_v11.rs,Region replay slices and snapshots are not proven end-to-end. Scope variant 7: apply to crates/aidens-contracts/src/reserved_v11.rs and adjacent caller/callee surfaces.,Risk that v11B surfaces exist without executable regional/convergence/subtraction proofs.,"local scan: reserved_v11.rs contains seeded surfaces, not full runtime proof","Implement one minimal v11B region with right-graph misuse tests, convergence failure, syndrome, repair, support-core, oracle diff.","Implement one minimal v11B region with right-graph misuse tests, convergence failure, syndrome, repair, support-core, oracle diff.",Phase 10 minimal v11B region,open,"Not all rows are reproduced runtime bugs; matrix intentionally includes confirmed defects, hardening risks, and missing hostile/conformance proofs."
AHD-0660,High,High-confidence hardening risk,Current deep static audit,"v11B graph, region, convergence, subtraction & causal runtime",v11B Regional Runtime Gates,crates/aidens-kernel-kit/src/lib.rs,Convergence normal/failure/oscillation/budget-exhaustion fixtures are missing. Scope variant 7: apply to crates/aidens-kernel-kit/src/lib.rs and adjacent caller/callee surfaces.,Risk that v11B surfaces exist without executable regional/convergence/subtraction proofs.,"v11B conformance requires right-graph, region, convergence, repair, subtraction, causal, oracle fixtures","Implement one minimal v11B region with right-graph misuse tests, convergence failure, syndrome, repair, support-core, oracle diff.","Implement one minimal v11B region with right-graph misuse tests, convergence failure, syndrome, repair, support-core, oracle diff.",Phase 10 minimal v11B region,open,"Not all rows are reproduced runtime bugs; matrix intentionally includes confirmed defects, hardening risks, and missing hostile/conformance proofs."
AHD-0661,Medium,Conformance/test gap,Current deep static audit,"v11B graph, region, convergence, subtraction & causal runtime",v11B Regional Runtime Gates,crates/aidens-repair-kit/src/lib.rs,Residual and syndrome envelopes need promotion-block semantics. Scope variant 7: apply to crates/aidens-repair-kit/src/lib.rs and adjacent caller/callee surfaces.,Risk that v11B surfaces exist without executable regional/convergence/subtraction proofs.,"local scan: reserved_v11.rs contains seeded surfaces, not full runtime proof","Implement one minimal v11B region with right-graph misuse tests, convergence failure, syndrome, repair, support-core, oracle diff.","Implement one minimal v11B region with right-graph misuse tests, convergence failure, syndrome, repair, support-core, oracle diff.",Phase 10 minimal v11B region,open,"Not all rows are reproduced runtime bugs; matrix intentionally includes confirmed defects, hardening risks, and missing hostile/conformance proofs."
AHD-0662,High,Conformance/test gap,Current deep static audit,"v11B graph, region, convergence, subtraction & causal runtime",v11B Regional Runtime Gates,crates/aidens-contracts/src/reserved_v11.rs,Local repair before global rebuild needs an executable fixture. Scope variant 7: apply to crates/aidens-contracts/src/reserved_v11.rs and adjacent caller/callee surfaces.,Risk that v11B surfaces exist without executable regional/convergence/subtraction proofs.,"v11B conformance requires right-graph, region, convergence, repair, subtraction, causal, oracle fixtures","Implement one minimal v11B region with right-graph misuse tests, convergence failure, syndrome, repair, support-core, oracle diff.","Implement one minimal v11B region with right-graph misuse tests, convergence failure, syndrome, repair, support-core, oracle diff.",Phase 10 minimal v11B region,open,"Not all rows are reproduced runtime bugs; matrix intentionally includes confirmed defects, hardening risks, and missing hostile/conformance proofs."
AHD-0663,High,High-confidence hardening risk,Current deep static audit,"v11B graph, region, convergence, subtraction & causal runtime",v11B Regional Runtime Gates,crates/aidens-kernel-kit/src/lib.rs,Support core and removal frontier need protected-query tests. Scope variant 7: apply to crates/aidens-kernel-kit/src/lib.rs and adjacent caller/callee surfaces.,Risk that v11B surfaces exist without executable regional/convergence/subtraction proofs.,"local scan: reserved_v11.rs contains seeded surfaces, not full runtime proof","Implement one minimal v11B region with right-graph misuse tests, convergence failure, syndrome, repair, support-core, oracle diff.","Implement one minimal v11B region with right-graph misuse tests, convergence failure, syndrome, repair, support-core, oracle diff.",Phase 10 minimal v11B region,open,"Not all rows are reproduced runtime bugs; matrix intentionally includes confirmed defects, hardening risks, and missing hostile/conformance proofs."
AHD-0664,Medium,Conformance/test gap,Current deep static audit,"v11B graph, region, convergence, subtraction & causal runtime",v11B Regional Runtime Gates,crates/aidens-repair-kit/src/lib.rs,"Causal attribution needs intervention/counterfactual replay fixtures, not proximity-only blame. Scope variant 7: apply to crates/aidens-repair-kit/src/lib.rs and adjacent caller/callee surfaces.",Risk that v11B surfaces exist without executable regional/convergence/subtraction proofs.,"v11B conformance requires right-graph, region, convergence, repair, subtraction, causal, oracle fixtures","Implement one minimal v11B region with right-graph misuse tests, convergence failure, syndrome, repair, support-core, oracle diff.","Implement one minimal v11B region with right-graph misuse tests, convergence failure, syndrome, repair, support-core, oracle diff.",Phase 10 minimal v11B region,open,"Not all rows are reproduced runtime bugs; matrix intentionally includes confirmed defects, hardening risks, and missing hostile/conformance proofs."
AHD-0665,High,Conformance/test gap,Current deep static audit,"v11B graph, region, convergence, subtraction & causal runtime",v11B Regional Runtime Gates,crates/aidens-contracts/src/reserved_v11.rs,Oracle-slice approximate-vs-exact semantic diff needs bounded production-path proof. Scope variant 7: apply to crates/aidens-contracts/src/reserved_v11.rs and adjacent caller/callee surfaces.,Risk that v11B surfaces exist without executable regional/convergence/subtraction proofs.,"local scan: reserved_v11.rs contains seeded surfaces, not full runtime proof","Implement one minimal v11B region with right-graph misuse tests, convergence failure, syndrome, repair, support-core, oracle diff.","Implement one minimal v11B region with right-graph misuse tests, convergence failure, syndrome, repair, support-core, oracle diff.",Phase 10 minimal v11B region,open,"Not all rows are reproduced runtime bugs; matrix intentionally includes confirmed defects, hardening risks, and missing hostile/conformance proofs."
AHD-0666,High,High-confidence hardening risk,Current deep static audit,"v11B graph, region, convergence, subtraction & causal runtime",v11B Regional Runtime Gates,crates/aidens-kernel-kit/src/lib.rs,Right-graph law lacks adversarial tests where storage/retrieval/control graph misuse produces false output. Scope variant 8: apply to crates/aidens-kernel-kit/src/lib.rs and adjacent caller/callee surfaces.,Risk that v11B surfaces exist without executable regional/convergence/subtraction proofs.,"v11B conformance requires right-graph, region, convergence, repair, subtraction, causal, oracle fixtures","Implement one minimal v11B region with right-graph misuse tests, convergence failure, syndrome, repair, support-core, oracle diff.","Implement one minimal v11B region with right-graph misuse tests, convergence failure, syndrome, repair, support-core, oracle diff.",Phase 10 minimal v11B region,open,"Not all rows are reproduced runtime bugs; matrix intentionally includes confirmed defects, hardening risks, and missing hostile/conformance proofs."
AHD-0667,Medium,Conformance/test gap,Current deep static audit,"v11B graph, region, convergence, subtraction & causal runtime",v11B Regional Runtime Gates,crates/aidens-repair-kit/src/lib.rs,Region contracts are seeded but not proven as executable runtime boundaries. Scope variant 8: apply to crates/aidens-repair-kit/src/lib.rs and adjacent caller/callee surfaces.,Risk that v11B surfaces exist without executable regional/convergence/subtraction proofs.,"local scan: reserved_v11.rs contains seeded surfaces, not full runtime proof","Implement one minimal v11B region with right-graph misuse tests, convergence failure, syndrome, repair, support-core, oracle diff.","Implement one minimal v11B region with right-graph misuse tests, convergence failure, syndrome, repair, support-core, oracle diff.",Phase 10 minimal v11B region,open,"Not all rows are reproduced runtime bugs; matrix intentionally includes confirmed defects, hardening risks, and missing hostile/conformance proofs."
AHD-0668,High,Conformance/test gap,Current deep static audit,"v11B graph, region, convergence, subtraction & causal runtime",v11B Regional Runtime Gates,crates/aidens-contracts/src/reserved_v11.rs,Boundary messages and receipts need accept/reject/quarantine fixtures. Scope variant 8: apply to crates/aidens-contracts/src/reserved_v11.rs and adjacent caller/callee surfaces.,Risk that v11B surfaces exist without executable regional/convergence/subtraction proofs.,"v11B conformance requires right-graph, region, convergence, repair, subtraction, causal, oracle fixtures","Implement one minimal v11B region with right-graph misuse tests, convergence failure, syndrome, repair, support-core, oracle diff.","Implement one minimal v11B region with right-graph misuse tests, convergence failure, syndrome, repair, support-core, oracle diff.",Phase 10 minimal v11B region,open,"Not all rows are reproduced runtime bugs; matrix intentionally includes confirmed defects, hardening risks, and missing hostile/conformance proofs."
AHD-0669,High,High-confidence hardening risk,Current deep static audit,"v11B graph, region, convergence, subtraction & causal runtime",v11B Regional Runtime Gates,crates/aidens-kernel-kit/src/lib.rs,Region replay slices and snapshots are not proven end-to-end. Scope variant 8: apply to crates/aidens-kernel-kit/src/lib.rs and adjacent caller/callee surfaces.,Risk that v11B surfaces exist without executable regional/convergence/subtraction proofs.,"local scan: reserved_v11.rs contains seeded surfaces, not full runtime proof","Implement one minimal v11B region with right-graph misuse tests, convergence failure, syndrome, repair, support-core, oracle diff.","Implement one minimal v11B region with right-graph misuse tests, convergence failure, syndrome, repair, support-core, oracle diff.",Phase 10 minimal v11B region,open,"Not all rows are reproduced runtime bugs; matrix intentionally includes confirmed defects, hardening risks, and missing hostile/conformance proofs."
AHD-0670,Medium,Conformance/test gap,Current deep static audit,"v11B graph, region, convergence, subtraction & causal runtime",v11B Regional Runtime Gates,crates/aidens-repair-kit/src/lib.rs,Convergence normal/failure/oscillation/budget-exhaustion fixtures are missing. Scope variant 8: apply to crates/aidens-repair-kit/src/lib.rs and adjacent caller/callee surfaces.,Risk that v11B surfaces exist without executable regional/convergence/subtraction proofs.,"v11B conformance requires right-graph, region, convergence, repair, subtraction, causal, oracle fixtures","Implement one minimal v11B region with right-graph misuse tests, convergence failure, syndrome, repair, support-core, oracle diff.","Implement one minimal v11B region with right-graph misuse tests, convergence failure, syndrome, repair, support-core, oracle diff.",Phase 10 minimal v11B region,open,"Not all rows are reproduced runtime bugs; matrix intentionally includes confirmed defects, hardening risks, and missing hostile/conformance proofs."
AHD-0671,High,Conformance/test gap,Current deep static audit,"v11B graph, region, convergence, subtraction & causal runtime",v11B Regional Runtime Gates,crates/aidens-contracts/src/reserved_v11.rs,Residual and syndrome envelopes need promotion-block semantics. Scope variant 8: apply to crates/aidens-contracts/src/reserved_v11.rs and adjacent caller/callee surfaces.,Risk that v11B surfaces exist without executable regional/convergence/subtraction proofs.,"local scan: reserved_v11.rs contains seeded surfaces, not full runtime proof","Implement one minimal v11B region with right-graph misuse tests, convergence failure, syndrome, repair, support-core, oracle diff.","Implement one minimal v11B region with right-graph misuse tests, convergence failure, syndrome, repair, support-core, oracle diff.",Phase 10 minimal v11B region,open,"Not all rows are reproduced runtime bugs; matrix intentionally includes confirmed defects, hardening risks, and missing hostile/conformance proofs."
AHD-0672,High,High-confidence hardening risk,Current deep static audit,"v11B graph, region, convergence, subtraction & causal runtime",v11B Regional Runtime Gates,crates/aidens-kernel-kit/src/lib.rs,Local repair before global rebuild needs an executable fixture. Scope variant 8: apply to crates/aidens-kernel-kit/src/lib.rs and adjacent caller/callee surfaces.,Risk that v11B surfaces exist without executable regional/convergence/subtraction proofs.,"v11B conformance requires right-graph, region, convergence, repair, subtraction, causal, oracle fixtures","Implement one minimal v11B region with right-graph misuse tests, convergence failure, syndrome, repair, support-core, oracle diff.","Implement one minimal v11B region with right-graph misuse tests, convergence failure, syndrome, repair, support-core, oracle diff.",Phase 10 minimal v11B region,open,"Not all rows are reproduced runtime bugs; matrix intentionally includes confirmed defects, hardening risks, and missing hostile/conformance proofs."
AHD-0673,Medium,Conformance/test gap,Current deep static audit,"v11B graph, region, convergence, subtraction & causal runtime",v11B Regional Runtime Gates,crates/aidens-repair-kit/src/lib.rs,Support core and removal frontier need protected-query tests. Scope variant 8: apply to crates/aidens-repair-kit/src/lib.rs and adjacent caller/callee surfaces.,Risk that v11B surfaces exist without executable regional/convergence/subtraction proofs.,"local scan: reserved_v11.rs contains seeded surfaces, not full runtime proof","Implement one minimal v11B region with right-graph misuse tests, convergence failure, syndrome, repair, support-core, oracle diff.","Implement one minimal v11B region with right-graph misuse tests, convergence failure, syndrome, repair, support-core, oracle diff.",Phase 10 minimal v11B region,open,"Not all rows are reproduced runtime bugs; matrix intentionally includes confirmed defects, hardening risks, and missing hostile/conformance proofs."
AHD-0674,High,Conformance/test gap,Current deep static audit,"v11B graph, region, convergence, subtraction & causal runtime",v11B Regional Runtime Gates,crates/aidens-contracts/src/reserved_v11.rs,"Causal attribution needs intervention/counterfactual replay fixtures, not proximity-only blame. Scope variant 8: apply to crates/aidens-contracts/src/reserved_v11.rs and adjacent caller/callee surfaces.",Risk that v11B surfaces exist without executable regional/convergence/subtraction proofs.,"v11B conformance requires right-graph, region, convergence, repair, subtraction, causal, oracle fixtures","Implement one minimal v11B region with right-graph misuse tests, convergence failure, syndrome, repair, support-core, oracle diff.","Implement one minimal v11B region with right-graph misuse tests, convergence failure, syndrome, repair, support-core, oracle diff.",Phase 10 minimal v11B region,open,"Not all rows are reproduced runtime bugs; matrix intentionally includes confirmed defects, hardening risks, and missing hostile/conformance proofs."
AHD-0675,High,High-confidence hardening risk,Current deep static audit,"v11B graph, region, convergence, subtraction & causal runtime",v11B Regional Runtime Gates,crates/aidens-kernel-kit/src/lib.rs,Oracle-slice approximate-vs-exact semantic diff needs bounded production-path proof. Scope variant 8: apply to crates/aidens-kernel-kit/src/lib.rs and adjacent caller/callee surfaces.,Risk that v11B surfaces exist without executable regional/convergence/subtraction proofs.,"local scan: reserved_v11.rs contains seeded surfaces, not full runtime proof","Implement one minimal v11B region with right-graph misuse tests, convergence failure, syndrome, repair, support-core, oracle diff.","Implement one minimal v11B region with right-graph misuse tests, convergence failure, syndrome, repair, support-core, oracle diff.",Phase 10 minimal v11B region,open,"Not all rows are reproduced runtime bugs; matrix intentionally includes confirmed defects, hardening risks, and missing hostile/conformance proofs."
AHD-0676,Medium,Conformance/test gap,Current deep static audit,"v11B graph, region, convergence, subtraction & causal runtime",v11B Regional Runtime Gates,crates/aidens-repair-kit/src/lib.rs,Right-graph law lacks adversarial tests where storage/retrieval/control graph misuse produces false output. Scope variant 9: apply to crates/aidens-repair-kit/src/lib.rs and adjacent caller/callee surfaces.,Risk that v11B surfaces exist without executable regional/convergence/subtraction proofs.,"v11B conformance requires right-graph, region, convergence, repair, subtraction, causal, oracle fixtures","Implement one minimal v11B region with right-graph misuse tests, convergence failure, syndrome, repair, support-core, oracle diff.","Implement one minimal v11B region with right-graph misuse tests, convergence failure, syndrome, repair, support-core, oracle diff.",Phase 10 minimal v11B region,open,"Not all rows are reproduced runtime bugs; matrix intentionally includes confirmed defects, hardening risks, and missing hostile/conformance proofs."
AHD-0677,High,Conformance/test gap,Current deep static audit,"v11B graph, region, convergence, subtraction & causal runtime",v11B Regional Runtime Gates,crates/aidens-contracts/src/reserved_v11.rs,Region contracts are seeded but not proven as executable runtime boundaries. Scope variant 9: apply to crates/aidens-contracts/src/reserved_v11.rs and adjacent caller/callee surfaces.,Risk that v11B surfaces exist without executable regional/convergence/subtraction proofs.,"local scan: reserved_v11.rs contains seeded surfaces, not full runtime proof","Implement one minimal v11B region with right-graph misuse tests, convergence failure, syndrome, repair, support-core, oracle diff.","Implement one minimal v11B region with right-graph misuse tests, convergence failure, syndrome, repair, support-core, oracle diff.",Phase 10 minimal v11B region,open,"Not all rows are reproduced runtime bugs; matrix intentionally includes confirmed defects, hardening risks, and missing hostile/conformance proofs."
AHD-0678,High,High-confidence hardening risk,Current deep static audit,"v11B graph, region, convergence, subtraction & causal runtime",v11B Regional Runtime Gates,crates/aidens-kernel-kit/src/lib.rs,Boundary messages and receipts need accept/reject/quarantine fixtures. Scope variant 9: apply to crates/aidens-kernel-kit/src/lib.rs and adjacent caller/callee surfaces.,Risk that v11B surfaces exist without executable regional/convergence/subtraction proofs.,"v11B conformance requires right-graph, region, convergence, repair, subtraction, causal, oracle fixtures","Implement one minimal v11B region with right-graph misuse tests, convergence failure, syndrome, repair, support-core, oracle diff.","Implement one minimal v11B region with right-graph misuse tests, convergence failure, syndrome, repair, support-core, oracle diff.",Phase 10 minimal v11B region,open,"Not all rows are reproduced runtime bugs; matrix intentionally includes confirmed defects, hardening risks, and missing hostile/conformance proofs."
AHD-0679,Medium,Conformance/test gap,Current deep static audit,"v11B graph, region, convergence, subtraction & causal runtime",v11B Regional Runtime Gates,crates/aidens-repair-kit/src/lib.rs,Region replay slices and snapshots are not proven end-to-end. Scope variant 9: apply to crates/aidens-repair-kit/src/lib.rs and adjacent caller/callee surfaces.,Risk that v11B surfaces exist without executable regional/convergence/subtraction proofs.,"local scan: reserved_v11.rs contains seeded surfaces, not full runtime proof","Implement one minimal v11B region with right-graph misuse tests, convergence failure, syndrome, repair, support-core, oracle diff.","Implement one minimal v11B region with right-graph misuse tests, convergence failure, syndrome, repair, support-core, oracle diff.",Phase 10 minimal v11B region,open,"Not all rows are reproduced runtime bugs; matrix intentionally includes confirmed defects, hardening risks, and missing hostile/conformance proofs."
AHD-0680,High,Conformance/test gap,Current deep static audit,"v11B graph, region, convergence, subtraction & causal runtime",v11B Regional Runtime Gates,crates/aidens-contracts/src/reserved_v11.rs,Convergence normal/failure/oscillation/budget-exhaustion fixtures are missing. Scope variant 9: apply to crates/aidens-contracts/src/reserved_v11.rs and adjacent caller/callee surfaces.,Risk that v11B surfaces exist without executable regional/convergence/subtraction proofs.,"v11B conformance requires right-graph, region, convergence, repair, subtraction, causal, oracle fixtures","Implement one minimal v11B region with right-graph misuse tests, convergence failure, syndrome, repair, support-core, oracle diff.","Implement one minimal v11B region with right-graph misuse tests, convergence failure, syndrome, repair, support-core, oracle diff.",Phase 10 minimal v11B region,open,"Not all rows are reproduced runtime bugs; matrix intentionally includes confirmed defects, hardening risks, and missing hostile/conformance proofs."
AHD-0681,High,High-confidence hardening risk,Current deep static audit,"v11B graph, region, convergence, subtraction & causal runtime",v11B Regional Runtime Gates,crates/aidens-kernel-kit/src/lib.rs,Residual and syndrome envelopes need promotion-block semantics. Scope variant 9: apply to crates/aidens-kernel-kit/src/lib.rs and adjacent caller/callee surfaces.,Risk that v11B surfaces exist without executable regional/convergence/subtraction proofs.,"local scan: reserved_v11.rs contains seeded surfaces, not full runtime proof","Implement one minimal v11B region with right-graph misuse tests, convergence failure, syndrome, repair, support-core, oracle diff.","Implement one minimal v11B region with right-graph misuse tests, convergence failure, syndrome, repair, support-core, oracle diff.",Phase 10 minimal v11B region,open,"Not all rows are reproduced runtime bugs; matrix intentionally includes confirmed defects, hardening risks, and missing hostile/conformance proofs."
AHD-0682,Medium,Conformance/test gap,Current deep static audit,"v11B graph, region, convergence, subtraction & causal runtime",v11B Regional Runtime Gates,crates/aidens-repair-kit/src/lib.rs,Local repair before global rebuild needs an executable fixture. Scope variant 9: apply to crates/aidens-repair-kit/src/lib.rs and adjacent caller/callee surfaces.,Risk that v11B surfaces exist without executable regional/convergence/subtraction proofs.,"v11B conformance requires right-graph, region, convergence, repair, subtraction, causal, oracle fixtures","Implement one minimal v11B region with right-graph misuse tests, convergence failure, syndrome, repair, support-core, oracle diff.","Implement one minimal v11B region with right-graph misuse tests, convergence failure, syndrome, repair, support-core, oracle diff.",Phase 10 minimal v11B region,open,"Not all rows are reproduced runtime bugs; matrix intentionally includes confirmed defects, hardening risks, and missing hostile/conformance proofs."
AHD-0683,High,Conformance/test gap,Current deep static audit,"v11B graph, region, convergence, subtraction & causal runtime",v11B Regional Runtime Gates,crates/aidens-contracts/src/reserved_v11.rs,Support core and removal frontier need protected-query tests. Scope variant 9: apply to crates/aidens-contracts/src/reserved_v11.rs and adjacent caller/callee surfaces.,Risk that v11B surfaces exist without executable regional/convergence/subtraction proofs.,"local scan: reserved_v11.rs contains seeded surfaces, not full runtime proof","Implement one minimal v11B region with right-graph misuse tests, convergence failure, syndrome, repair, support-core, oracle diff.","Implement one minimal v11B region with right-graph misuse tests, convergence failure, syndrome, repair, support-core, oracle diff.",Phase 10 minimal v11B region,open,"Not all rows are reproduced runtime bugs; matrix intentionally includes confirmed defects, hardening risks, and missing hostile/conformance proofs."
AHD-0684,High,High-confidence hardening risk,Current deep static audit,"v11B graph, region, convergence, subtraction & causal runtime",v11B Regional Runtime Gates,crates/aidens-kernel-kit/src/lib.rs,"Causal attribution needs intervention/counterfactual replay fixtures, not proximity-only blame. Scope variant 9: apply to crates/aidens-kernel-kit/src/lib.rs and adjacent caller/callee surfaces.",Risk that v11B surfaces exist without executable regional/convergence/subtraction proofs.,"v11B conformance requires right-graph, region, convergence, repair, subtraction, causal, oracle fixtures","Implement one minimal v11B region with right-graph misuse tests, convergence failure, syndrome, repair, support-core, oracle diff.","Implement one minimal v11B region with right-graph misuse tests, convergence failure, syndrome, repair, support-core, oracle diff.",Phase 10 minimal v11B region,open,"Not all rows are reproduced runtime bugs; matrix intentionally includes confirmed defects, hardening risks, and missing hostile/conformance proofs."
AHD-0685,Medium,Conformance/test gap,Current deep static audit,"v11B graph, region, convergence, subtraction & causal runtime",v11B Regional Runtime Gates,crates/aidens-repair-kit/src/lib.rs,Oracle-slice approximate-vs-exact semantic diff needs bounded production-path proof. Scope variant 9: apply to crates/aidens-repair-kit/src/lib.rs and adjacent caller/callee surfaces.,Risk that v11B surfaces exist without executable regional/convergence/subtraction proofs.,"local scan: reserved_v11.rs contains seeded surfaces, not full runtime proof","Implement one minimal v11B region with right-graph misuse tests, convergence failure, syndrome, repair, support-core, oracle diff.","Implement one minimal v11B region with right-graph misuse tests, convergence failure, syndrome, repair, support-core, oracle diff.",Phase 10 minimal v11B region,open,"Not all rows are reproduced runtime bugs; matrix intentionally includes confirmed defects, hardening risks, and missing hostile/conformance proofs."
AHD-0686,High,Conformance/test gap,Current deep static audit,"Schema, contract governance & generated artifacts",v11A Schema/Contract Gate,crates/aidens-contracts/src/schema_catalog.rs,Generated schemas may drift from Rust contracts without meta-validation and compatibility gates.,Risk that generated schemas drift from Rust contracts or act as hidden law.,local scan: schemas directory has 65 JSON schemas; schema term count 1178,"Gate generated schema changes with meta-validation, compatibility diffing, canonical digest identity, and migration receipts.","Gate generated schema changes with meta-validation, compatibility diffing, canonical digest identity, and migration receipts.",Phase 11 schema governance,open,"Not all rows are reproduced runtime bugs; matrix intentionally includes confirmed defects, hardening risks, and missing hostile/conformance proofs."
AHD-0687,High,High-confidence hardening risk,Current deep static audit,"Schema, contract governance & generated artifacts",v11A Schema/Contract Gate,schemas/**/v1.schema.json,Schema identity is not proven content-addressed across generation and packaging.,Risk that generated schemas drift from Rust contracts or act as hidden law.,local scan: schema catalog is 1617 lines,"Gate generated schema changes with meta-validation, compatibility diffing, canonical digest identity, and migration receipts.","Gate generated schema changes with meta-validation, compatibility diffing, canonical digest identity, and migration receipts.",Phase 11 schema governance,open,"Not all rows are reproduced runtime bugs; matrix intentionally includes confirmed defects, hardening risks, and missing hostile/conformance proofs."
AHD-0688,Medium,Conformance/test gap,Current deep static audit,"Schema, contract governance & generated artifacts",v11A Schema/Contract Gate,crates/aidens-cli/src/lib.rs,"Schema compatibility checks need major/minor migration semantics, not equality-only checks.",Risk that generated schemas drift from Rust contracts or act as hidden law.,local scan: schemas directory has 65 JSON schemas; schema term count 1178,"Gate generated schema changes with meta-validation, compatibility diffing, canonical digest identity, and migration receipts.","Gate generated schema changes with meta-validation, compatibility diffing, canonical digest identity, and migration receipts.",Phase 11 schema governance,open,"Not all rows are reproduced runtime bugs; matrix intentionally includes confirmed defects, hardening risks, and missing hostile/conformance proofs."
AHD-0689,High,Conformance/test gap,Current deep static audit,"Schema, contract governance & generated artifacts",v11A Schema/Contract Gate,crates/aidens-contracts/src/schema_catalog.rs,Generated schema catalog can become hidden law unless admitted through governance.,Risk that generated schemas drift from Rust contracts or act as hidden law.,local scan: schema catalog is 1617 lines,"Gate generated schema changes with meta-validation, compatibility diffing, canonical digest identity, and migration receipts.","Gate generated schema changes with meta-validation, compatibility diffing, canonical digest identity, and migration receipts.",Phase 11 schema governance,open,"Not all rows are reproduced runtime bugs; matrix intentionally includes confirmed defects, hardening risks, and missing hostile/conformance proofs."
AHD-0690,High,High-confidence hardening risk,Current deep static audit,"Schema, contract governance & generated artifacts",v11A Schema/Contract Gate,schemas/**/v1.schema.json,Schema fixtures need negative cases for incompatible changes and unknown families.,Risk that generated schemas drift from Rust contracts or act as hidden law.,local scan: schemas directory has 65 JSON schemas; schema term count 1178,"Gate generated schema changes with meta-validation, compatibility diffing, canonical digest identity, and migration receipts.","Gate generated schema changes with meta-validation, compatibility diffing, canonical digest identity, and migration receipts.",Phase 11 schema governance,open,"Not all rows are reproduced runtime bugs; matrix intentionally includes confirmed defects, hardening risks, and missing hostile/conformance proofs."
AHD-0691,Medium,Conformance/test gap,Current deep static audit,"Schema, contract governance & generated artifacts",v11A Schema/Contract Gate,crates/aidens-cli/src/lib.rs,Schema generation should be deterministic with reproducible manifests.,Risk that generated schemas drift from Rust contracts or act as hidden law.,local scan: schema catalog is 1617 lines,"Gate generated schema changes with meta-validation, compatibility diffing, canonical digest identity, and migration receipts.","Gate generated schema changes with meta-validation, compatibility diffing, canonical digest identity, and migration receipts.",Phase 11 schema governance,open,"Not all rows are reproduced runtime bugs; matrix intentionally includes confirmed defects, hardening risks, and missing hostile/conformance proofs."
AHD-0692,High,Conformance/test gap,Current deep static audit,"Schema, contract governance & generated artifacts",v11A Schema/Contract Gate,crates/aidens-contracts/src/schema_catalog.rs,Schema paths need collision and case-folding checks.,Risk that generated schemas drift from Rust contracts or act as hidden law.,local scan: schemas directory has 65 JSON schemas; schema term count 1178,"Gate generated schema changes with meta-validation, compatibility diffing, canonical digest identity, and migration receipts.","Gate generated schema changes with meta-validation, compatibility diffing, canonical digest identity, and migration receipts.",Phase 11 schema governance,open,"Not all rows are reproduced runtime bugs; matrix intentionally includes confirmed defects, hardening risks, and missing hostile/conformance proofs."
AHD-0693,High,High-confidence hardening risk,Current deep static audit,"Schema, contract governance & generated artifacts",v11A Schema/Contract Gate,schemas/**/v1.schema.json,Schema docs/examples must not define semantics absent from Rust/reference behavior.,Risk that generated schemas drift from Rust contracts or act as hidden law.,local scan: schema catalog is 1617 lines,"Gate generated schema changes with meta-validation, compatibility diffing, canonical digest identity, and migration receipts.","Gate generated schema changes with meta-validation, compatibility diffing, canonical digest identity, and migration receipts.",Phase 11 schema governance,open,"Not all rows are reproduced runtime bugs; matrix intentionally includes confirmed defects, hardening risks, and missing hostile/conformance proofs."
AHD-0694,Medium,Conformance/test gap,Current deep static audit,"Schema, contract governance & generated artifacts",v11A Schema/Contract Gate,crates/aidens-cli/src/lib.rs,Boundary profiles need schema-id linkage into operator contracts.,Risk that generated schemas drift from Rust contracts or act as hidden law.,local scan: schemas directory has 65 JSON schemas; schema term count 1178,"Gate generated schema changes with meta-validation, compatibility diffing, canonical digest identity, and migration receipts.","Gate generated schema changes with meta-validation, compatibility diffing, canonical digest identity, and migration receipts.",Phase 11 schema governance,open,"Not all rows are reproduced runtime bugs; matrix intentionally includes confirmed defects, hardening risks, and missing hostile/conformance proofs."
AHD-0695,High,Conformance/test gap,Current deep static audit,"Schema, contract governance & generated artifacts",v11A Schema/Contract Gate,crates/aidens-contracts/src/schema_catalog.rs,External/admitted schema families need quarantine defaults.,Risk that generated schemas drift from Rust contracts or act as hidden law.,local scan: schema catalog is 1617 lines,"Gate generated schema changes with meta-validation, compatibility diffing, canonical digest identity, and migration receipts.","Gate generated schema changes with meta-validation, compatibility diffing, canonical digest identity, and migration receipts.",Phase 11 schema governance,open,"Not all rows are reproduced runtime bugs; matrix intentionally includes confirmed defects, hardening risks, and missing hostile/conformance proofs."
AHD-0696,High,High-confidence hardening risk,Current deep static audit,"Schema, contract governance & generated artifacts",v11A Schema/Contract Gate,schemas/**/v1.schema.json,Generated schemas may drift from Rust contracts without meta-validation and compatibility gates. Scope variant 2: apply to schemas/**/v1.schema.json and adjacent caller/callee surfaces.,Risk that generated schemas drift from Rust contracts or act as hidden law.,local scan: schemas directory has 65 JSON schemas; schema term count 1178,"Gate generated schema changes with meta-validation, compatibility diffing, canonical digest identity, and migration receipts.","Gate generated schema changes with meta-validation, compatibility diffing, canonical digest identity, and migration receipts.",Phase 11 schema governance,open,"Not all rows are reproduced runtime bugs; matrix intentionally includes confirmed defects, hardening risks, and missing hostile/conformance proofs."
AHD-0697,Medium,Conformance/test gap,Current deep static audit,"Schema, contract governance & generated artifacts",v11A Schema/Contract Gate,crates/aidens-cli/src/lib.rs,Schema identity is not proven content-addressed across generation and packaging. Scope variant 2: apply to crates/aidens-cli/src/lib.rs and adjacent caller/callee surfaces.,Risk that generated schemas drift from Rust contracts or act as hidden law.,local scan: schema catalog is 1617 lines,"Gate generated schema changes with meta-validation, compatibility diffing, canonical digest identity, and migration receipts.","Gate generated schema changes with meta-validation, compatibility diffing, canonical digest identity, and migration receipts.",Phase 11 schema governance,open,"Not all rows are reproduced runtime bugs; matrix intentionally includes confirmed defects, hardening risks, and missing hostile/conformance proofs."
AHD-0698,High,Conformance/test gap,Current deep static audit,"Schema, contract governance & generated artifacts",v11A Schema/Contract Gate,crates/aidens-contracts/src/schema_catalog.rs,"Schema compatibility checks need major/minor migration semantics, not equality-only checks. Scope variant 2: apply to crates/aidens-contracts/src/schema_catalog.rs and adjacent caller/callee surfaces.",Risk that generated schemas drift from Rust contracts or act as hidden law.,local scan: schemas directory has 65 JSON schemas; schema term count 1178,"Gate generated schema changes with meta-validation, compatibility diffing, canonical digest identity, and migration receipts.","Gate generated schema changes with meta-validation, compatibility diffing, canonical digest identity, and migration receipts.",Phase 11 schema governance,open,"Not all rows are reproduced runtime bugs; matrix intentionally includes confirmed defects, hardening risks, and missing hostile/conformance proofs."
AHD-0699,High,High-confidence hardening risk,Current deep static audit,"Schema, contract governance & generated artifacts",v11A Schema/Contract Gate,schemas/**/v1.schema.json,Generated schema catalog can become hidden law unless admitted through governance. Scope variant 2: apply to schemas/**/v1.schema.json and adjacent caller/callee surfaces.,Risk that generated schemas drift from Rust contracts or act as hidden law.,local scan: schema catalog is 1617 lines,"Gate generated schema changes with meta-validation, compatibility diffing, canonical digest identity, and migration receipts.","Gate generated schema changes with meta-validation, compatibility diffing, canonical digest identity, and migration receipts.",Phase 11 schema governance,open,"Not all rows are reproduced runtime bugs; matrix intentionally includes confirmed defects, hardening risks, and missing hostile/conformance proofs."
AHD-0700,Medium,Conformance/test gap,Current deep static audit,"Schema, contract governance & generated artifacts",v11A Schema/Contract Gate,crates/aidens-cli/src/lib.rs,Schema fixtures need negative cases for incompatible changes and unknown families. Scope variant 2: apply to crates/aidens-cli/src/lib.rs and adjacent caller/callee surfaces.,Risk that generated schemas drift from Rust contracts or act as hidden law.,local scan: schemas directory has 65 JSON schemas; schema term count 1178,"Gate generated schema changes with meta-validation, compatibility diffing, canonical digest identity, and migration receipts.","Gate generated schema changes with meta-validation, compatibility diffing, canonical digest identity, and migration receipts.",Phase 11 schema governance,open,"Not all rows are reproduced runtime bugs; matrix intentionally includes confirmed defects, hardening risks, and missing hostile/conformance proofs."
AHD-0701,High,Conformance/test gap,Current deep static audit,"Schema, contract governance & generated artifacts",v11A Schema/Contract Gate,crates/aidens-contracts/src/schema_catalog.rs,Schema generation should be deterministic with reproducible manifests. Scope variant 2: apply to crates/aidens-contracts/src/schema_catalog.rs and adjacent caller/callee surfaces.,Risk that generated schemas drift from Rust contracts or act as hidden law.,local scan: schema catalog is 1617 lines,"Gate generated schema changes with meta-validation, compatibility diffing, canonical digest identity, and migration receipts.","Gate generated schema changes with meta-validation, compatibility diffing, canonical digest identity, and migration receipts.",Phase 11 schema governance,open,"Not all rows are reproduced runtime bugs; matrix intentionally includes confirmed defects, hardening risks, and missing hostile/conformance proofs."
AHD-0702,High,High-confidence hardening risk,Current deep static audit,"Schema, contract governance & generated artifacts",v11A Schema/Contract Gate,schemas/**/v1.schema.json,Schema paths need collision and case-folding checks. Scope variant 2: apply to schemas/**/v1.schema.json and adjacent caller/callee surfaces.,Risk that generated schemas drift from Rust contracts or act as hidden law.,local scan: schemas directory has 65 JSON schemas; schema term count 1178,"Gate generated schema changes with meta-validation, compatibility diffing, canonical digest identity, and migration receipts.","Gate generated schema changes with meta-validation, compatibility diffing, canonical digest identity, and migration receipts.",Phase 11 schema governance,open,"Not all rows are reproduced runtime bugs; matrix intentionally includes confirmed defects, hardening risks, and missing hostile/conformance proofs."
AHD-0703,Medium,Conformance/test gap,Current deep static audit,"Schema, contract governance & generated artifacts",v11A Schema/Contract Gate,crates/aidens-cli/src/lib.rs,Schema docs/examples must not define semantics absent from Rust/reference behavior. Scope variant 2: apply to crates/aidens-cli/src/lib.rs and adjacent caller/callee surfaces.,Risk that generated schemas drift from Rust contracts or act as hidden law.,local scan: schema catalog is 1617 lines,"Gate generated schema changes with meta-validation, compatibility diffing, canonical digest identity, and migration receipts.","Gate generated schema changes with meta-validation, compatibility diffing, canonical digest identity, and migration receipts.",Phase 11 schema governance,open,"Not all rows are reproduced runtime bugs; matrix intentionally includes confirmed defects, hardening risks, and missing hostile/conformance proofs."
AHD-0704,High,Conformance/test gap,Current deep static audit,"Schema, contract governance & generated artifacts",v11A Schema/Contract Gate,crates/aidens-contracts/src/schema_catalog.rs,Boundary profiles need schema-id linkage into operator contracts. Scope variant 2: apply to crates/aidens-contracts/src/schema_catalog.rs and adjacent caller/callee surfaces.,Risk that generated schemas drift from Rust contracts or act as hidden law.,local scan: schemas directory has 65 JSON schemas; schema term count 1178,"Gate generated schema changes with meta-validation, compatibility diffing, canonical digest identity, and migration receipts.","Gate generated schema changes with meta-validation, compatibility diffing, canonical digest identity, and migration receipts.",Phase 11 schema governance,open,"Not all rows are reproduced runtime bugs; matrix intentionally includes confirmed defects, hardening risks, and missing hostile/conformance proofs."
AHD-0705,High,High-confidence hardening risk,Current deep static audit,"Schema, contract governance & generated artifacts",v11A Schema/Contract Gate,schemas/**/v1.schema.json,External/admitted schema families need quarantine defaults. Scope variant 2: apply to schemas/**/v1.schema.json and adjacent caller/callee surfaces.,Risk that generated schemas drift from Rust contracts or act as hidden law.,local scan: schema catalog is 1617 lines,"Gate generated schema changes with meta-validation, compatibility diffing, canonical digest identity, and migration receipts.","Gate generated schema changes with meta-validation, compatibility diffing, canonical digest identity, and migration receipts.",Phase 11 schema governance,open,"Not all rows are reproduced runtime bugs; matrix intentionally includes confirmed defects, hardening risks, and missing hostile/conformance proofs."
AHD-0706,Medium,Conformance/test gap,Current deep static audit,"Schema, contract governance & generated artifacts",v11A Schema/Contract Gate,crates/aidens-cli/src/lib.rs,Generated schemas may drift from Rust contracts without meta-validation and compatibility gates. Scope variant 3: apply to crates/aidens-cli/src/lib.rs and adjacent caller/callee surfaces.,Risk that generated schemas drift from Rust contracts or act as hidden law.,local scan: schemas directory has 65 JSON schemas; schema term count 1178,"Gate generated schema changes with meta-validation, compatibility diffing, canonical digest identity, and migration receipts.","Gate generated schema changes with meta-validation, compatibility diffing, canonical digest identity, and migration receipts.",Phase 11 schema governance,open,"Not all rows are reproduced runtime bugs; matrix intentionally includes confirmed defects, hardening risks, and missing hostile/conformance proofs."
AHD-0707,High,Conformance/test gap,Current deep static audit,"Schema, contract governance & generated artifacts",v11A Schema/Contract Gate,crates/aidens-contracts/src/schema_catalog.rs,Schema identity is not proven content-addressed across generation and packaging. Scope variant 3: apply to crates/aidens-contracts/src/schema_catalog.rs and adjacent caller/callee surfaces.,Risk that generated schemas drift from Rust contracts or act as hidden law.,local scan: schema catalog is 1617 lines,"Gate generated schema changes with meta-validation, compatibility diffing, canonical digest identity, and migration receipts.","Gate generated schema changes with meta-validation, compatibility diffing, canonical digest identity, and migration receipts.",Phase 11 schema governance,open,"Not all rows are reproduced runtime bugs; matrix intentionally includes confirmed defects, hardening risks, and missing hostile/conformance proofs."
AHD-0708,High,High-confidence hardening risk,Current deep static audit,"Schema, contract governance & generated artifacts",v11A Schema/Contract Gate,schemas/**/v1.schema.json,"Schema compatibility checks need major/minor migration semantics, not equality-only checks. Scope variant 3: apply to schemas/**/v1.schema.json and adjacent caller/callee surfaces.",Risk that generated schemas drift from Rust contracts or act as hidden law.,local scan: schemas directory has 65 JSON schemas; schema term count 1178,"Gate generated schema changes with meta-validation, compatibility diffing, canonical digest identity, and migration receipts.","Gate generated schema changes with meta-validation, compatibility diffing, canonical digest identity, and migration receipts.",Phase 11 schema governance,open,"Not all rows are reproduced runtime bugs; matrix intentionally includes confirmed defects, hardening risks, and missing hostile/conformance proofs."
AHD-0709,Medium,Conformance/test gap,Current deep static audit,"Schema, contract governance & generated artifacts",v11A Schema/Contract Gate,crates/aidens-cli/src/lib.rs,Generated schema catalog can become hidden law unless admitted through governance. Scope variant 3: apply to crates/aidens-cli/src/lib.rs and adjacent caller/callee surfaces.,Risk that generated schemas drift from Rust contracts or act as hidden law.,local scan: schema catalog is 1617 lines,"Gate generated schema changes with meta-validation, compatibility diffing, canonical digest identity, and migration receipts.","Gate generated schema changes with meta-validation, compatibility diffing, canonical digest identity, and migration receipts.",Phase 11 schema governance,open,"Not all rows are reproduced runtime bugs; matrix intentionally includes confirmed defects, hardening risks, and missing hostile/conformance proofs."
AHD-0710,High,Conformance/test gap,Current deep static audit,"Schema, contract governance & generated artifacts",v11A Schema/Contract Gate,crates/aidens-contracts/src/schema_catalog.rs,Schema fixtures need negative cases for incompatible changes and unknown families. Scope variant 3: apply to crates/aidens-contracts/src/schema_catalog.rs and adjacent caller/callee surfaces.,Risk that generated schemas drift from Rust contracts or act as hidden law.,local scan: schemas directory has 65 JSON schemas; schema term count 1178,"Gate generated schema changes with meta-validation, compatibility diffing, canonical digest identity, and migration receipts.","Gate generated schema changes with meta-validation, compatibility diffing, canonical digest identity, and migration receipts.",Phase 11 schema governance,open,"Not all rows are reproduced runtime bugs; matrix intentionally includes confirmed defects, hardening risks, and missing hostile/conformance proofs."
AHD-0711,High,High-confidence hardening risk,Current deep static audit,"Schema, contract governance & generated artifacts",v11A Schema/Contract Gate,schemas/**/v1.schema.json,Schema generation should be deterministic with reproducible manifests. Scope variant 3: apply to schemas/**/v1.schema.json and adjacent caller/callee surfaces.,Risk that generated schemas drift from Rust contracts or act as hidden law.,local scan: schema catalog is 1617 lines,"Gate generated schema changes with meta-validation, compatibility diffing, canonical digest identity, and migration receipts.","Gate generated schema changes with meta-validation, compatibility diffing, canonical digest identity, and migration receipts.",Phase 11 schema governance,open,"Not all rows are reproduced runtime bugs; matrix intentionally includes confirmed defects, hardening risks, and missing hostile/conformance proofs."
AHD-0712,Medium,Conformance/test gap,Current deep static audit,"Schema, contract governance & generated artifacts",v11A Schema/Contract Gate,crates/aidens-cli/src/lib.rs,Schema paths need collision and case-folding checks. Scope variant 3: apply to crates/aidens-cli/src/lib.rs and adjacent caller/callee surfaces.,Risk that generated schemas drift from Rust contracts or act as hidden law.,local scan: schemas directory has 65 JSON schemas; schema term count 1178,"Gate generated schema changes with meta-validation, compatibility diffing, canonical digest identity, and migration receipts.","Gate generated schema changes with meta-validation, compatibility diffing, canonical digest identity, and migration receipts.",Phase 11 schema governance,open,"Not all rows are reproduced runtime bugs; matrix intentionally includes confirmed defects, hardening risks, and missing hostile/conformance proofs."
AHD-0713,High,Conformance/test gap,Current deep static audit,"Schema, contract governance & generated artifacts",v11A Schema/Contract Gate,crates/aidens-contracts/src/schema_catalog.rs,Schema docs/examples must not define semantics absent from Rust/reference behavior. Scope variant 3: apply to crates/aidens-contracts/src/schema_catalog.rs and adjacent caller/callee surfaces.,Risk that generated schemas drift from Rust contracts or act as hidden law.,local scan: schema catalog is 1617 lines,"Gate generated schema changes with meta-validation, compatibility diffing, canonical digest identity, and migration receipts.","Gate generated schema changes with meta-validation, compatibility diffing, canonical digest identity, and migration receipts.",Phase 11 schema governance,open,"Not all rows are reproduced runtime bugs; matrix intentionally includes confirmed defects, hardening risks, and missing hostile/conformance proofs."
AHD-0714,High,High-confidence hardening risk,Current deep static audit,"Schema, contract governance & generated artifacts",v11A Schema/Contract Gate,schemas/**/v1.schema.json,Boundary profiles need schema-id linkage into operator contracts. Scope variant 3: apply to schemas/**/v1.schema.json and adjacent caller/callee surfaces.,Risk that generated schemas drift from Rust contracts or act as hidden law.,local scan: schemas directory has 65 JSON schemas; schema term count 1178,"Gate generated schema changes with meta-validation, compatibility diffing, canonical digest identity, and migration receipts.","Gate generated schema changes with meta-validation, compatibility diffing, canonical digest identity, and migration receipts.",Phase 11 schema governance,open,"Not all rows are reproduced runtime bugs; matrix intentionally includes confirmed defects, hardening risks, and missing hostile/conformance proofs."
AHD-0715,Medium,Conformance/test gap,Current deep static audit,"Schema, contract governance & generated artifacts",v11A Schema/Contract Gate,crates/aidens-cli/src/lib.rs,External/admitted schema families need quarantine defaults. Scope variant 3: apply to crates/aidens-cli/src/lib.rs and adjacent caller/callee surfaces.,Risk that generated schemas drift from Rust contracts or act as hidden law.,local scan: schema catalog is 1617 lines,"Gate generated schema changes with meta-validation, compatibility diffing, canonical digest identity, and migration receipts.","Gate generated schema changes with meta-validation, compatibility diffing, canonical digest identity, and migration receipts.",Phase 11 schema governance,open,"Not all rows are reproduced runtime bugs; matrix intentionally includes confirmed defects, hardening risks, and missing hostile/conformance proofs."
AHD-0716,High,Conformance/test gap,Current deep static audit,"Schema, contract governance & generated artifacts",v11A Schema/Contract Gate,crates/aidens-contracts/src/schema_catalog.rs,Generated schemas may drift from Rust contracts without meta-validation and compatibility gates. Scope variant 4: apply to crates/aidens-contracts/src/schema_catalog.rs and adjacent caller/callee surfaces.,Risk that generated schemas drift from Rust contracts or act as hidden law.,local scan: schemas directory has 65 JSON schemas; schema term count 1178,"Gate generated schema changes with meta-validation, compatibility diffing, canonical digest identity, and migration receipts.","Gate generated schema changes with meta-validation, compatibility diffing, canonical digest identity, and migration receipts.",Phase 11 schema governance,open,"Not all rows are reproduced runtime bugs; matrix intentionally includes confirmed defects, hardening risks, and missing hostile/conformance proofs."
AHD-0717,High,High-confidence hardening risk,Current deep static audit,"Schema, contract governance & generated artifacts",v11A Schema/Contract Gate,schemas/**/v1.schema.json,Schema identity is not proven content-addressed across generation and packaging. Scope variant 4: apply to schemas/**/v1.schema.json and adjacent caller/callee surfaces.,Risk that generated schemas drift from Rust contracts or act as hidden law.,local scan: schema catalog is 1617 lines,"Gate generated schema changes with meta-validation, compatibility diffing, canonical digest identity, and migration receipts.","Gate generated schema changes with meta-validation, compatibility diffing, canonical digest identity, and migration receipts.",Phase 11 schema governance,open,"Not all rows are reproduced runtime bugs; matrix intentionally includes confirmed defects, hardening risks, and missing hostile/conformance proofs."
AHD-0718,Medium,Conformance/test gap,Current deep static audit,"Schema, contract governance & generated artifacts",v11A Schema/Contract Gate,crates/aidens-cli/src/lib.rs,"Schema compatibility checks need major/minor migration semantics, not equality-only checks. Scope variant 4: apply to crates/aidens-cli/src/lib.rs and adjacent caller/callee surfaces.",Risk that generated schemas drift from Rust contracts or act as hidden law.,local scan: schemas directory has 65 JSON schemas; schema term count 1178,"Gate generated schema changes with meta-validation, compatibility diffing, canonical digest identity, and migration receipts.","Gate generated schema changes with meta-validation, compatibility diffing, canonical digest identity, and migration receipts.",Phase 11 schema governance,open,"Not all rows are reproduced runtime bugs; matrix intentionally includes confirmed defects, hardening risks, and missing hostile/conformance proofs."
AHD-0719,High,Conformance/test gap,Current deep static audit,"Schema, contract governance & generated artifacts",v11A Schema/Contract Gate,crates/aidens-contracts/src/schema_catalog.rs,Generated schema catalog can become hidden law unless admitted through governance. Scope variant 4: apply to crates/aidens-contracts/src/schema_catalog.rs and adjacent caller/callee surfaces.,Risk that generated schemas drift from Rust contracts or act as hidden law.,local scan: schema catalog is 1617 lines,"Gate generated schema changes with meta-validation, compatibility diffing, canonical digest identity, and migration receipts.","Gate generated schema changes with meta-validation, compatibility diffing, canonical digest identity, and migration receipts.",Phase 11 schema governance,open,"Not all rows are reproduced runtime bugs; matrix intentionally includes confirmed defects, hardening risks, and missing hostile/conformance proofs."
AHD-0720,High,High-confidence hardening risk,Current deep static audit,"Schema, contract governance & generated artifacts",v11A Schema/Contract Gate,schemas/**/v1.schema.json,Schema fixtures need negative cases for incompatible changes and unknown families. Scope variant 4: apply to schemas/**/v1.schema.json and adjacent caller/callee surfaces.,Risk that generated schemas drift from Rust contracts or act as hidden law.,local scan: schemas directory has 65 JSON schemas; schema term count 1178,"Gate generated schema changes with meta-validation, compatibility diffing, canonical digest identity, and migration receipts.","Gate generated schema changes with meta-validation, compatibility diffing, canonical digest identity, and migration receipts.",Phase 11 schema governance,open,"Not all rows are reproduced runtime bugs; matrix intentionally includes confirmed defects, hardening risks, and missing hostile/conformance proofs."
AHD-0721,Medium,Conformance/test gap,Current deep static audit,"Schema, contract governance & generated artifacts",v11A Schema/Contract Gate,crates/aidens-cli/src/lib.rs,Schema generation should be deterministic with reproducible manifests. Scope variant 4: apply to crates/aidens-cli/src/lib.rs and adjacent caller/callee surfaces.,Risk that generated schemas drift from Rust contracts or act as hidden law.,local scan: schema catalog is 1617 lines,"Gate generated schema changes with meta-validation, compatibility diffing, canonical digest identity, and migration receipts.","Gate generated schema changes with meta-validation, compatibility diffing, canonical digest identity, and migration receipts.",Phase 11 schema governance,open,"Not all rows are reproduced runtime bugs; matrix intentionally includes confirmed defects, hardening risks, and missing hostile/conformance proofs."
AHD-0722,High,Conformance/test gap,Current deep static audit,"Schema, contract governance & generated artifacts",v11A Schema/Contract Gate,crates/aidens-contracts/src/schema_catalog.rs,Schema paths need collision and case-folding checks. Scope variant 4: apply to crates/aidens-contracts/src/schema_catalog.rs and adjacent caller/callee surfaces.,Risk that generated schemas drift from Rust contracts or act as hidden law.,local scan: schemas directory has 65 JSON schemas; schema term count 1178,"Gate generated schema changes with meta-validation, compatibility diffing, canonical digest identity, and migration receipts.","Gate generated schema changes with meta-validation, compatibility diffing, canonical digest identity, and migration receipts.",Phase 11 schema governance,open,"Not all rows are reproduced runtime bugs; matrix intentionally includes confirmed defects, hardening risks, and missing hostile/conformance proofs."
AHD-0723,High,High-confidence hardening risk,Current deep static audit,"Schema, contract governance & generated artifacts",v11A Schema/Contract Gate,schemas/**/v1.schema.json,Schema docs/examples must not define semantics absent from Rust/reference behavior. Scope variant 4: apply to schemas/**/v1.schema.json and adjacent caller/callee surfaces.,Risk that generated schemas drift from Rust contracts or act as hidden law.,local scan: schema catalog is 1617 lines,"Gate generated schema changes with meta-validation, compatibility diffing, canonical digest identity, and migration receipts.","Gate generated schema changes with meta-validation, compatibility diffing, canonical digest identity, and migration receipts.",Phase 11 schema governance,open,"Not all rows are reproduced runtime bugs; matrix intentionally includes confirmed defects, hardening risks, and missing hostile/conformance proofs."
AHD-0724,Medium,Conformance/test gap,Current deep static audit,"Schema, contract governance & generated artifacts",v11A Schema/Contract Gate,crates/aidens-cli/src/lib.rs,Boundary profiles need schema-id linkage into operator contracts. Scope variant 4: apply to crates/aidens-cli/src/lib.rs and adjacent caller/callee surfaces.,Risk that generated schemas drift from Rust contracts or act as hidden law.,local scan: schemas directory has 65 JSON schemas; schema term count 1178,"Gate generated schema changes with meta-validation, compatibility diffing, canonical digest identity, and migration receipts.","Gate generated schema changes with meta-validation, compatibility diffing, canonical digest identity, and migration receipts.",Phase 11 schema governance,open,"Not all rows are reproduced runtime bugs; matrix intentionally includes confirmed defects, hardening risks, and missing hostile/conformance proofs."
AHD-0725,High,Conformance/test gap,Current deep static audit,"Schema, contract governance & generated artifacts",v11A Schema/Contract Gate,crates/aidens-contracts/src/schema_catalog.rs,External/admitted schema families need quarantine defaults. Scope variant 4: apply to crates/aidens-contracts/src/schema_catalog.rs and adjacent caller/callee surfaces.,Risk that generated schemas drift from Rust contracts or act as hidden law.,local scan: schema catalog is 1617 lines,"Gate generated schema changes with meta-validation, compatibility diffing, canonical digest identity, and migration receipts.","Gate generated schema changes with meta-validation, compatibility diffing, canonical digest identity, and migration receipts.",Phase 11 schema governance,open,"Not all rows are reproduced runtime bugs; matrix intentionally includes confirmed defects, hardening risks, and missing hostile/conformance proofs."
AHD-0726,High,High-confidence hardening risk,Current deep static audit,"Schema, contract governance & generated artifacts",v11A Schema/Contract Gate,schemas/**/v1.schema.json,Generated schemas may drift from Rust contracts without meta-validation and compatibility gates. Scope variant 5: apply to schemas/**/v1.schema.json and adjacent caller/callee surfaces.,Risk that generated schemas drift from Rust contracts or act as hidden law.,local scan: schemas directory has 65 JSON schemas; schema term count 1178,"Gate generated schema changes with meta-validation, compatibility diffing, canonical digest identity, and migration receipts.","Gate generated schema changes with meta-validation, compatibility diffing, canonical digest identity, and migration receipts.",Phase 11 schema governance,open,"Not all rows are reproduced runtime bugs; matrix intentionally includes confirmed defects, hardening risks, and missing hostile/conformance proofs."
AHD-0727,Medium,Conformance/test gap,Current deep static audit,"Schema, contract governance & generated artifacts",v11A Schema/Contract Gate,crates/aidens-cli/src/lib.rs,Schema identity is not proven content-addressed across generation and packaging. Scope variant 5: apply to crates/aidens-cli/src/lib.rs and adjacent caller/callee surfaces.,Risk that generated schemas drift from Rust contracts or act as hidden law.,local scan: schema catalog is 1617 lines,"Gate generated schema changes with meta-validation, compatibility diffing, canonical digest identity, and migration receipts.","Gate generated schema changes with meta-validation, compatibility diffing, canonical digest identity, and migration receipts.",Phase 11 schema governance,open,"Not all rows are reproduced runtime bugs; matrix intentionally includes confirmed defects, hardening risks, and missing hostile/conformance proofs."
AHD-0728,High,Conformance/test gap,Current deep static audit,"Schema, contract governance & generated artifacts",v11A Schema/Contract Gate,crates/aidens-contracts/src/schema_catalog.rs,"Schema compatibility checks need major/minor migration semantics, not equality-only checks. Scope variant 5: apply to crates/aidens-contracts/src/schema_catalog.rs and adjacent caller/callee surfaces.",Risk that generated schemas drift from Rust contracts or act as hidden law.,local scan: schemas directory has 65 JSON schemas; schema term count 1178,"Gate generated schema changes with meta-validation, compatibility diffing, canonical digest identity, and migration receipts.","Gate generated schema changes with meta-validation, compatibility diffing, canonical digest identity, and migration receipts.",Phase 11 schema governance,open,"Not all rows are reproduced runtime bugs; matrix intentionally includes confirmed defects, hardening risks, and missing hostile/conformance proofs."
AHD-0729,High,High-confidence hardening risk,Current deep static audit,"Schema, contract governance & generated artifacts",v11A Schema/Contract Gate,schemas/**/v1.schema.json,Generated schema catalog can become hidden law unless admitted through governance. Scope variant 5: apply to schemas/**/v1.schema.json and adjacent caller/callee surfaces.,Risk that generated schemas drift from Rust contracts or act as hidden law.,local scan: schema catalog is 1617 lines,"Gate generated schema changes with meta-validation, compatibility diffing, canonical digest identity, and migration receipts.","Gate generated schema changes with meta-validation, compatibility diffing, canonical digest identity, and migration receipts.",Phase 11 schema governance,open,"Not all rows are reproduced runtime bugs; matrix intentionally includes confirmed defects, hardening risks, and missing hostile/conformance proofs."
AHD-0730,Medium,Conformance/test gap,Current deep static audit,"Schema, contract governance & generated artifacts",v11A Schema/Contract Gate,crates/aidens-cli/src/lib.rs,Schema fixtures need negative cases for incompatible changes and unknown families. Scope variant 5: apply to crates/aidens-cli/src/lib.rs and adjacent caller/callee surfaces.,Risk that generated schemas drift from Rust contracts or act as hidden law.,local scan: schemas directory has 65 JSON schemas; schema term count 1178,"Gate generated schema changes with meta-validation, compatibility diffing, canonical digest identity, and migration receipts.","Gate generated schema changes with meta-validation, compatibility diffing, canonical digest identity, and migration receipts.",Phase 11 schema governance,open,"Not all rows are reproduced runtime bugs; matrix intentionally includes confirmed defects, hardening risks, and missing hostile/conformance proofs."
AHD-0731,High,Conformance/test gap,Current deep static audit,"Schema, contract governance & generated artifacts",v11A Schema/Contract Gate,crates/aidens-contracts/src/schema_catalog.rs,Schema generation should be deterministic with reproducible manifests. Scope variant 5: apply to crates/aidens-contracts/src/schema_catalog.rs and adjacent caller/callee surfaces.,Risk that generated schemas drift from Rust contracts or act as hidden law.,local scan: schema catalog is 1617 lines,"Gate generated schema changes with meta-validation, compatibility diffing, canonical digest identity, and migration receipts.","Gate generated schema changes with meta-validation, compatibility diffing, canonical digest identity, and migration receipts.",Phase 11 schema governance,open,"Not all rows are reproduced runtime bugs; matrix intentionally includes confirmed defects, hardening risks, and missing hostile/conformance proofs."
AHD-0732,High,High-confidence hardening risk,Current deep static audit,"Schema, contract governance & generated artifacts",v11A Schema/Contract Gate,schemas/**/v1.schema.json,Schema paths need collision and case-folding checks. Scope variant 5: apply to schemas/**/v1.schema.json and adjacent caller/callee surfaces.,Risk that generated schemas drift from Rust contracts or act as hidden law.,local scan: schemas directory has 65 JSON schemas; schema term count 1178,"Gate generated schema changes with meta-validation, compatibility diffing, canonical digest identity, and migration receipts.","Gate generated schema changes with meta-validation, compatibility diffing, canonical digest identity, and migration receipts.",Phase 11 schema governance,open,"Not all rows are reproduced runtime bugs; matrix intentionally includes confirmed defects, hardening risks, and missing hostile/conformance proofs."
AHD-0733,Medium,Conformance/test gap,Current deep static audit,"Schema, contract governance & generated artifacts",v11A Schema/Contract Gate,crates/aidens-cli/src/lib.rs,Schema docs/examples must not define semantics absent from Rust/reference behavior. Scope variant 5: apply to crates/aidens-cli/src/lib.rs and adjacent caller/callee surfaces.,Risk that generated schemas drift from Rust contracts or act as hidden law.,local scan: schema catalog is 1617 lines,"Gate generated schema changes with meta-validation, compatibility diffing, canonical digest identity, and migration receipts.","Gate generated schema changes with meta-validation, compatibility diffing, canonical digest identity, and migration receipts.",Phase 11 schema governance,open,"Not all rows are reproduced runtime bugs; matrix intentionally includes confirmed defects, hardening risks, and missing hostile/conformance proofs."
AHD-0734,High,Conformance/test gap,Current deep static audit,"Schema, contract governance & generated artifacts",v11A Schema/Contract Gate,crates/aidens-contracts/src/schema_catalog.rs,Boundary profiles need schema-id linkage into operator contracts. Scope variant 5: apply to crates/aidens-contracts/src/schema_catalog.rs and adjacent caller/callee surfaces.,Risk that generated schemas drift from Rust contracts or act as hidden law.,local scan: schemas directory has 65 JSON schemas; schema term count 1178,"Gate generated schema changes with meta-validation, compatibility diffing, canonical digest identity, and migration receipts.","Gate generated schema changes with meta-validation, compatibility diffing, canonical digest identity, and migration receipts.",Phase 11 schema governance,open,"Not all rows are reproduced runtime bugs; matrix intentionally includes confirmed defects, hardening risks, and missing hostile/conformance proofs."
AHD-0735,High,High-confidence hardening risk,Current deep static audit,"Schema, contract governance & generated artifacts",v11A Schema/Contract Gate,schemas/**/v1.schema.json,External/admitted schema families need quarantine defaults. Scope variant 5: apply to schemas/**/v1.schema.json and adjacent caller/callee surfaces.,Risk that generated schemas drift from Rust contracts or act as hidden law.,local scan: schema catalog is 1617 lines,"Gate generated schema changes with meta-validation, compatibility diffing, canonical digest identity, and migration receipts.","Gate generated schema changes with meta-validation, compatibility diffing, canonical digest identity, and migration receipts.",Phase 11 schema governance,open,"Not all rows are reproduced runtime bugs; matrix intentionally includes confirmed defects, hardening risks, and missing hostile/conformance proofs."
AHD-0736,Critical,Conformance/test gap,Current deep static audit,Artifact lifecycle & operator effect system,v11A Artifact Lifecycle / Operator Effects,crates/aidens-contracts/src/artifact.rs,Material artifact lifecycle transitions need explicit transition receipts for every path.,Risk that material transitions lack lifecycle receipts or effect enforcement.,v11A requires material operations as typed receipt-bearing transitions,Enforce OperatorContract effect sets and artifact lifecycle transition receipts for all material paths.,Enforce OperatorContract effect sets and artifact lifecycle transition receipts for all material paths.,Phase 12 artifact lifecycle/effect enforcement,open,"Not all rows are reproduced runtime bugs; matrix intentionally includes confirmed defects, hardening risks, and missing hostile/conformance proofs."
AHD-0737,High,High-confidence hardening risk,Current deep static audit,Artifact lifecycle & operator effect system,v11A Artifact Lifecycle / Operator Effects,crates/aidens-contracts/src/operator.rs,Operator contracts must block effects absent from the declared effect set.,Risk that material transitions lack lifecycle receipts or effect enforcement.,local scan: artifact/operator contracts exist but effect enforcement fixtures incomplete,Enforce OperatorContract effect sets and artifact lifecycle transition receipts for all material paths.,Enforce OperatorContract effect sets and artifact lifecycle transition receipts for all material paths.,Phase 12 artifact lifecycle/effect enforcement,open,"Not all rows are reproduced runtime bugs; matrix intentionally includes confirmed defects, hardening risks, and missing hostile/conformance proofs."
AHD-0738,Medium,Conformance/test gap,Current deep static audit,Artifact lifecycle & operator effect system,v11A Artifact Lifecycle / Operator Effects,crates/aidens-runner/src/lib.rs,Output manifests are not proven mandatory for every material operation.,Risk that material transitions lack lifecycle receipts or effect enforcement.,v11A requires material operations as typed receipt-bearing transitions,Enforce OperatorContract effect sets and artifact lifecycle transition receipts for all material paths.,Enforce OperatorContract effect sets and artifact lifecycle transition receipts for all material paths.,Phase 12 artifact lifecycle/effect enforcement,open,"Not all rows are reproduced runtime bugs; matrix intentionally includes confirmed defects, hardening risks, and missing hostile/conformance proofs."
AHD-0739,Critical,Conformance/test gap,Current deep static audit,Artifact lifecycle & operator effect system,v11A Artifact Lifecycle / Operator Effects,crates/aidens-contracts/src/artifact.rs,Input manifests need missing/opaque-ref semantics with degradation records.,Risk that material transitions lack lifecycle receipts or effect enforcement.,local scan: artifact/operator contracts exist but effect enforcement fixtures incomplete,Enforce OperatorContract effect sets and artifact lifecycle transition receipts for all material paths.,Enforce OperatorContract effect sets and artifact lifecycle transition receipts for all material paths.,Phase 12 artifact lifecycle/effect enforcement,open,"Not all rows are reproduced runtime bugs; matrix intentionally includes confirmed defects, hardening risks, and missing hostile/conformance proofs."
AHD-0740,High,High-confidence hardening risk,Current deep static audit,Artifact lifecycle & operator effect system,v11A Artifact Lifecycle / Operator Effects,crates/aidens-contracts/src/operator.rs,"Promotion eligibility rules need executable enforcement, not only contract fields.",Risk that material transitions lack lifecycle receipts or effect enforcement.,v11A requires material operations as typed receipt-bearing transitions,Enforce OperatorContract effect sets and artifact lifecycle transition receipts for all material paths.,Enforce OperatorContract effect sets and artifact lifecycle transition receipts for all material paths.,Phase 12 artifact lifecycle/effect enforcement,open,"Not all rows are reproduced runtime bugs; matrix intentionally includes confirmed defects, hardening risks, and missing hostile/conformance proofs."
AHD-0741,Medium,Conformance/test gap,Current deep static audit,Artifact lifecycle & operator effect system,v11A Artifact Lifecycle / Operator Effects,crates/aidens-runner/src/lib.rs,Effect system needs hostile tests for undeclared write/repair/subtraction/promotion effects.,Risk that material transitions lack lifecycle receipts or effect enforcement.,local scan: artifact/operator contracts exist but effect enforcement fixtures incomplete,Enforce OperatorContract effect sets and artifact lifecycle transition receipts for all material paths.,Enforce OperatorContract effect sets and artifact lifecycle transition receipts for all material paths.,Phase 12 artifact lifecycle/effect enforcement,open,"Not all rows are reproduced runtime bugs; matrix intentionally includes confirmed defects, hardening risks, and missing hostile/conformance proofs."
AHD-0742,Critical,Conformance/test gap,Current deep static audit,Artifact lifecycle & operator effect system,v11A Artifact Lifecycle / Operator Effects,crates/aidens-contracts/src/artifact.rs,"Lifecycle state transitions need previous/new state, actor, time, and backpointers.",Risk that material transitions lack lifecycle receipts or effect enforcement.,v11A requires material operations as typed receipt-bearing transitions,Enforce OperatorContract effect sets and artifact lifecycle transition receipts for all material paths.,Enforce OperatorContract effect sets and artifact lifecycle transition receipts for all material paths.,Phase 12 artifact lifecycle/effect enforcement,open,"Not all rows are reproduced runtime bugs; matrix intentionally includes confirmed defects, hardening risks, and missing hostile/conformance proofs."
AHD-0743,High,High-confidence hardening risk,Current deep static audit,Artifact lifecycle & operator effect system,v11A Artifact Lifecycle / Operator Effects,crates/aidens-contracts/src/operator.rs,Artifact retirement/subtraction must preserve historical query semantics.,Risk that material transitions lack lifecycle receipts or effect enforcement.,local scan: artifact/operator contracts exist but effect enforcement fixtures incomplete,Enforce OperatorContract effect sets and artifact lifecycle transition receipts for all material paths.,Enforce OperatorContract effect sets and artifact lifecycle transition receipts for all material paths.,Phase 12 artifact lifecycle/effect enforcement,open,"Not all rows are reproduced runtime bugs; matrix intentionally includes confirmed defects, hardening risks, and missing hostile/conformance proofs."
AHD-0744,Medium,Conformance/test gap,Current deep static audit,Artifact lifecycle & operator effect system,v11A Artifact Lifecycle / Operator Effects,crates/aidens-runner/src/lib.rs,Operator failure taxonomy should be finite and release-gated.,Risk that material transitions lack lifecycle receipts or effect enforcement.,v11A requires material operations as typed receipt-bearing transitions,Enforce OperatorContract effect sets and artifact lifecycle transition receipts for all material paths.,Enforce OperatorContract effect sets and artifact lifecycle transition receipts for all material paths.,Phase 12 artifact lifecycle/effect enforcement,open,"Not all rows are reproduced runtime bugs; matrix intentionally includes confirmed defects, hardening risks, and missing hostile/conformance proofs."
AHD-0745,Critical,Conformance/test gap,Current deep static audit,Artifact lifecycle & operator effect system,v11A Artifact Lifecycle / Operator Effects,crates/aidens-contracts/src/artifact.rs,"External admission, user agency, and future scheduling effects need explicit hooks even if reserved.",Risk that material transitions lack lifecycle receipts or effect enforcement.,local scan: artifact/operator contracts exist but effect enforcement fixtures incomplete,Enforce OperatorContract effect sets and artifact lifecycle transition receipts for all material paths.,Enforce OperatorContract effect sets and artifact lifecycle transition receipts for all material paths.,Phase 12 artifact lifecycle/effect enforcement,open,"Not all rows are reproduced runtime bugs; matrix intentionally includes confirmed defects, hardening risks, and missing hostile/conformance proofs."
AHD-0746,High,High-confidence hardening risk,Current deep static audit,Artifact lifecycle & operator effect system,v11A Artifact Lifecycle / Operator Effects,crates/aidens-contracts/src/operator.rs,Material artifact lifecycle transitions need explicit transition receipts for every path. Scope variant 2: apply to crates/aidens-contracts/src/operator.rs and adjacent caller/callee surfaces.,Risk that material transitions lack lifecycle receipts or effect enforcement.,v11A requires material operations as typed receipt-bearing transitions,Enforce OperatorContract effect sets and artifact lifecycle transition receipts for all material paths.,Enforce OperatorContract effect sets and artifact lifecycle transition receipts for all material paths.,Phase 12 artifact lifecycle/effect enforcement,open,"Not all rows are reproduced runtime bugs; matrix intentionally includes confirmed defects, hardening risks, and missing hostile/conformance proofs."
AHD-0747,Medium,Conformance/test gap,Current deep static audit,Artifact lifecycle & operator effect system,v11A Artifact Lifecycle / Operator Effects,crates/aidens-runner/src/lib.rs,Operator contracts must block effects absent from the declared effect set. Scope variant 2: apply to crates/aidens-runner/src/lib.rs and adjacent caller/callee surfaces.,Risk that material transitions lack lifecycle receipts or effect enforcement.,local scan: artifact/operator contracts exist but effect enforcement fixtures incomplete,Enforce OperatorContract effect sets and artifact lifecycle transition receipts for all material paths.,Enforce OperatorContract effect sets and artifact lifecycle transition receipts for all material paths.,Phase 12 artifact lifecycle/effect enforcement,open,"Not all rows are reproduced runtime bugs; matrix intentionally includes confirmed defects, hardening risks, and missing hostile/conformance proofs."
AHD-0748,Critical,Conformance/test gap,Current deep static audit,Artifact lifecycle & operator effect system,v11A Artifact Lifecycle / Operator Effects,crates/aidens-contracts/src/artifact.rs,Output manifests are not proven mandatory for every material operation. Scope variant 2: apply to crates/aidens-contracts/src/artifact.rs and adjacent caller/callee surfaces.,Risk that material transitions lack lifecycle receipts or effect enforcement.,v11A requires material operations as typed receipt-bearing transitions,Enforce OperatorContract effect sets and artifact lifecycle transition receipts for all material paths.,Enforce OperatorContract effect sets and artifact lifecycle transition receipts for all material paths.,Phase 12 artifact lifecycle/effect enforcement,open,"Not all rows are reproduced runtime bugs; matrix intentionally includes confirmed defects, hardening risks, and missing hostile/conformance proofs."
AHD-0749,High,High-confidence hardening risk,Current deep static audit,Artifact lifecycle & operator effect system,v11A Artifact Lifecycle / Operator Effects,crates/aidens-contracts/src/operator.rs,Input manifests need missing/opaque-ref semantics with degradation records. Scope variant 2: apply to crates/aidens-contracts/src/operator.rs and adjacent caller/callee surfaces.,Risk that material transitions lack lifecycle receipts or effect enforcement.,local scan: artifact/operator contracts exist but effect enforcement fixtures incomplete,Enforce OperatorContract effect sets and artifact lifecycle transition receipts for all material paths.,Enforce OperatorContract effect sets and artifact lifecycle transition receipts for all material paths.,Phase 12 artifact lifecycle/effect enforcement,open,"Not all rows are reproduced runtime bugs; matrix intentionally includes confirmed defects, hardening risks, and missing hostile/conformance proofs."
AHD-0750,Medium,Conformance/test gap,Current deep static audit,Artifact lifecycle & operator effect system,v11A Artifact Lifecycle / Operator Effects,crates/aidens-runner/src/lib.rs,"Promotion eligibility rules need executable enforcement, not only contract fields. Scope variant 2: apply to crates/aidens-runner/src/lib.rs and adjacent caller/callee surfaces.",Risk that material transitions lack lifecycle receipts or effect enforcement.,v11A requires material operations as typed receipt-bearing transitions,Enforce OperatorContract effect sets and artifact lifecycle transition receipts for all material paths.,Enforce OperatorContract effect sets and artifact lifecycle transition receipts for all material paths.,Phase 12 artifact lifecycle/effect enforcement,open,"Not all rows are reproduced runtime bugs; matrix intentionally includes confirmed defects, hardening risks, and missing hostile/conformance proofs."
AHD-0751,Critical,Conformance/test gap,Current deep static audit,Artifact lifecycle & operator effect system,v11A Artifact Lifecycle / Operator Effects,crates/aidens-contracts/src/artifact.rs,Effect system needs hostile tests for undeclared write/repair/subtraction/promotion effects. Scope variant 2: apply to crates/aidens-contracts/src/artifact.rs and adjacent caller/callee surfaces.,Risk that material transitions lack lifecycle receipts or effect enforcement.,local scan: artifact/operator contracts exist but effect enforcement fixtures incomplete,Enforce OperatorContract effect sets and artifact lifecycle transition receipts for all material paths.,Enforce OperatorContract effect sets and artifact lifecycle transition receipts for all material paths.,Phase 12 artifact lifecycle/effect enforcement,open,"Not all rows are reproduced runtime bugs; matrix intentionally includes confirmed defects, hardening risks, and missing hostile/conformance proofs."
AHD-0752,High,High-confidence hardening risk,Current deep static audit,Artifact lifecycle & operator effect system,v11A Artifact Lifecycle / Operator Effects,crates/aidens-contracts/src/operator.rs,"Lifecycle state transitions need previous/new state, actor, time, and backpointers. Scope variant 2: apply to crates/aidens-contracts/src/operator.rs and adjacent caller/callee surfaces.",Risk that material transitions lack lifecycle receipts or effect enforcement.,v11A requires material operations as typed receipt-bearing transitions,Enforce OperatorContract effect sets and artifact lifecycle transition receipts for all material paths.,Enforce OperatorContract effect sets and artifact lifecycle transition receipts for all material paths.,Phase 12 artifact lifecycle/effect enforcement,open,"Not all rows are reproduced runtime bugs; matrix intentionally includes confirmed defects, hardening risks, and missing hostile/conformance proofs."
AHD-0753,Medium,Conformance/test gap,Current deep static audit,Artifact lifecycle & operator effect system,v11A Artifact Lifecycle / Operator Effects,crates/aidens-runner/src/lib.rs,Artifact retirement/subtraction must preserve historical query semantics. Scope variant 2: apply to crates/aidens-runner/src/lib.rs and adjacent caller/callee surfaces.,Risk that material transitions lack lifecycle receipts or effect enforcement.,local scan: artifact/operator contracts exist but effect enforcement fixtures incomplete,Enforce OperatorContract effect sets and artifact lifecycle transition receipts for all material paths.,Enforce OperatorContract effect sets and artifact lifecycle transition receipts for all material paths.,Phase 12 artifact lifecycle/effect enforcement,open,"Not all rows are reproduced runtime bugs; matrix intentionally includes confirmed defects, hardening risks, and missing hostile/conformance proofs."
AHD-0754,Critical,Conformance/test gap,Current deep static audit,Artifact lifecycle & operator effect system,v11A Artifact Lifecycle / Operator Effects,crates/aidens-contracts/src/artifact.rs,Operator failure taxonomy should be finite and release-gated. Scope variant 2: apply to crates/aidens-contracts/src/artifact.rs and adjacent caller/callee surfaces.,Risk that material transitions lack lifecycle receipts or effect enforcement.,v11A requires material operations as typed receipt-bearing transitions,Enforce OperatorContract effect sets and artifact lifecycle transition receipts for all material paths.,Enforce OperatorContract effect sets and artifact lifecycle transition receipts for all material paths.,Phase 12 artifact lifecycle/effect enforcement,open,"Not all rows are reproduced runtime bugs; matrix intentionally includes confirmed defects, hardening risks, and missing hostile/conformance proofs."
AHD-0755,High,High-confidence hardening risk,Current deep static audit,Artifact lifecycle & operator effect system,v11A Artifact Lifecycle / Operator Effects,crates/aidens-contracts/src/operator.rs,"External admission, user agency, and future scheduling effects need explicit hooks even if reserved. Scope variant 2: apply to crates/aidens-contracts/src/operator.rs and adjacent caller/callee surfaces.",Risk that material transitions lack lifecycle receipts or effect enforcement.,local scan: artifact/operator contracts exist but effect enforcement fixtures incomplete,Enforce OperatorContract effect sets and artifact lifecycle transition receipts for all material paths.,Enforce OperatorContract effect sets and artifact lifecycle transition receipts for all material paths.,Phase 12 artifact lifecycle/effect enforcement,open,"Not all rows are reproduced runtime bugs; matrix intentionally includes confirmed defects, hardening risks, and missing hostile/conformance proofs."
AHD-0756,Medium,Conformance/test gap,Current deep static audit,Artifact lifecycle & operator effect system,v11A Artifact Lifecycle / Operator Effects,crates/aidens-runner/src/lib.rs,Material artifact lifecycle transitions need explicit transition receipts for every path. Scope variant 3: apply to crates/aidens-runner/src/lib.rs and adjacent caller/callee surfaces.,Risk that material transitions lack lifecycle receipts or effect enforcement.,v11A requires material operations as typed receipt-bearing transitions,Enforce OperatorContract effect sets and artifact lifecycle transition receipts for all material paths.,Enforce OperatorContract effect sets and artifact lifecycle transition receipts for all material paths.,Phase 12 artifact lifecycle/effect enforcement,open,"Not all rows are reproduced runtime bugs; matrix intentionally includes confirmed defects, hardening risks, and missing hostile/conformance proofs."
AHD-0757,Critical,Conformance/test gap,Current deep static audit,Artifact lifecycle & operator effect system,v11A Artifact Lifecycle / Operator Effects,crates/aidens-contracts/src/artifact.rs,Operator contracts must block effects absent from the declared effect set. Scope variant 3: apply to crates/aidens-contracts/src/artifact.rs and adjacent caller/callee surfaces.,Risk that material transitions lack lifecycle receipts or effect enforcement.,local scan: artifact/operator contracts exist but effect enforcement fixtures incomplete,Enforce OperatorContract effect sets and artifact lifecycle transition receipts for all material paths.,Enforce OperatorContract effect sets and artifact lifecycle transition receipts for all material paths.,Phase 12 artifact lifecycle/effect enforcement,open,"Not all rows are reproduced runtime bugs; matrix intentionally includes confirmed defects, hardening risks, and missing hostile/conformance proofs."
AHD-0758,High,High-confidence hardening risk,Current deep static audit,Artifact lifecycle & operator effect system,v11A Artifact Lifecycle / Operator Effects,crates/aidens-contracts/src/operator.rs,Output manifests are not proven mandatory for every material operation. Scope variant 3: apply to crates/aidens-contracts/src/operator.rs and adjacent caller/callee surfaces.,Risk that material transitions lack lifecycle receipts or effect enforcement.,v11A requires material operations as typed receipt-bearing transitions,Enforce OperatorContract effect sets and artifact lifecycle transition receipts for all material paths.,Enforce OperatorContract effect sets and artifact lifecycle transition receipts for all material paths.,Phase 12 artifact lifecycle/effect enforcement,open,"Not all rows are reproduced runtime bugs; matrix intentionally includes confirmed defects, hardening risks, and missing hostile/conformance proofs."
AHD-0759,Medium,Conformance/test gap,Current deep static audit,Artifact lifecycle & operator effect system,v11A Artifact Lifecycle / Operator Effects,crates/aidens-runner/src/lib.rs,Input manifests need missing/opaque-ref semantics with degradation records. Scope variant 3: apply to crates/aidens-runner/src/lib.rs and adjacent caller/callee surfaces.,Risk that material transitions lack lifecycle receipts or effect enforcement.,local scan: artifact/operator contracts exist but effect enforcement fixtures incomplete,Enforce OperatorContract effect sets and artifact lifecycle transition receipts for all material paths.,Enforce OperatorContract effect sets and artifact lifecycle transition receipts for all material paths.,Phase 12 artifact lifecycle/effect enforcement,open,"Not all rows are reproduced runtime bugs; matrix intentionally includes confirmed defects, hardening risks, and missing hostile/conformance proofs."
AHD-0760,Critical,Conformance/test gap,Current deep static audit,Artifact lifecycle & operator effect system,v11A Artifact Lifecycle / Operator Effects,crates/aidens-contracts/src/artifact.rs,"Promotion eligibility rules need executable enforcement, not only contract fields. Scope variant 3: apply to crates/aidens-contracts/src/artifact.rs and adjacent caller/callee surfaces.",Risk that material transitions lack lifecycle receipts or effect enforcement.,v11A requires material operations as typed receipt-bearing transitions,Enforce OperatorContract effect sets and artifact lifecycle transition receipts for all material paths.,Enforce OperatorContract effect sets and artifact lifecycle transition receipts for all material paths.,Phase 12 artifact lifecycle/effect enforcement,open,"Not all rows are reproduced runtime bugs; matrix intentionally includes confirmed defects, hardening risks, and missing hostile/conformance proofs."
AHD-0761,High,High-confidence hardening risk,Current deep static audit,Artifact lifecycle & operator effect system,v11A Artifact Lifecycle / Operator Effects,crates/aidens-contracts/src/operator.rs,Effect system needs hostile tests for undeclared write/repair/subtraction/promotion effects. Scope variant 3: apply to crates/aidens-contracts/src/operator.rs and adjacent caller/callee surfaces.,Risk that material transitions lack lifecycle receipts or effect enforcement.,local scan: artifact/operator contracts exist but effect enforcement fixtures incomplete,Enforce OperatorContract effect sets and artifact lifecycle transition receipts for all material paths.,Enforce OperatorContract effect sets and artifact lifecycle transition receipts for all material paths.,Phase 12 artifact lifecycle/effect enforcement,open,"Not all rows are reproduced runtime bugs; matrix intentionally includes confirmed defects, hardening risks, and missing hostile/conformance proofs."
AHD-0762,Medium,Conformance/test gap,Current deep static audit,Artifact lifecycle & operator effect system,v11A Artifact Lifecycle / Operator Effects,crates/aidens-runner/src/lib.rs,"Lifecycle state transitions need previous/new state, actor, time, and backpointers. Scope variant 3: apply to crates/aidens-runner/src/lib.rs and adjacent caller/callee surfaces.",Risk that material transitions lack lifecycle receipts or effect enforcement.,v11A requires material operations as typed receipt-bearing transitions,Enforce OperatorContract effect sets and artifact lifecycle transition receipts for all material paths.,Enforce OperatorContract effect sets and artifact lifecycle transition receipts for all material paths.,Phase 12 artifact lifecycle/effect enforcement,open,"Not all rows are reproduced runtime bugs; matrix intentionally includes confirmed defects, hardening risks, and missing hostile/conformance proofs."
AHD-0763,Critical,Conformance/test gap,Current deep static audit,Artifact lifecycle & operator effect system,v11A Artifact Lifecycle / Operator Effects,crates/aidens-contracts/src/artifact.rs,Artifact retirement/subtraction must preserve historical query semantics. Scope variant 3: apply to crates/aidens-contracts/src/artifact.rs and adjacent caller/callee surfaces.,Risk that material transitions lack lifecycle receipts or effect enforcement.,local scan: artifact/operator contracts exist but effect enforcement fixtures incomplete,Enforce OperatorContract effect sets and artifact lifecycle transition receipts for all material paths.,Enforce OperatorContract effect sets and artifact lifecycle transition receipts for all material paths.,Phase 12 artifact lifecycle/effect enforcement,open,"Not all rows are reproduced runtime bugs; matrix intentionally includes confirmed defects, hardening risks, and missing hostile/conformance proofs."
AHD-0764,High,High-confidence hardening risk,Current deep static audit,Artifact lifecycle & operator effect system,v11A Artifact Lifecycle / Operator Effects,crates/aidens-contracts/src/operator.rs,Operator failure taxonomy should be finite and release-gated. Scope variant 3: apply to crates/aidens-contracts/src/operator.rs and adjacent caller/callee surfaces.,Risk that material transitions lack lifecycle receipts or effect enforcement.,v11A requires material operations as typed receipt-bearing transitions,Enforce OperatorContract effect sets and artifact lifecycle transition receipts for all material paths.,Enforce OperatorContract effect sets and artifact lifecycle transition receipts for all material paths.,Phase 12 artifact lifecycle/effect enforcement,open,"Not all rows are reproduced runtime bugs; matrix intentionally includes confirmed defects, hardening risks, and missing hostile/conformance proofs."
AHD-0765,Medium,Conformance/test gap,Current deep static audit,Artifact lifecycle & operator effect system,v11A Artifact Lifecycle / Operator Effects,crates/aidens-runner/src/lib.rs,"External admission, user agency, and future scheduling effects need explicit hooks even if reserved. Scope variant 3: apply to crates/aidens-runner/src/lib.rs and adjacent caller/callee surfaces.",Risk that material transitions lack lifecycle receipts or effect enforcement.,local scan: artifact/operator contracts exist but effect enforcement fixtures incomplete,Enforce OperatorContract effect sets and artifact lifecycle transition receipts for all material paths.,Enforce OperatorContract effect sets and artifact lifecycle transition receipts for all material paths.,Phase 12 artifact lifecycle/effect enforcement,open,"Not all rows are reproduced runtime bugs; matrix intentionally includes confirmed defects, hardening risks, and missing hostile/conformance proofs."
AHD-0766,Critical,Conformance/test gap,Current deep static audit,Artifact lifecycle & operator effect system,v11A Artifact Lifecycle / Operator Effects,crates/aidens-contracts/src/artifact.rs,Material artifact lifecycle transitions need explicit transition receipts for every path. Scope variant 4: apply to crates/aidens-contracts/src/artifact.rs and adjacent caller/callee surfaces.,Risk that material transitions lack lifecycle receipts or effect enforcement.,v11A requires material operations as typed receipt-bearing transitions,Enforce OperatorContract effect sets and artifact lifecycle transition receipts for all material paths.,Enforce OperatorContract effect sets and artifact lifecycle transition receipts for all material paths.,Phase 12 artifact lifecycle/effect enforcement,open,"Not all rows are reproduced runtime bugs; matrix intentionally includes confirmed defects, hardening risks, and missing hostile/conformance proofs."
AHD-0767,High,High-confidence hardening risk,Current deep static audit,Artifact lifecycle & operator effect system,v11A Artifact Lifecycle / Operator Effects,crates/aidens-contracts/src/operator.rs,Operator contracts must block effects absent from the declared effect set. Scope variant 4: apply to crates/aidens-contracts/src/operator.rs and adjacent caller/callee surfaces.,Risk that material transitions lack lifecycle receipts or effect enforcement.,local scan: artifact/operator contracts exist but effect enforcement fixtures incomplete,Enforce OperatorContract effect sets and artifact lifecycle transition receipts for all material paths.,Enforce OperatorContract effect sets and artifact lifecycle transition receipts for all material paths.,Phase 12 artifact lifecycle/effect enforcement,open,"Not all rows are reproduced runtime bugs; matrix intentionally includes confirmed defects, hardening risks, and missing hostile/conformance proofs."
AHD-0768,Medium,Conformance/test gap,Current deep static audit,Artifact lifecycle & operator effect system,v11A Artifact Lifecycle / Operator Effects,crates/aidens-runner/src/lib.rs,Output manifests are not proven mandatory for every material operation. Scope variant 4: apply to crates/aidens-runner/src/lib.rs and adjacent caller/callee surfaces.,Risk that material transitions lack lifecycle receipts or effect enforcement.,v11A requires material operations as typed receipt-bearing transitions,Enforce OperatorContract effect sets and artifact lifecycle transition receipts for all material paths.,Enforce OperatorContract effect sets and artifact lifecycle transition receipts for all material paths.,Phase 12 artifact lifecycle/effect enforcement,open,"Not all rows are reproduced runtime bugs; matrix intentionally includes confirmed defects, hardening risks, and missing hostile/conformance proofs."
AHD-0769,Critical,Conformance/test gap,Current deep static audit,Artifact lifecycle & operator effect system,v11A Artifact Lifecycle / Operator Effects,crates/aidens-contracts/src/artifact.rs,Input manifests need missing/opaque-ref semantics with degradation records. Scope variant 4: apply to crates/aidens-contracts/src/artifact.rs and adjacent caller/callee surfaces.,Risk that material transitions lack lifecycle receipts or effect enforcement.,local scan: artifact/operator contracts exist but effect enforcement fixtures incomplete,Enforce OperatorContract effect sets and artifact lifecycle transition receipts for all material paths.,Enforce OperatorContract effect sets and artifact lifecycle transition receipts for all material paths.,Phase 12 artifact lifecycle/effect enforcement,open,"Not all rows are reproduced runtime bugs; matrix intentionally includes confirmed defects, hardening risks, and missing hostile/conformance proofs."
AHD-0770,High,High-confidence hardening risk,Current deep static audit,Artifact lifecycle & operator effect system,v11A Artifact Lifecycle / Operator Effects,crates/aidens-contracts/src/operator.rs,"Promotion eligibility rules need executable enforcement, not only contract fields. Scope variant 4: apply to crates/aidens-contracts/src/operator.rs and adjacent caller/callee surfaces.",Risk that material transitions lack lifecycle receipts or effect enforcement.,v11A requires material operations as typed receipt-bearing transitions,Enforce OperatorContract effect sets and artifact lifecycle transition receipts for all material paths.,Enforce OperatorContract effect sets and artifact lifecycle transition receipts for all material paths.,Phase 12 artifact lifecycle/effect enforcement,open,"Not all rows are reproduced runtime bugs; matrix intentionally includes confirmed defects, hardening risks, and missing hostile/conformance proofs."
AHD-0771,Medium,Conformance/test gap,Current deep static audit,Artifact lifecycle & operator effect system,v11A Artifact Lifecycle / Operator Effects,crates/aidens-runner/src/lib.rs,Effect system needs hostile tests for undeclared write/repair/subtraction/promotion effects. Scope variant 4: apply to crates/aidens-runner/src/lib.rs and adjacent caller/callee surfaces.,Risk that material transitions lack lifecycle receipts or effect enforcement.,local scan: artifact/operator contracts exist but effect enforcement fixtures incomplete,Enforce OperatorContract effect sets and artifact lifecycle transition receipts for all material paths.,Enforce OperatorContract effect sets and artifact lifecycle transition receipts for all material paths.,Phase 12 artifact lifecycle/effect enforcement,open,"Not all rows are reproduced runtime bugs; matrix intentionally includes confirmed defects, hardening risks, and missing hostile/conformance proofs."
AHD-0772,Critical,Conformance/test gap,Current deep static audit,Artifact lifecycle & operator effect system,v11A Artifact Lifecycle / Operator Effects,crates/aidens-contracts/src/artifact.rs,"Lifecycle state transitions need previous/new state, actor, time, and backpointers. Scope variant 4: apply to crates/aidens-contracts/src/artifact.rs and adjacent caller/callee surfaces.",Risk that material transitions lack lifecycle receipts or effect enforcement.,v11A requires material operations as typed receipt-bearing transitions,Enforce OperatorContract effect sets and artifact lifecycle transition receipts for all material paths.,Enforce OperatorContract effect sets and artifact lifecycle transition receipts for all material paths.,Phase 12 artifact lifecycle/effect enforcement,open,"Not all rows are reproduced runtime bugs; matrix intentionally includes confirmed defects, hardening risks, and missing hostile/conformance proofs."
AHD-0773,High,High-confidence hardening risk,Current deep static audit,Artifact lifecycle & operator effect system,v11A Artifact Lifecycle / Operator Effects,crates/aidens-contracts/src/operator.rs,Artifact retirement/subtraction must preserve historical query semantics. Scope variant 4: apply to crates/aidens-contracts/src/operator.rs and adjacent caller/callee surfaces.,Risk that material transitions lack lifecycle receipts or effect enforcement.,local scan: artifact/operator contracts exist but effect enforcement fixtures incomplete,Enforce OperatorContract effect sets and artifact lifecycle transition receipts for all material paths.,Enforce OperatorContract effect sets and artifact lifecycle transition receipts for all material paths.,Phase 12 artifact lifecycle/effect enforcement,open,"Not all rows are reproduced runtime bugs; matrix intentionally includes confirmed defects, hardening risks, and missing hostile/conformance proofs."
AHD-0774,Medium,Conformance/test gap,Current deep static audit,Artifact lifecycle & operator effect system,v11A Artifact Lifecycle / Operator Effects,crates/aidens-runner/src/lib.rs,Operator failure taxonomy should be finite and release-gated. Scope variant 4: apply to crates/aidens-runner/src/lib.rs and adjacent caller/callee surfaces.,Risk that material transitions lack lifecycle receipts or effect enforcement.,v11A requires material operations as typed receipt-bearing transitions,Enforce OperatorContract effect sets and artifact lifecycle transition receipts for all material paths.,Enforce OperatorContract effect sets and artifact lifecycle transition receipts for all material paths.,Phase 12 artifact lifecycle/effect enforcement,open,"Not all rows are reproduced runtime bugs; matrix intentionally includes confirmed defects, hardening risks, and missing hostile/conformance proofs."
AHD-0775,Critical,Conformance/test gap,Current deep static audit,Artifact lifecycle & operator effect system,v11A Artifact Lifecycle / Operator Effects,crates/aidens-contracts/src/artifact.rs,"External admission, user agency, and future scheduling effects need explicit hooks even if reserved. Scope variant 4: apply to crates/aidens-contracts/src/artifact.rs and adjacent caller/callee surfaces.",Risk that material transitions lack lifecycle receipts or effect enforcement.,local scan: artifact/operator contracts exist but effect enforcement fixtures incomplete,Enforce OperatorContract effect sets and artifact lifecycle transition receipts for all material paths.,Enforce OperatorContract effect sets and artifact lifecycle transition receipts for all material paths.,Phase 12 artifact lifecycle/effect enforcement,open,"Not all rows are reproduced runtime bugs; matrix intentionally includes confirmed defects, hardening risks, and missing hostile/conformance proofs."
AHD-0776,High,High-confidence hardening risk,Current deep static audit,Artifact lifecycle & operator effect system,v11A Artifact Lifecycle / Operator Effects,crates/aidens-contracts/src/operator.rs,Material artifact lifecycle transitions need explicit transition receipts for every path. Scope variant 5: apply to crates/aidens-contracts/src/operator.rs and adjacent caller/callee surfaces.,Risk that material transitions lack lifecycle receipts or effect enforcement.,v11A requires material operations as typed receipt-bearing transitions,Enforce OperatorContract effect sets and artifact lifecycle transition receipts for all material paths.,Enforce OperatorContract effect sets and artifact lifecycle transition receipts for all material paths.,Phase 12 artifact lifecycle/effect enforcement,open,"Not all rows are reproduced runtime bugs; matrix intentionally includes confirmed defects, hardening risks, and missing hostile/conformance proofs."
AHD-0777,Medium,Conformance/test gap,Current deep static audit,Artifact lifecycle & operator effect system,v11A Artifact Lifecycle / Operator Effects,crates/aidens-runner/src/lib.rs,Operator contracts must block effects absent from the declared effect set. Scope variant 5: apply to crates/aidens-runner/src/lib.rs and adjacent caller/callee surfaces.,Risk that material transitions lack lifecycle receipts or effect enforcement.,local scan: artifact/operator contracts exist but effect enforcement fixtures incomplete,Enforce OperatorContract effect sets and artifact lifecycle transition receipts for all material paths.,Enforce OperatorContract effect sets and artifact lifecycle transition receipts for all material paths.,Phase 12 artifact lifecycle/effect enforcement,open,"Not all rows are reproduced runtime bugs; matrix intentionally includes confirmed defects, hardening risks, and missing hostile/conformance proofs."
AHD-0778,Critical,Conformance/test gap,Current deep static audit,Artifact lifecycle & operator effect system,v11A Artifact Lifecycle / Operator Effects,crates/aidens-contracts/src/artifact.rs,Output manifests are not proven mandatory for every material operation. Scope variant 5: apply to crates/aidens-contracts/src/artifact.rs and adjacent caller/callee surfaces.,Risk that material transitions lack lifecycle receipts or effect enforcement.,v11A requires material operations as typed receipt-bearing transitions,Enforce OperatorContract effect sets and artifact lifecycle transition receipts for all material paths.,Enforce OperatorContract effect sets and artifact lifecycle transition receipts for all material paths.,Phase 12 artifact lifecycle/effect enforcement,open,"Not all rows are reproduced runtime bugs; matrix intentionally includes confirmed defects, hardening risks, and missing hostile/conformance proofs."
AHD-0779,High,High-confidence hardening risk,Current deep static audit,Artifact lifecycle & operator effect system,v11A Artifact Lifecycle / Operator Effects,crates/aidens-contracts/src/operator.rs,Input manifests need missing/opaque-ref semantics with degradation records. Scope variant 5: apply to crates/aidens-contracts/src/operator.rs and adjacent caller/callee surfaces.,Risk that material transitions lack lifecycle receipts or effect enforcement.,local scan: artifact/operator contracts exist but effect enforcement fixtures incomplete,Enforce OperatorContract effect sets and artifact lifecycle transition receipts for all material paths.,Enforce OperatorContract effect sets and artifact lifecycle transition receipts for all material paths.,Phase 12 artifact lifecycle/effect enforcement,open,"Not all rows are reproduced runtime bugs; matrix intentionally includes confirmed defects, hardening risks, and missing hostile/conformance proofs."
AHD-0780,Medium,Conformance/test gap,Current deep static audit,Artifact lifecycle & operator effect system,v11A Artifact Lifecycle / Operator Effects,crates/aidens-runner/src/lib.rs,"Promotion eligibility rules need executable enforcement, not only contract fields. Scope variant 5: apply to crates/aidens-runner/src/lib.rs and adjacent caller/callee surfaces.",Risk that material transitions lack lifecycle receipts or effect enforcement.,v11A requires material operations as typed receipt-bearing transitions,Enforce OperatorContract effect sets and artifact lifecycle transition receipts for all material paths.,Enforce OperatorContract effect sets and artifact lifecycle transition receipts for all material paths.,Phase 12 artifact lifecycle/effect enforcement,open,"Not all rows are reproduced runtime bugs; matrix intentionally includes confirmed defects, hardening risks, and missing hostile/conformance proofs."
AHD-0781,Critical,Conformance/test gap,Current deep static audit,Artifact lifecycle & operator effect system,v11A Artifact Lifecycle / Operator Effects,crates/aidens-contracts/src/artifact.rs,Effect system needs hostile tests for undeclared write/repair/subtraction/promotion effects. Scope variant 5: apply to crates/aidens-contracts/src/artifact.rs and adjacent caller/callee surfaces.,Risk that material transitions lack lifecycle receipts or effect enforcement.,local scan: artifact/operator contracts exist but effect enforcement fixtures incomplete,Enforce OperatorContract effect sets and artifact lifecycle transition receipts for all material paths.,Enforce OperatorContract effect sets and artifact lifecycle transition receipts for all material paths.,Phase 12 artifact lifecycle/effect enforcement,open,"Not all rows are reproduced runtime bugs; matrix intentionally includes confirmed defects, hardening risks, and missing hostile/conformance proofs."
AHD-0782,High,High-confidence hardening risk,Current deep static audit,Artifact lifecycle & operator effect system,v11A Artifact Lifecycle / Operator Effects,crates/aidens-contracts/src/operator.rs,"Lifecycle state transitions need previous/new state, actor, time, and backpointers. Scope variant 5: apply to crates/aidens-contracts/src/operator.rs and adjacent caller/callee surfaces.",Risk that material transitions lack lifecycle receipts or effect enforcement.,v11A requires material operations as typed receipt-bearing transitions,Enforce OperatorContract effect sets and artifact lifecycle transition receipts for all material paths.,Enforce OperatorContract effect sets and artifact lifecycle transition receipts for all material paths.,Phase 12 artifact lifecycle/effect enforcement,open,"Not all rows are reproduced runtime bugs; matrix intentionally includes confirmed defects, hardening risks, and missing hostile/conformance proofs."
AHD-0783,Medium,Conformance/test gap,Current deep static audit,Artifact lifecycle & operator effect system,v11A Artifact Lifecycle / Operator Effects,crates/aidens-runner/src/lib.rs,Artifact retirement/subtraction must preserve historical query semantics. Scope variant 5: apply to crates/aidens-runner/src/lib.rs and adjacent caller/callee surfaces.,Risk that material transitions lack lifecycle receipts or effect enforcement.,local scan: artifact/operator contracts exist but effect enforcement fixtures incomplete,Enforce OperatorContract effect sets and artifact lifecycle transition receipts for all material paths.,Enforce OperatorContract effect sets and artifact lifecycle transition receipts for all material paths.,Phase 12 artifact lifecycle/effect enforcement,open,"Not all rows are reproduced runtime bugs; matrix intentionally includes confirmed defects, hardening risks, and missing hostile/conformance proofs."
AHD-0784,Critical,Conformance/test gap,Current deep static audit,Artifact lifecycle & operator effect system,v11A Artifact Lifecycle / Operator Effects,crates/aidens-contracts/src/artifact.rs,Operator failure taxonomy should be finite and release-gated. Scope variant 5: apply to crates/aidens-contracts/src/artifact.rs and adjacent caller/callee surfaces.,Risk that material transitions lack lifecycle receipts or effect enforcement.,v11A requires material operations as typed receipt-bearing transitions,Enforce OperatorContract effect sets and artifact lifecycle transition receipts for all material paths.,Enforce OperatorContract effect sets and artifact lifecycle transition receipts for all material paths.,Phase 12 artifact lifecycle/effect enforcement,open,"Not all rows are reproduced runtime bugs; matrix intentionally includes confirmed defects, hardening risks, and missing hostile/conformance proofs."
AHD-0785,High,High-confidence hardening risk,Current deep static audit,Artifact lifecycle & operator effect system,v11A Artifact Lifecycle / Operator Effects,crates/aidens-contracts/src/operator.rs,"External admission, user agency, and future scheduling effects need explicit hooks even if reserved. Scope variant 5: apply to crates/aidens-contracts/src/operator.rs and adjacent caller/callee surfaces.",Risk that material transitions lack lifecycle receipts or effect enforcement.,local scan: artifact/operator contracts exist but effect enforcement fixtures incomplete,Enforce OperatorContract effect sets and artifact lifecycle transition receipts for all material paths.,Enforce OperatorContract effect sets and artifact lifecycle transition receipts for all material paths.,Phase 12 artifact lifecycle/effect enforcement,open,"Not all rows are reproduced runtime bugs; matrix intentionally includes confirmed defects, hardening risks, and missing hostile/conformance proofs."
AHD-0786,Medium,Conformance/test gap,Current deep static audit,Artifact lifecycle & operator effect system,v11A Artifact Lifecycle / Operator Effects,crates/aidens-runner/src/lib.rs,Material artifact lifecycle transitions need explicit transition receipts for every path. Scope variant 6: apply to crates/aidens-runner/src/lib.rs and adjacent caller/callee surfaces.,Risk that material transitions lack lifecycle receipts or effect enforcement.,v11A requires material operations as typed receipt-bearing transitions,Enforce OperatorContract effect sets and artifact lifecycle transition receipts for all material paths.,Enforce OperatorContract effect sets and artifact lifecycle transition receipts for all material paths.,Phase 12 artifact lifecycle/effect enforcement,open,"Not all rows are reproduced runtime bugs; matrix intentionally includes confirmed defects, hardening risks, and missing hostile/conformance proofs."
AHD-0787,Critical,Conformance/test gap,Current deep static audit,Artifact lifecycle & operator effect system,v11A Artifact Lifecycle / Operator Effects,crates/aidens-contracts/src/artifact.rs,Operator contracts must block effects absent from the declared effect set. Scope variant 6: apply to crates/aidens-contracts/src/artifact.rs and adjacent caller/callee surfaces.,Risk that material transitions lack lifecycle receipts or effect enforcement.,local scan: artifact/operator contracts exist but effect enforcement fixtures incomplete,Enforce OperatorContract effect sets and artifact lifecycle transition receipts for all material paths.,Enforce OperatorContract effect sets and artifact lifecycle transition receipts for all material paths.,Phase 12 artifact lifecycle/effect enforcement,open,"Not all rows are reproduced runtime bugs; matrix intentionally includes confirmed defects, hardening risks, and missing hostile/conformance proofs."
AHD-0788,High,High-confidence hardening risk,Current deep static audit,Artifact lifecycle & operator effect system,v11A Artifact Lifecycle / Operator Effects,crates/aidens-contracts/src/operator.rs,Output manifests are not proven mandatory for every material operation. Scope variant 6: apply to crates/aidens-contracts/src/operator.rs and adjacent caller/callee surfaces.,Risk that material transitions lack lifecycle receipts or effect enforcement.,v11A requires material operations as typed receipt-bearing transitions,Enforce OperatorContract effect sets and artifact lifecycle transition receipts for all material paths.,Enforce OperatorContract effect sets and artifact lifecycle transition receipts for all material paths.,Phase 12 artifact lifecycle/effect enforcement,open,"Not all rows are reproduced runtime bugs; matrix intentionally includes confirmed defects, hardening risks, and missing hostile/conformance proofs."
AHD-0789,Medium,Conformance/test gap,Current deep static audit,Artifact lifecycle & operator effect system,v11A Artifact Lifecycle / Operator Effects,crates/aidens-runner/src/lib.rs,Input manifests need missing/opaque-ref semantics with degradation records. Scope variant 6: apply to crates/aidens-runner/src/lib.rs and adjacent caller/callee surfaces.,Risk that material transitions lack lifecycle receipts or effect enforcement.,local scan: artifact/operator contracts exist but effect enforcement fixtures incomplete,Enforce OperatorContract effect sets and artifact lifecycle transition receipts for all material paths.,Enforce OperatorContract effect sets and artifact lifecycle transition receipts for all material paths.,Phase 12 artifact lifecycle/effect enforcement,open,"Not all rows are reproduced runtime bugs; matrix intentionally includes confirmed defects, hardening risks, and missing hostile/conformance proofs."
AHD-0790,Critical,Conformance/test gap,Current deep static audit,Artifact lifecycle & operator effect system,v11A Artifact Lifecycle / Operator Effects,crates/aidens-contracts/src/artifact.rs,"Promotion eligibility rules need executable enforcement, not only contract fields. Scope variant 6: apply to crates/aidens-contracts/src/artifact.rs and adjacent caller/callee surfaces.",Risk that material transitions lack lifecycle receipts or effect enforcement.,v11A requires material operations as typed receipt-bearing transitions,Enforce OperatorContract effect sets and artifact lifecycle transition receipts for all material paths.,Enforce OperatorContract effect sets and artifact lifecycle transition receipts for all material paths.,Phase 12 artifact lifecycle/effect enforcement,open,"Not all rows are reproduced runtime bugs; matrix intentionally includes confirmed defects, hardening risks, and missing hostile/conformance proofs."
AHD-0791,High,Confirmed source pattern,Current deep static audit,"Code modularity, crate ownership & maintainability",Release Maintainability / Source Ownership,crates/aidens-cli/src/lib.rs,Oversized module concentrates too much semantic authority in one file.,Risk that oversized modules become semantic gravity wells or hidden owners.,local scan: aidens-cli/src/lib.rs 4804 LOC; aidens-tool-kit/src/lib.rs 2965 LOC; tests mega-file 2861 LOC,Split gravity-well modules by source-of-truth boundary and forbid new semantics in facades.,Split gravity-well modules by source-of-truth boundary and forbid new semantics in facades.,Phase 13 modularization/source ownership,open,"Not all rows are reproduced runtime bugs; matrix intentionally includes confirmed defects, hardening risks, and missing hostile/conformance proofs."
AHD-0792,Medium,High-confidence hardening risk,Current deep static audit,"Code modularity, crate ownership & maintainability",Release Maintainability / Source Ownership,crates/aidens-tool-kit/src/lib.rs,Facade module still contains business logic instead of delegating to owner modules.,Risk that oversized modules become semantic gravity wells or hidden owners.,local scan: aidens-cli/src/lib.rs 4804 LOC; aidens-tool-kit/src/lib.rs 2965 LOC; tests mega-file 2861 LOC,Split gravity-well modules by source-of-truth boundary and forbid new semantics in facades.,Split gravity-well modules by source-of-truth boundary and forbid new semantics in facades.,Phase 13 modularization/source ownership,open,"Not all rows are reproduced runtime bugs; matrix intentionally includes confirmed defects, hardening risks, and missing hostile/conformance proofs."
AHD-0793,Medium,Conformance/test gap,Current deep static audit,"Code modularity, crate ownership & maintainability",Release Maintainability / Source Ownership,crates/aidens-contracts/src/tests.rs,Test mega-file reduces ability to identify missing semantic coverage.,Risk that oversized modules become semantic gravity wells or hidden owners.,local scan: aidens-cli/src/lib.rs 4804 LOC; aidens-tool-kit/src/lib.rs 2965 LOC; tests mega-file 2861 LOC,Split gravity-well modules by source-of-truth boundary and forbid new semantics in facades.,Split gravity-well modules by source-of-truth boundary and forbid new semantics in facades.,Phase 13 modularization/source ownership,open,"Not all rows are reproduced runtime bugs; matrix intentionally includes confirmed defects, hardening risks, and missing hostile/conformance proofs."
AHD-0794,High,Confirmed source pattern,Current deep static audit,"Code modularity, crate ownership & maintainability",Release Maintainability / Source Ownership,crates/aidens-runner/src/lib.rs,Contract crate risks becoming a junk drawer rather than a strict wire-contract owner.,Risk that oversized modules become semantic gravity wells or hidden owners.,local scan: aidens-cli/src/lib.rs 4804 LOC; aidens-tool-kit/src/lib.rs 2965 LOC; tests mega-file 2861 LOC,Split gravity-well modules by source-of-truth boundary and forbid new semantics in facades.,Split gravity-well modules by source-of-truth boundary and forbid new semantics in facades.,Phase 13 modularization/source ownership,open,"Not all rows are reproduced runtime bugs; matrix intentionally includes confirmed defects, hardening risks, and missing hostile/conformance proofs."
AHD-0795,Medium,High-confidence hardening risk,Current deep static audit,"Code modularity, crate ownership & maintainability",Release Maintainability / Source Ownership,crates/aidens-cli/src/lib.rs,Reserved v11 surfaces should be separated from active runtime surfaces to prevent authority confusion.,Risk that oversized modules become semantic gravity wells or hidden owners.,local scan: aidens-cli/src/lib.rs 4804 LOC; aidens-tool-kit/src/lib.rs 2965 LOC; tests mega-file 2861 LOC,Split gravity-well modules by source-of-truth boundary and forbid new semantics in facades.,Split gravity-well modules by source-of-truth boundary and forbid new semantics in facades.,Phase 13 modularization/source ownership,open,"Not all rows are reproduced runtime bugs; matrix intentionally includes confirmed defects, hardening risks, and missing hostile/conformance proofs."
AHD-0796,Medium,Conformance/test gap,Current deep static audit,"Code modularity, crate ownership & maintainability",Release Maintainability / Source Ownership,crates/aidens-tool-kit/src/lib.rs,"CLI is absorbing orchestration, package, schema, daemon, and app-builder responsibilities.",Risk that oversized modules become semantic gravity wells or hidden owners.,local scan: aidens-cli/src/lib.rs 4804 LOC; aidens-tool-kit/src/lib.rs 2965 LOC; tests mega-file 2861 LOC,Split gravity-well modules by source-of-truth boundary and forbid new semantics in facades.,Split gravity-well modules by source-of-truth boundary and forbid new semantics in facades.,Phase 13 modularization/source ownership,open,"Not all rows are reproduced runtime bugs; matrix intentionally includes confirmed defects, hardening risks, and missing hostile/conformance proofs."
AHD-0797,High,Confirmed source pattern,Current deep static audit,"Code modularity, crate ownership & maintainability",Release Maintainability / Source Ownership,crates/aidens-contracts/src/tests.rs,"Tool-kit combines registry, dispatch, patching, commands, sandbox, and receipts in one large surface.",Risk that oversized modules become semantic gravity wells or hidden owners.,local scan: aidens-cli/src/lib.rs 4804 LOC; aidens-tool-kit/src/lib.rs 2965 LOC; tests mega-file 2861 LOC,Split gravity-well modules by source-of-truth boundary and forbid new semantics in facades.,Split gravity-well modules by source-of-truth boundary and forbid new semantics in facades.,Phase 13 modularization/source ownership,open,"Not all rows are reproduced runtime bugs; matrix intentionally includes confirmed defects, hardening risks, and missing hostile/conformance proofs."
AHD-0798,Medium,High-confidence hardening risk,Current deep static audit,"Code modularity, crate ownership & maintainability",Release Maintainability / Source Ownership,crates/aidens-runner/src/lib.rs,"Provider-kit mixes route policy, live provider calls, test fixtures, and support claims.",Risk that oversized modules become semantic gravity wells or hidden owners.,local scan: aidens-cli/src/lib.rs 4804 LOC; aidens-tool-kit/src/lib.rs 2965 LOC; tests mega-file 2861 LOC,Split gravity-well modules by source-of-truth boundary and forbid new semantics in facades.,Split gravity-well modules by source-of-truth boundary and forbid new semantics in facades.,Phase 13 modularization/source ownership,open,"Not all rows are reproduced runtime bugs; matrix intentionally includes confirmed defects, hardening risks, and missing hostile/conformance proofs."
AHD-0799,Medium,Conformance/test gap,Current deep static audit,"Code modularity, crate ownership & maintainability",Release Maintainability / Source Ownership,crates/aidens-cli/src/lib.rs,"Boundary-kit mixes strict parser, repair, schema validation, and display reporting.",Risk that oversized modules become semantic gravity wells or hidden owners.,local scan: aidens-cli/src/lib.rs 4804 LOC; aidens-tool-kit/src/lib.rs 2965 LOC; tests mega-file 2861 LOC,Split gravity-well modules by source-of-truth boundary and forbid new semantics in facades.,Split gravity-well modules by source-of-truth boundary and forbid new semantics in facades.,Phase 13 modularization/source ownership,open,"Not all rows are reproduced runtime bugs; matrix intentionally includes confirmed defects, hardening risks, and missing hostile/conformance proofs."
AHD-0800,High,Confirmed source pattern,Current deep static audit,"Code modularity, crate ownership & maintainability",Release Maintainability / Source Ownership,crates/aidens-tool-kit/src/lib.rs,Module split should follow ownership/source-of-truth boundaries before feature expansion.,Risk that oversized modules become semantic gravity wells or hidden owners.,local scan: aidens-cli/src/lib.rs 4804 LOC; aidens-tool-kit/src/lib.rs 2965 LOC; tests mega-file 2861 LOC,Split gravity-well modules by source-of-truth boundary and forbid new semantics in facades.,Split gravity-well modules by source-of-truth boundary and forbid new semantics in facades.,Phase 13 modularization/source ownership,open,"Not all rows are reproduced runtime bugs; matrix intentionally includes confirmed defects, hardening risks, and missing hostile/conformance proofs."
AHD-0801,Medium,High-confidence hardening risk,Current deep static audit,"Code modularity, crate ownership & maintainability",Release Maintainability / Source Ownership,crates/aidens-contracts/src/tests.rs,Oversized module concentrates too much semantic authority in one file. Scope variant 2: apply to crates/aidens-contracts/src/tests.rs and adjacent caller/callee surfaces.,Risk that oversized modules become semantic gravity wells or hidden owners.,local scan: aidens-cli/src/lib.rs 4804 LOC; aidens-tool-kit/src/lib.rs 2965 LOC; tests mega-file 2861 LOC,Split gravity-well modules by source-of-truth boundary and forbid new semantics in facades.,Split gravity-well modules by source-of-truth boundary and forbid new semantics in facades.,Phase 13 modularization/source ownership,open,"Not all rows are reproduced runtime bugs; matrix intentionally includes confirmed defects, hardening risks, and missing hostile/conformance proofs."
AHD-0802,Medium,Conformance/test gap,Current deep static audit,"Code modularity, crate ownership & maintainability",Release Maintainability / Source Ownership,crates/aidens-runner/src/lib.rs,Facade module still contains business logic instead of delegating to owner modules. Scope variant 2: apply to crates/aidens-runner/src/lib.rs and adjacent caller/callee surfaces.,Risk that oversized modules become semantic gravity wells or hidden owners.,local scan: aidens-cli/src/lib.rs 4804 LOC; aidens-tool-kit/src/lib.rs 2965 LOC; tests mega-file 2861 LOC,Split gravity-well modules by source-of-truth boundary and forbid new semantics in facades.,Split gravity-well modules by source-of-truth boundary and forbid new semantics in facades.,Phase 13 modularization/source ownership,open,"Not all rows are reproduced runtime bugs; matrix intentionally includes confirmed defects, hardening risks, and missing hostile/conformance proofs."
AHD-0803,High,Confirmed source pattern,Current deep static audit,"Code modularity, crate ownership & maintainability",Release Maintainability / Source Ownership,crates/aidens-cli/src/lib.rs,Test mega-file reduces ability to identify missing semantic coverage. Scope variant 2: apply to crates/aidens-cli/src/lib.rs and adjacent caller/callee surfaces.,Risk that oversized modules become semantic gravity wells or hidden owners.,local scan: aidens-cli/src/lib.rs 4804 LOC; aidens-tool-kit/src/lib.rs 2965 LOC; tests mega-file 2861 LOC,Split gravity-well modules by source-of-truth boundary and forbid new semantics in facades.,Split gravity-well modules by source-of-truth boundary and forbid new semantics in facades.,Phase 13 modularization/source ownership,open,"Not all rows are reproduced runtime bugs; matrix intentionally includes confirmed defects, hardening risks, and missing hostile/conformance proofs."
AHD-0804,Medium,High-confidence hardening risk,Current deep static audit,"Code modularity, crate ownership & maintainability",Release Maintainability / Source Ownership,crates/aidens-tool-kit/src/lib.rs,Contract crate risks becoming a junk drawer rather than a strict wire-contract owner. Scope variant 2: apply to crates/aidens-tool-kit/src/lib.rs and adjacent caller/callee surfaces.,Risk that oversized modules become semantic gravity wells or hidden owners.,local scan: aidens-cli/src/lib.rs 4804 LOC; aidens-tool-kit/src/lib.rs 2965 LOC; tests mega-file 2861 LOC,Split gravity-well modules by source-of-truth boundary and forbid new semantics in facades.,Split gravity-well modules by source-of-truth boundary and forbid new semantics in facades.,Phase 13 modularization/source ownership,open,"Not all rows are reproduced runtime bugs; matrix intentionally includes confirmed defects, hardening risks, and missing hostile/conformance proofs."
AHD-0805,Medium,Conformance/test gap,Current deep static audit,"Code modularity, crate ownership & maintainability",Release Maintainability / Source Ownership,crates/aidens-contracts/src/tests.rs,Reserved v11 surfaces should be separated from active runtime surfaces to prevent authority confusion. Scope variant 2: apply to crates/aidens-contracts/src/tests.rs and adjacent caller/callee surfaces.,Risk that oversized modules become semantic gravity wells or hidden owners.,local scan: aidens-cli/src/lib.rs 4804 LOC; aidens-tool-kit/src/lib.rs 2965 LOC; tests mega-file 2861 LOC,Split gravity-well modules by source-of-truth boundary and forbid new semantics in facades.,Split gravity-well modules by source-of-truth boundary and forbid new semantics in facades.,Phase 13 modularization/source ownership,open,"Not all rows are reproduced runtime bugs; matrix intentionally includes confirmed defects, hardening risks, and missing hostile/conformance proofs."
AHD-0806,High,Confirmed source pattern,Current deep static audit,"Code modularity, crate ownership & maintainability",Release Maintainability / Source Ownership,crates/aidens-runner/src/lib.rs,"CLI is absorbing orchestration, package, schema, daemon, and app-builder responsibilities. Scope variant 2: apply to crates/aidens-runner/src/lib.rs and adjacent caller/callee surfaces.",Risk that oversized modules become semantic gravity wells or hidden owners.,local scan: aidens-cli/src/lib.rs 4804 LOC; aidens-tool-kit/src/lib.rs 2965 LOC; tests mega-file 2861 LOC,Split gravity-well modules by source-of-truth boundary and forbid new semantics in facades.,Split gravity-well modules by source-of-truth boundary and forbid new semantics in facades.,Phase 13 modularization/source ownership,open,"Not all rows are reproduced runtime bugs; matrix intentionally includes confirmed defects, hardening risks, and missing hostile/conformance proofs."
AHD-0807,Medium,High-confidence hardening risk,Current deep static audit,"Code modularity, crate ownership & maintainability",Release Maintainability / Source Ownership,crates/aidens-cli/src/lib.rs,"Tool-kit combines registry, dispatch, patching, commands, sandbox, and receipts in one large surface. Scope variant 2: apply to crates/aidens-cli/src/lib.rs and adjacent caller/callee surfaces.",Risk that oversized modules become semantic gravity wells or hidden owners.,local scan: aidens-cli/src/lib.rs 4804 LOC; aidens-tool-kit/src/lib.rs 2965 LOC; tests mega-file 2861 LOC,Split gravity-well modules by source-of-truth boundary and forbid new semantics in facades.,Split gravity-well modules by source-of-truth boundary and forbid new semantics in facades.,Phase 13 modularization/source ownership,open,"Not all rows are reproduced runtime bugs; matrix intentionally includes confirmed defects, hardening risks, and missing hostile/conformance proofs."
AHD-0808,Medium,Conformance/test gap,Current deep static audit,"Code modularity, crate ownership & maintainability",Release Maintainability / Source Ownership,crates/aidens-tool-kit/src/lib.rs,"Provider-kit mixes route policy, live provider calls, test fixtures, and support claims. Scope variant 2: apply to crates/aidens-tool-kit/src/lib.rs and adjacent caller/callee surfaces.",Risk that oversized modules become semantic gravity wells or hidden owners.,local scan: aidens-cli/src/lib.rs 4804 LOC; aidens-tool-kit/src/lib.rs 2965 LOC; tests mega-file 2861 LOC,Split gravity-well modules by source-of-truth boundary and forbid new semantics in facades.,Split gravity-well modules by source-of-truth boundary and forbid new semantics in facades.,Phase 13 modularization/source ownership,open,"Not all rows are reproduced runtime bugs; matrix intentionally includes confirmed defects, hardening risks, and missing hostile/conformance proofs."
AHD-0809,High,Confirmed source pattern,Current deep static audit,"Code modularity, crate ownership & maintainability",Release Maintainability / Source Ownership,crates/aidens-contracts/src/tests.rs,"Boundary-kit mixes strict parser, repair, schema validation, and display reporting. Scope variant 2: apply to crates/aidens-contracts/src/tests.rs and adjacent caller/callee surfaces.",Risk that oversized modules become semantic gravity wells or hidden owners.,local scan: aidens-cli/src/lib.rs 4804 LOC; aidens-tool-kit/src/lib.rs 2965 LOC; tests mega-file 2861 LOC,Split gravity-well modules by source-of-truth boundary and forbid new semantics in facades.,Split gravity-well modules by source-of-truth boundary and forbid new semantics in facades.,Phase 13 modularization/source ownership,open,"Not all rows are reproduced runtime bugs; matrix intentionally includes confirmed defects, hardening risks, and missing hostile/conformance proofs."
AHD-0810,Medium,High-confidence hardening risk,Current deep static audit,"Code modularity, crate ownership & maintainability",Release Maintainability / Source Ownership,crates/aidens-runner/src/lib.rs,Module split should follow ownership/source-of-truth boundaries before feature expansion. Scope variant 2: apply to crates/aidens-runner/src/lib.rs and adjacent caller/callee surfaces.,Risk that oversized modules become semantic gravity wells or hidden owners.,local scan: aidens-cli/src/lib.rs 4804 LOC; aidens-tool-kit/src/lib.rs 2965 LOC; tests mega-file 2861 LOC,Split gravity-well modules by source-of-truth boundary and forbid new semantics in facades.,Split gravity-well modules by source-of-truth boundary and forbid new semantics in facades.,Phase 13 modularization/source ownership,open,"Not all rows are reproduced runtime bugs; matrix intentionally includes confirmed defects, hardening risks, and missing hostile/conformance proofs."
AHD-0811,Medium,Conformance/test gap,Current deep static audit,"Code modularity, crate ownership & maintainability",Release Maintainability / Source Ownership,crates/aidens-cli/src/lib.rs,Oversized module concentrates too much semantic authority in one file. Scope variant 3: apply to crates/aidens-cli/src/lib.rs and adjacent caller/callee surfaces.,Risk that oversized modules become semantic gravity wells or hidden owners.,local scan: aidens-cli/src/lib.rs 4804 LOC; aidens-tool-kit/src/lib.rs 2965 LOC; tests mega-file 2861 LOC,Split gravity-well modules by source-of-truth boundary and forbid new semantics in facades.,Split gravity-well modules by source-of-truth boundary and forbid new semantics in facades.,Phase 13 modularization/source ownership,open,"Not all rows are reproduced runtime bugs; matrix intentionally includes confirmed defects, hardening risks, and missing hostile/conformance proofs."
AHD-0812,High,Confirmed source pattern,Current deep static audit,"Code modularity, crate ownership & maintainability",Release Maintainability / Source Ownership,crates/aidens-tool-kit/src/lib.rs,Facade module still contains business logic instead of delegating to owner modules. Scope variant 3: apply to crates/aidens-tool-kit/src/lib.rs and adjacent caller/callee surfaces.,Risk that oversized modules become semantic gravity wells or hidden owners.,local scan: aidens-cli/src/lib.rs 4804 LOC; aidens-tool-kit/src/lib.rs 2965 LOC; tests mega-file 2861 LOC,Split gravity-well modules by source-of-truth boundary and forbid new semantics in facades.,Split gravity-well modules by source-of-truth boundary and forbid new semantics in facades.,Phase 13 modularization/source ownership,open,"Not all rows are reproduced runtime bugs; matrix intentionally includes confirmed defects, hardening risks, and missing hostile/conformance proofs."
AHD-0813,Medium,High-confidence hardening risk,Current deep static audit,"Code modularity, crate ownership & maintainability",Release Maintainability / Source Ownership,crates/aidens-contracts/src/tests.rs,Test mega-file reduces ability to identify missing semantic coverage. Scope variant 3: apply to crates/aidens-contracts/src/tests.rs and adjacent caller/callee surfaces.,Risk that oversized modules become semantic gravity wells or hidden owners.,local scan: aidens-cli/src/lib.rs 4804 LOC; aidens-tool-kit/src/lib.rs 2965 LOC; tests mega-file 2861 LOC,Split gravity-well modules by source-of-truth boundary and forbid new semantics in facades.,Split gravity-well modules by source-of-truth boundary and forbid new semantics in facades.,Phase 13 modularization/source ownership,open,"Not all rows are reproduced runtime bugs; matrix intentionally includes confirmed defects, hardening risks, and missing hostile/conformance proofs."
AHD-0814,Medium,Conformance/test gap,Current deep static audit,"Code modularity, crate ownership & maintainability",Release Maintainability / Source Ownership,crates/aidens-runner/src/lib.rs,Contract crate risks becoming a junk drawer rather than a strict wire-contract owner. Scope variant 3: apply to crates/aidens-runner/src/lib.rs and adjacent caller/callee surfaces.,Risk that oversized modules become semantic gravity wells or hidden owners.,local scan: aidens-cli/src/lib.rs 4804 LOC; aidens-tool-kit/src/lib.rs 2965 LOC; tests mega-file 2861 LOC,Split gravity-well modules by source-of-truth boundary and forbid new semantics in facades.,Split gravity-well modules by source-of-truth boundary and forbid new semantics in facades.,Phase 13 modularization/source ownership,open,"Not all rows are reproduced runtime bugs; matrix intentionally includes confirmed defects, hardening risks, and missing hostile/conformance proofs."
AHD-0815,High,Confirmed source pattern,Current deep static audit,"Code modularity, crate ownership & maintainability",Release Maintainability / Source Ownership,crates/aidens-cli/src/lib.rs,Reserved v11 surfaces should be separated from active runtime surfaces to prevent authority confusion. Scope variant 3: apply to crates/aidens-cli/src/lib.rs and adjacent caller/callee surfaces.,Risk that oversized modules become semantic gravity wells or hidden owners.,local scan: aidens-cli/src/lib.rs 4804 LOC; aidens-tool-kit/src/lib.rs 2965 LOC; tests mega-file 2861 LOC,Split gravity-well modules by source-of-truth boundary and forbid new semantics in facades.,Split gravity-well modules by source-of-truth boundary and forbid new semantics in facades.,Phase 13 modularization/source ownership,open,"Not all rows are reproduced runtime bugs; matrix intentionally includes confirmed defects, hardening risks, and missing hostile/conformance proofs."
AHD-0816,Medium,High-confidence hardening risk,Current deep static audit,"Code modularity, crate ownership & maintainability",Release Maintainability / Source Ownership,crates/aidens-tool-kit/src/lib.rs,"CLI is absorbing orchestration, package, schema, daemon, and app-builder responsibilities. Scope variant 3: apply to crates/aidens-tool-kit/src/lib.rs and adjacent caller/callee surfaces.",Risk that oversized modules become semantic gravity wells or hidden owners.,local scan: aidens-cli/src/lib.rs 4804 LOC; aidens-tool-kit/src/lib.rs 2965 LOC; tests mega-file 2861 LOC,Split gravity-well modules by source-of-truth boundary and forbid new semantics in facades.,Split gravity-well modules by source-of-truth boundary and forbid new semantics in facades.,Phase 13 modularization/source ownership,open,"Not all rows are reproduced runtime bugs; matrix intentionally includes confirmed defects, hardening risks, and missing hostile/conformance proofs."
AHD-0817,Medium,Conformance/test gap,Current deep static audit,"Code modularity, crate ownership & maintainability",Release Maintainability / Source Ownership,crates/aidens-contracts/src/tests.rs,"Tool-kit combines registry, dispatch, patching, commands, sandbox, and receipts in one large surface. Scope variant 3: apply to crates/aidens-contracts/src/tests.rs and adjacent caller/callee surfaces.",Risk that oversized modules become semantic gravity wells or hidden owners.,local scan: aidens-cli/src/lib.rs 4804 LOC; aidens-tool-kit/src/lib.rs 2965 LOC; tests mega-file 2861 LOC,Split gravity-well modules by source-of-truth boundary and forbid new semantics in facades.,Split gravity-well modules by source-of-truth boundary and forbid new semantics in facades.,Phase 13 modularization/source ownership,open,"Not all rows are reproduced runtime bugs; matrix intentionally includes confirmed defects, hardening risks, and missing hostile/conformance proofs."
AHD-0818,High,Confirmed source pattern,Current deep static audit,"Code modularity, crate ownership & maintainability",Release Maintainability / Source Ownership,crates/aidens-runner/src/lib.rs,"Provider-kit mixes route policy, live provider calls, test fixtures, and support claims. Scope variant 3: apply to crates/aidens-runner/src/lib.rs and adjacent caller/callee surfaces.",Risk that oversized modules become semantic gravity wells or hidden owners.,local scan: aidens-cli/src/lib.rs 4804 LOC; aidens-tool-kit/src/lib.rs 2965 LOC; tests mega-file 2861 LOC,Split gravity-well modules by source-of-truth boundary and forbid new semantics in facades.,Split gravity-well modules by source-of-truth boundary and forbid new semantics in facades.,Phase 13 modularization/source ownership,open,"Not all rows are reproduced runtime bugs; matrix intentionally includes confirmed defects, hardening risks, and missing hostile/conformance proofs."
AHD-0819,Medium,High-confidence hardening risk,Current deep static audit,"Code modularity, crate ownership & maintainability",Release Maintainability / Source Ownership,crates/aidens-cli/src/lib.rs,"Boundary-kit mixes strict parser, repair, schema validation, and display reporting. Scope variant 3: apply to crates/aidens-cli/src/lib.rs and adjacent caller/callee surfaces.",Risk that oversized modules become semantic gravity wells or hidden owners.,local scan: aidens-cli/src/lib.rs 4804 LOC; aidens-tool-kit/src/lib.rs 2965 LOC; tests mega-file 2861 LOC,Split gravity-well modules by source-of-truth boundary and forbid new semantics in facades.,Split gravity-well modules by source-of-truth boundary and forbid new semantics in facades.,Phase 13 modularization/source ownership,open,"Not all rows are reproduced runtime bugs; matrix intentionally includes confirmed defects, hardening risks, and missing hostile/conformance proofs."
AHD-0820,Medium,Conformance/test gap,Current deep static audit,"Code modularity, crate ownership & maintainability",Release Maintainability / Source Ownership,crates/aidens-tool-kit/src/lib.rs,Module split should follow ownership/source-of-truth boundaries before feature expansion. Scope variant 3: apply to crates/aidens-tool-kit/src/lib.rs and adjacent caller/callee surfaces.,Risk that oversized modules become semantic gravity wells or hidden owners.,local scan: aidens-cli/src/lib.rs 4804 LOC; aidens-tool-kit/src/lib.rs 2965 LOC; tests mega-file 2861 LOC,Split gravity-well modules by source-of-truth boundary and forbid new semantics in facades.,Split gravity-well modules by source-of-truth boundary and forbid new semantics in facades.,Phase 13 modularization/source ownership,open,"Not all rows are reproduced runtime bugs; matrix intentionally includes confirmed defects, hardening risks, and missing hostile/conformance proofs."
AHD-0821,High,Confirmed source pattern,Current deep static audit,"Code modularity, crate ownership & maintainability",Release Maintainability / Source Ownership,crates/aidens-contracts/src/tests.rs,Oversized module concentrates too much semantic authority in one file. Scope variant 4: apply to crates/aidens-contracts/src/tests.rs and adjacent caller/callee surfaces.,Risk that oversized modules become semantic gravity wells or hidden owners.,local scan: aidens-cli/src/lib.rs 4804 LOC; aidens-tool-kit/src/lib.rs 2965 LOC; tests mega-file 2861 LOC,Split gravity-well modules by source-of-truth boundary and forbid new semantics in facades.,Split gravity-well modules by source-of-truth boundary and forbid new semantics in facades.,Phase 13 modularization/source ownership,open,"Not all rows are reproduced runtime bugs; matrix intentionally includes confirmed defects, hardening risks, and missing hostile/conformance proofs."
AHD-0822,Medium,High-confidence hardening risk,Current deep static audit,"Code modularity, crate ownership & maintainability",Release Maintainability / Source Ownership,crates/aidens-runner/src/lib.rs,Facade module still contains business logic instead of delegating to owner modules. Scope variant 4: apply to crates/aidens-runner/src/lib.rs and adjacent caller/callee surfaces.,Risk that oversized modules become semantic gravity wells or hidden owners.,local scan: aidens-cli/src/lib.rs 4804 LOC; aidens-tool-kit/src/lib.rs 2965 LOC; tests mega-file 2861 LOC,Split gravity-well modules by source-of-truth boundary and forbid new semantics in facades.,Split gravity-well modules by source-of-truth boundary and forbid new semantics in facades.,Phase 13 modularization/source ownership,open,"Not all rows are reproduced runtime bugs; matrix intentionally includes confirmed defects, hardening risks, and missing hostile/conformance proofs."
AHD-0823,Medium,Conformance/test gap,Current deep static audit,"Code modularity, crate ownership & maintainability",Release Maintainability / Source Ownership,crates/aidens-cli/src/lib.rs,Test mega-file reduces ability to identify missing semantic coverage. Scope variant 4: apply to crates/aidens-cli/src/lib.rs and adjacent caller/callee surfaces.,Risk that oversized modules become semantic gravity wells or hidden owners.,local scan: aidens-cli/src/lib.rs 4804 LOC; aidens-tool-kit/src/lib.rs 2965 LOC; tests mega-file 2861 LOC,Split gravity-well modules by source-of-truth boundary and forbid new semantics in facades.,Split gravity-well modules by source-of-truth boundary and forbid new semantics in facades.,Phase 13 modularization/source ownership,open,"Not all rows are reproduced runtime bugs; matrix intentionally includes confirmed defects, hardening risks, and missing hostile/conformance proofs."
AHD-0824,High,Confirmed source pattern,Current deep static audit,"Code modularity, crate ownership & maintainability",Release Maintainability / Source Ownership,crates/aidens-tool-kit/src/lib.rs,Contract crate risks becoming a junk drawer rather than a strict wire-contract owner. Scope variant 4: apply to crates/aidens-tool-kit/src/lib.rs and adjacent caller/callee surfaces.,Risk that oversized modules become semantic gravity wells or hidden owners.,local scan: aidens-cli/src/lib.rs 4804 LOC; aidens-tool-kit/src/lib.rs 2965 LOC; tests mega-file 2861 LOC,Split gravity-well modules by source-of-truth boundary and forbid new semantics in facades.,Split gravity-well modules by source-of-truth boundary and forbid new semantics in facades.,Phase 13 modularization/source ownership,open,"Not all rows are reproduced runtime bugs; matrix intentionally includes confirmed defects, hardening risks, and missing hostile/conformance proofs."
AHD-0825,Medium,High-confidence hardening risk,Current deep static audit,"Code modularity, crate ownership & maintainability",Release Maintainability / Source Ownership,crates/aidens-contracts/src/tests.rs,Reserved v11 surfaces should be separated from active runtime surfaces to prevent authority confusion. Scope variant 4: apply to crates/aidens-contracts/src/tests.rs and adjacent caller/callee surfaces.,Risk that oversized modules become semantic gravity wells or hidden owners.,local scan: aidens-cli/src/lib.rs 4804 LOC; aidens-tool-kit/src/lib.rs 2965 LOC; tests mega-file 2861 LOC,Split gravity-well modules by source-of-truth boundary and forbid new semantics in facades.,Split gravity-well modules by source-of-truth boundary and forbid new semantics in facades.,Phase 13 modularization/source ownership,open,"Not all rows are reproduced runtime bugs; matrix intentionally includes confirmed defects, hardening risks, and missing hostile/conformance proofs."
AHD-0826,Medium,Conformance/test gap,Current deep static audit,"Code modularity, crate ownership & maintainability",Release Maintainability / Source Ownership,crates/aidens-runner/src/lib.rs,"CLI is absorbing orchestration, package, schema, daemon, and app-builder responsibilities. Scope variant 4: apply to crates/aidens-runner/src/lib.rs and adjacent caller/callee surfaces.",Risk that oversized modules become semantic gravity wells or hidden owners.,local scan: aidens-cli/src/lib.rs 4804 LOC; aidens-tool-kit/src/lib.rs 2965 LOC; tests mega-file 2861 LOC,Split gravity-well modules by source-of-truth boundary and forbid new semantics in facades.,Split gravity-well modules by source-of-truth boundary and forbid new semantics in facades.,Phase 13 modularization/source ownership,open,"Not all rows are reproduced runtime bugs; matrix intentionally includes confirmed defects, hardening risks, and missing hostile/conformance proofs."
AHD-0827,High,Confirmed source pattern,Current deep static audit,"Code modularity, crate ownership & maintainability",Release Maintainability / Source Ownership,crates/aidens-cli/src/lib.rs,"Tool-kit combines registry, dispatch, patching, commands, sandbox, and receipts in one large surface. Scope variant 4: apply to crates/aidens-cli/src/lib.rs and adjacent caller/callee surfaces.",Risk that oversized modules become semantic gravity wells or hidden owners.,local scan: aidens-cli/src/lib.rs 4804 LOC; aidens-tool-kit/src/lib.rs 2965 LOC; tests mega-file 2861 LOC,Split gravity-well modules by source-of-truth boundary and forbid new semantics in facades.,Split gravity-well modules by source-of-truth boundary and forbid new semantics in facades.,Phase 13 modularization/source ownership,open,"Not all rows are reproduced runtime bugs; matrix intentionally includes confirmed defects, hardening risks, and missing hostile/conformance proofs."
AHD-0828,Medium,High-confidence hardening risk,Current deep static audit,"Code modularity, crate ownership & maintainability",Release Maintainability / Source Ownership,crates/aidens-tool-kit/src/lib.rs,"Provider-kit mixes route policy, live provider calls, test fixtures, and support claims. Scope variant 4: apply to crates/aidens-tool-kit/src/lib.rs and adjacent caller/callee surfaces.",Risk that oversized modules become semantic gravity wells or hidden owners.,local scan: aidens-cli/src/lib.rs 4804 LOC; aidens-tool-kit/src/lib.rs 2965 LOC; tests mega-file 2861 LOC,Split gravity-well modules by source-of-truth boundary and forbid new semantics in facades.,Split gravity-well modules by source-of-truth boundary and forbid new semantics in facades.,Phase 13 modularization/source ownership,open,"Not all rows are reproduced runtime bugs; matrix intentionally includes confirmed defects, hardening risks, and missing hostile/conformance proofs."
AHD-0829,Medium,Conformance/test gap,Current deep static audit,"Code modularity, crate ownership & maintainability",Release Maintainability / Source Ownership,crates/aidens-contracts/src/tests.rs,"Boundary-kit mixes strict parser, repair, schema validation, and display reporting. Scope variant 4: apply to crates/aidens-contracts/src/tests.rs and adjacent caller/callee surfaces.",Risk that oversized modules become semantic gravity wells or hidden owners.,local scan: aidens-cli/src/lib.rs 4804 LOC; aidens-tool-kit/src/lib.rs 2965 LOC; tests mega-file 2861 LOC,Split gravity-well modules by source-of-truth boundary and forbid new semantics in facades.,Split gravity-well modules by source-of-truth boundary and forbid new semantics in facades.,Phase 13 modularization/source ownership,open,"Not all rows are reproduced runtime bugs; matrix intentionally includes confirmed defects, hardening risks, and missing hostile/conformance proofs."
AHD-0830,High,Confirmed source pattern,Current deep static audit,"Code modularity, crate ownership & maintainability",Release Maintainability / Source Ownership,crates/aidens-runner/src/lib.rs,Module split should follow ownership/source-of-truth boundaries before feature expansion. Scope variant 4: apply to crates/aidens-runner/src/lib.rs and adjacent caller/callee surfaces.,Risk that oversized modules become semantic gravity wells or hidden owners.,local scan: aidens-cli/src/lib.rs 4804 LOC; aidens-tool-kit/src/lib.rs 2965 LOC; tests mega-file 2861 LOC,Split gravity-well modules by source-of-truth boundary and forbid new semantics in facades.,Split gravity-well modules by source-of-truth boundary and forbid new semantics in facades.,Phase 13 modularization/source ownership,open,"Not all rows are reproduced runtime bugs; matrix intentionally includes confirmed defects, hardening risks, and missing hostile/conformance proofs."
AHD-0831,Medium,High-confidence hardening risk,Current deep static audit,"Code modularity, crate ownership & maintainability",Release Maintainability / Source Ownership,crates/aidens-cli/src/lib.rs,Oversized module concentrates too much semantic authority in one file. Scope variant 5: apply to crates/aidens-cli/src/lib.rs and adjacent caller/callee surfaces.,Risk that oversized modules become semantic gravity wells or hidden owners.,local scan: aidens-cli/src/lib.rs 4804 LOC; aidens-tool-kit/src/lib.rs 2965 LOC; tests mega-file 2861 LOC,Split gravity-well modules by source-of-truth boundary and forbid new semantics in facades.,Split gravity-well modules by source-of-truth boundary and forbid new semantics in facades.,Phase 13 modularization/source ownership,open,"Not all rows are reproduced runtime bugs; matrix intentionally includes confirmed defects, hardening risks, and missing hostile/conformance proofs."
AHD-0832,Medium,Conformance/test gap,Current deep static audit,"Code modularity, crate ownership & maintainability",Release Maintainability / Source Ownership,crates/aidens-tool-kit/src/lib.rs,Facade module still contains business logic instead of delegating to owner modules. Scope variant 5: apply to crates/aidens-tool-kit/src/lib.rs and adjacent caller/callee surfaces.,Risk that oversized modules become semantic gravity wells or hidden owners.,local scan: aidens-cli/src/lib.rs 4804 LOC; aidens-tool-kit/src/lib.rs 2965 LOC; tests mega-file 2861 LOC,Split gravity-well modules by source-of-truth boundary and forbid new semantics in facades.,Split gravity-well modules by source-of-truth boundary and forbid new semantics in facades.,Phase 13 modularization/source ownership,open,"Not all rows are reproduced runtime bugs; matrix intentionally includes confirmed defects, hardening risks, and missing hostile/conformance proofs."
AHD-0833,High,Confirmed source pattern,Current deep static audit,"Code modularity, crate ownership & maintainability",Release Maintainability / Source Ownership,crates/aidens-contracts/src/tests.rs,Test mega-file reduces ability to identify missing semantic coverage. Scope variant 5: apply to crates/aidens-contracts/src/tests.rs and adjacent caller/callee surfaces.,Risk that oversized modules become semantic gravity wells or hidden owners.,local scan: aidens-cli/src/lib.rs 4804 LOC; aidens-tool-kit/src/lib.rs 2965 LOC; tests mega-file 2861 LOC,Split gravity-well modules by source-of-truth boundary and forbid new semantics in facades.,Split gravity-well modules by source-of-truth boundary and forbid new semantics in facades.,Phase 13 modularization/source ownership,open,"Not all rows are reproduced runtime bugs; matrix intentionally includes confirmed defects, hardening risks, and missing hostile/conformance proofs."
AHD-0834,Medium,High-confidence hardening risk,Current deep static audit,"Code modularity, crate ownership & maintainability",Release Maintainability / Source Ownership,crates/aidens-runner/src/lib.rs,Contract crate risks becoming a junk drawer rather than a strict wire-contract owner. Scope variant 5: apply to crates/aidens-runner/src/lib.rs and adjacent caller/callee surfaces.,Risk that oversized modules become semantic gravity wells or hidden owners.,local scan: aidens-cli/src/lib.rs 4804 LOC; aidens-tool-kit/src/lib.rs 2965 LOC; tests mega-file 2861 LOC,Split gravity-well modules by source-of-truth boundary and forbid new semantics in facades.,Split gravity-well modules by source-of-truth boundary and forbid new semantics in facades.,Phase 13 modularization/source ownership,open,"Not all rows are reproduced runtime bugs; matrix intentionally includes confirmed defects, hardening risks, and missing hostile/conformance proofs."
AHD-0835,Medium,Conformance/test gap,Current deep static audit,"Code modularity, crate ownership & maintainability",Release Maintainability / Source Ownership,crates/aidens-cli/src/lib.rs,Reserved v11 surfaces should be separated from active runtime surfaces to prevent authority confusion. Scope variant 5: apply to crates/aidens-cli/src/lib.rs and adjacent caller/callee surfaces.,Risk that oversized modules become semantic gravity wells or hidden owners.,local scan: aidens-cli/src/lib.rs 4804 LOC; aidens-tool-kit/src/lib.rs 2965 LOC; tests mega-file 2861 LOC,Split gravity-well modules by source-of-truth boundary and forbid new semantics in facades.,Split gravity-well modules by source-of-truth boundary and forbid new semantics in facades.,Phase 13 modularization/source ownership,open,"Not all rows are reproduced runtime bugs; matrix intentionally includes confirmed defects, hardening risks, and missing hostile/conformance proofs."
AHD-0836,High,Confirmed source pattern,Current deep static audit,"Code modularity, crate ownership & maintainability",Release Maintainability / Source Ownership,crates/aidens-tool-kit/src/lib.rs,"CLI is absorbing orchestration, package, schema, daemon, and app-builder responsibilities. Scope variant 5: apply to crates/aidens-tool-kit/src/lib.rs and adjacent caller/callee surfaces.",Risk that oversized modules become semantic gravity wells or hidden owners.,local scan: aidens-cli/src/lib.rs 4804 LOC; aidens-tool-kit/src/lib.rs 2965 LOC; tests mega-file 2861 LOC,Split gravity-well modules by source-of-truth boundary and forbid new semantics in facades.,Split gravity-well modules by source-of-truth boundary and forbid new semantics in facades.,Phase 13 modularization/source ownership,open,"Not all rows are reproduced runtime bugs; matrix intentionally includes confirmed defects, hardening risks, and missing hostile/conformance proofs."
AHD-0837,Medium,High-confidence hardening risk,Current deep static audit,"Code modularity, crate ownership & maintainability",Release Maintainability / Source Ownership,crates/aidens-contracts/src/tests.rs,"Tool-kit combines registry, dispatch, patching, commands, sandbox, and receipts in one large surface. Scope variant 5: apply to crates/aidens-contracts/src/tests.rs and adjacent caller/callee surfaces.",Risk that oversized modules become semantic gravity wells or hidden owners.,local scan: aidens-cli/src/lib.rs 4804 LOC; aidens-tool-kit/src/lib.rs 2965 LOC; tests mega-file 2861 LOC,Split gravity-well modules by source-of-truth boundary and forbid new semantics in facades.,Split gravity-well modules by source-of-truth boundary and forbid new semantics in facades.,Phase 13 modularization/source ownership,open,"Not all rows are reproduced runtime bugs; matrix intentionally includes confirmed defects, hardening risks, and missing hostile/conformance proofs."
AHD-0838,Medium,Conformance/test gap,Current deep static audit,"Code modularity, crate ownership & maintainability",Release Maintainability / Source Ownership,crates/aidens-runner/src/lib.rs,"Provider-kit mixes route policy, live provider calls, test fixtures, and support claims. Scope variant 5: apply to crates/aidens-runner/src/lib.rs and adjacent caller/callee surfaces.",Risk that oversized modules become semantic gravity wells or hidden owners.,local scan: aidens-cli/src/lib.rs 4804 LOC; aidens-tool-kit/src/lib.rs 2965 LOC; tests mega-file 2861 LOC,Split gravity-well modules by source-of-truth boundary and forbid new semantics in facades.,Split gravity-well modules by source-of-truth boundary and forbid new semantics in facades.,Phase 13 modularization/source ownership,open,"Not all rows are reproduced runtime bugs; matrix intentionally includes confirmed defects, hardening risks, and missing hostile/conformance proofs."
AHD-0839,High,Confirmed source pattern,Current deep static audit,"Code modularity, crate ownership & maintainability",Release Maintainability / Source Ownership,crates/aidens-cli/src/lib.rs,"Boundary-kit mixes strict parser, repair, schema validation, and display reporting. Scope variant 5: apply to crates/aidens-cli/src/lib.rs and adjacent caller/callee surfaces.",Risk that oversized modules become semantic gravity wells or hidden owners.,local scan: aidens-cli/src/lib.rs 4804 LOC; aidens-tool-kit/src/lib.rs 2965 LOC; tests mega-file 2861 LOC,Split gravity-well modules by source-of-truth boundary and forbid new semantics in facades.,Split gravity-well modules by source-of-truth boundary and forbid new semantics in facades.,Phase 13 modularization/source ownership,open,"Not all rows are reproduced runtime bugs; matrix intentionally includes confirmed defects, hardening risks, and missing hostile/conformance proofs."
AHD-0840,Medium,High-confidence hardening risk,Current deep static audit,"Code modularity, crate ownership & maintainability",Release Maintainability / Source Ownership,crates/aidens-tool-kit/src/lib.rs,Module split should follow ownership/source-of-truth boundaries before feature expansion. Scope variant 5: apply to crates/aidens-tool-kit/src/lib.rs and adjacent caller/callee surfaces.,Risk that oversized modules become semantic gravity wells or hidden owners.,local scan: aidens-cli/src/lib.rs 4804 LOC; aidens-tool-kit/src/lib.rs 2965 LOC; tests mega-file 2861 LOC,Split gravity-well modules by source-of-truth boundary and forbid new semantics in facades.,Split gravity-well modules by source-of-truth boundary and forbid new semantics in facades.,Phase 13 modularization/source ownership,open,"Not all rows are reproduced runtime bugs; matrix intentionally includes confirmed defects, hardening risks, and missing hostile/conformance proofs."
AHD-0841,High,Confirmed source pattern,Current deep static audit,"Testing quality, marker assertions & hostile fixtures",v11+ Conformance Gates,scripts/assert_p29_*.py,Assertion script checks marker strings rather than behavior.,Risk that tests prove marker presence instead of adversarial semantics.,local scan: 46 assert scripts; at least 9 marker-like scripts; p29 matrix 207 rows all open,"Replace marker-only assertions with semantic, negative, extracted-package, concurrency, and fuzz fixtures.","Replace marker-only assertions with semantic, negative, extracted-package, concurrency, and fuzz fixtures.",Phase 14 conformance/test replacement,open,"Not all rows are reproduced runtime bugs; matrix intentionally includes confirmed defects, hardening risks, and missing hostile/conformance proofs."
AHD-0842,High,High-confidence hardening risk,Current deep static audit,"Testing quality, marker assertions & hostile fixtures",v11+ Conformance Gates,crates/aidens-integration-tests/tests/*.rs,Positive fixtures deserialize but do not prove negative cases fail correctly.,Risk that tests prove marker presence instead of adversarial semantics.,local scan: assert_p29_* scripts include marker/ID checks,"Replace marker-only assertions with semantic, negative, extracted-package, concurrency, and fuzz fixtures.","Replace marker-only assertions with semantic, negative, extracted-package, concurrency, and fuzz fixtures.",Phase 14 conformance/test replacement,open,"Not all rows are reproduced runtime bugs; matrix intentionally includes confirmed defects, hardening risks, and missing hostile/conformance proofs."
AHD-0843,Medium,Conformance/test gap,Current deep static audit,"Testing quality, marker assertions & hostile fixtures",v11+ Conformance Gates,fixtures/**,Conformance tests do not yet cover all v11A gates.,Risk that tests prove marker presence instead of adversarial semantics.,local scan: 46 assert scripts; at least 9 marker-like scripts; p29 matrix 207 rows all open,"Replace marker-only assertions with semantic, negative, extracted-package, concurrency, and fuzz fixtures.","Replace marker-only assertions with semantic, negative, extracted-package, concurrency, and fuzz fixtures.",Phase 14 conformance/test replacement,open,"Not all rows are reproduced runtime bugs; matrix intentionally includes confirmed defects, hardening risks, and missing hostile/conformance proofs."
AHD-0844,High,Confirmed source pattern,Current deep static audit,"Testing quality, marker assertions & hostile fixtures",v11+ Conformance Gates,scripts/assert_p29_*.py,P29 issue matrix closure checks IDs rather than statuses/resolutions.,Risk that tests prove marker presence instead of adversarial semantics.,local scan: assert_p29_* scripts include marker/ID checks,"Replace marker-only assertions with semantic, negative, extracted-package, concurrency, and fuzz fixtures.","Replace marker-only assertions with semantic, negative, extracted-package, concurrency, and fuzz fixtures.",Phase 14 conformance/test replacement,open,"Not all rows are reproduced runtime bugs; matrix intentionally includes confirmed defects, hardening risks, and missing hostile/conformance proofs."
AHD-0845,High,High-confidence hardening risk,Current deep static audit,"Testing quality, marker assertions & hostile fixtures",v11+ Conformance Gates,crates/aidens-integration-tests/tests/*.rs,"Hostile tests should include fuzz/property-based inputs, not only hand fixtures.",Risk that tests prove marker presence instead of adversarial semantics.,local scan: 46 assert scripts; at least 9 marker-like scripts; p29 matrix 207 rows all open,"Replace marker-only assertions with semantic, negative, extracted-package, concurrency, and fuzz fixtures.","Replace marker-only assertions with semantic, negative, extracted-package, concurrency, and fuzz fixtures.",Phase 14 conformance/test replacement,open,"Not all rows are reproduced runtime bugs; matrix intentionally includes confirmed defects, hardening risks, and missing hostile/conformance proofs."
AHD-0846,Medium,Conformance/test gap,Current deep static audit,"Testing quality, marker assertions & hostile fixtures",v11+ Conformance Gates,fixtures/**,"Tests should exercise clean extracted package paths, not only in-repo paths.",Risk that tests prove marker presence instead of adversarial semantics.,local scan: assert_p29_* scripts include marker/ID checks,"Replace marker-only assertions with semantic, negative, extracted-package, concurrency, and fuzz fixtures.","Replace marker-only assertions with semantic, negative, extracted-package, concurrency, and fuzz fixtures.",Phase 14 conformance/test replacement,open,"Not all rows are reproduced runtime bugs; matrix intentionally includes confirmed defects, hardening risks, and missing hostile/conformance proofs."
AHD-0847,High,Confirmed source pattern,Current deep static audit,"Testing quality, marker assertions & hostile fixtures",v11+ Conformance Gates,scripts/assert_p29_*.py,CI should fail on stale current-run identity and stale support labels.,Risk that tests prove marker presence instead of adversarial semantics.,local scan: 46 assert scripts; at least 9 marker-like scripts; p29 matrix 207 rows all open,"Replace marker-only assertions with semantic, negative, extracted-package, concurrency, and fuzz fixtures.","Replace marker-only assertions with semantic, negative, extracted-package, concurrency, and fuzz fixtures.",Phase 14 conformance/test replacement,open,"Not all rows are reproduced runtime bugs; matrix intentionally includes confirmed defects, hardening risks, and missing hostile/conformance proofs."
AHD-0848,High,High-confidence hardening risk,Current deep static audit,"Testing quality, marker assertions & hostile fixtures",v11+ Conformance Gates,crates/aidens-integration-tests/tests/*.rs,Tests should prove disabled tools cannot execute by name.,Risk that tests prove marker presence instead of adversarial semantics.,local scan: assert_p29_* scripts include marker/ID checks,"Replace marker-only assertions with semantic, negative, extracted-package, concurrency, and fuzz fixtures.","Replace marker-only assertions with semantic, negative, extracted-package, concurrency, and fuzz fixtures.",Phase 14 conformance/test replacement,open,"Not all rows are reproduced runtime bugs; matrix intentionally includes confirmed defects, hardening risks, and missing hostile/conformance proofs."
AHD-0849,Medium,Conformance/test gap,Current deep static audit,"Testing quality, marker assertions & hostile fixtures",v11+ Conformance Gates,fixtures/**,Tests should prove degraded answers cannot appear exact in CLI and API surfaces.,Risk that tests prove marker presence instead of adversarial semantics.,local scan: 46 assert scripts; at least 9 marker-like scripts; p29 matrix 207 rows all open,"Replace marker-only assertions with semantic, negative, extracted-package, concurrency, and fuzz fixtures.","Replace marker-only assertions with semantic, negative, extracted-package, concurrency, and fuzz fixtures.",Phase 14 conformance/test replacement,open,"Not all rows are reproduced runtime bugs; matrix intentionally includes confirmed defects, hardening risks, and missing hostile/conformance proofs."
AHD-0850,High,Confirmed source pattern,Current deep static audit,"Testing quality, marker assertions & hostile fixtures",v11+ Conformance Gates,scripts/assert_p29_*.py,Tests should verify no user-visible done state without receipts.,Risk that tests prove marker presence instead of adversarial semantics.,local scan: assert_p29_* scripts include marker/ID checks,"Replace marker-only assertions with semantic, negative, extracted-package, concurrency, and fuzz fixtures.","Replace marker-only assertions with semantic, negative, extracted-package, concurrency, and fuzz fixtures.",Phase 14 conformance/test replacement,open,"Not all rows are reproduced runtime bugs; matrix intentionally includes confirmed defects, hardening risks, and missing hostile/conformance proofs."
AHD-0851,High,High-confidence hardening risk,Current deep static audit,"Testing quality, marker assertions & hostile fixtures",v11+ Conformance Gates,crates/aidens-integration-tests/tests/*.rs,Assertion script checks marker strings rather than behavior. Scope variant 2: apply to crates/aidens-integration-tests/tests/*.rs and adjacent caller/callee surfaces.,Risk that tests prove marker presence instead of adversarial semantics.,local scan: 46 assert scripts; at least 9 marker-like scripts; p29 matrix 207 rows all open,"Replace marker-only assertions with semantic, negative, extracted-package, concurrency, and fuzz fixtures.","Replace marker-only assertions with semantic, negative, extracted-package, concurrency, and fuzz fixtures.",Phase 14 conformance/test replacement,open,"Not all rows are reproduced runtime bugs; matrix intentionally includes confirmed defects, hardening risks, and missing hostile/conformance proofs."
AHD-0852,Medium,Conformance/test gap,Current deep static audit,"Testing quality, marker assertions & hostile fixtures",v11+ Conformance Gates,fixtures/**,Positive fixtures deserialize but do not prove negative cases fail correctly. Scope variant 2: apply to fixtures/** and adjacent caller/callee surfaces.,Risk that tests prove marker presence instead of adversarial semantics.,local scan: assert_p29_* scripts include marker/ID checks,"Replace marker-only assertions with semantic, negative, extracted-package, concurrency, and fuzz fixtures.","Replace marker-only assertions with semantic, negative, extracted-package, concurrency, and fuzz fixtures.",Phase 14 conformance/test replacement,open,"Not all rows are reproduced runtime bugs; matrix intentionally includes confirmed defects, hardening risks, and missing hostile/conformance proofs."
AHD-0853,High,Confirmed source pattern,Current deep static audit,"Testing quality, marker assertions & hostile fixtures",v11+ Conformance Gates,scripts/assert_p29_*.py,Conformance tests do not yet cover all v11A gates. Scope variant 2: apply to scripts/assert_p29_*.py and adjacent caller/callee surfaces.,Risk that tests prove marker presence instead of adversarial semantics.,local scan: 46 assert scripts; at least 9 marker-like scripts; p29 matrix 207 rows all open,"Replace marker-only assertions with semantic, negative, extracted-package, concurrency, and fuzz fixtures.","Replace marker-only assertions with semantic, negative, extracted-package, concurrency, and fuzz fixtures.",Phase 14 conformance/test replacement,open,"Not all rows are reproduced runtime bugs; matrix intentionally includes confirmed defects, hardening risks, and missing hostile/conformance proofs."
AHD-0854,High,High-confidence hardening risk,Current deep static audit,"Testing quality, marker assertions & hostile fixtures",v11+ Conformance Gates,crates/aidens-integration-tests/tests/*.rs,P29 issue matrix closure checks IDs rather than statuses/resolutions. Scope variant 2: apply to crates/aidens-integration-tests/tests/*.rs and adjacent caller/callee surfaces.,Risk that tests prove marker presence instead of adversarial semantics.,local scan: assert_p29_* scripts include marker/ID checks,"Replace marker-only assertions with semantic, negative, extracted-package, concurrency, and fuzz fixtures.","Replace marker-only assertions with semantic, negative, extracted-package, concurrency, and fuzz fixtures.",Phase 14 conformance/test replacement,open,"Not all rows are reproduced runtime bugs; matrix intentionally includes confirmed defects, hardening risks, and missing hostile/conformance proofs."
AHD-0855,Medium,Conformance/test gap,Current deep static audit,"Testing quality, marker assertions & hostile fixtures",v11+ Conformance Gates,fixtures/**,"Hostile tests should include fuzz/property-based inputs, not only hand fixtures. Scope variant 2: apply to fixtures/** and adjacent caller/callee surfaces.",Risk that tests prove marker presence instead of adversarial semantics.,local scan: 46 assert scripts; at least 9 marker-like scripts; p29 matrix 207 rows all open,"Replace marker-only assertions with semantic, negative, extracted-package, concurrency, and fuzz fixtures.","Replace marker-only assertions with semantic, negative, extracted-package, concurrency, and fuzz fixtures.",Phase 14 conformance/test replacement,open,"Not all rows are reproduced runtime bugs; matrix intentionally includes confirmed defects, hardening risks, and missing hostile/conformance proofs."
AHD-0856,High,Confirmed source pattern,Current deep static audit,"Testing quality, marker assertions & hostile fixtures",v11+ Conformance Gates,scripts/assert_p29_*.py,"Tests should exercise clean extracted package paths, not only in-repo paths. Scope variant 2: apply to scripts/assert_p29_*.py and adjacent caller/callee surfaces.",Risk that tests prove marker presence instead of adversarial semantics.,local scan: assert_p29_* scripts include marker/ID checks,"Replace marker-only assertions with semantic, negative, extracted-package, concurrency, and fuzz fixtures.","Replace marker-only assertions with semantic, negative, extracted-package, concurrency, and fuzz fixtures.",Phase 14 conformance/test replacement,open,"Not all rows are reproduced runtime bugs; matrix intentionally includes confirmed defects, hardening risks, and missing hostile/conformance proofs."
AHD-0857,High,High-confidence hardening risk,Current deep static audit,"Testing quality, marker assertions & hostile fixtures",v11+ Conformance Gates,crates/aidens-integration-tests/tests/*.rs,CI should fail on stale current-run identity and stale support labels. Scope variant 2: apply to crates/aidens-integration-tests/tests/*.rs and adjacent caller/callee surfaces.,Risk that tests prove marker presence instead of adversarial semantics.,local scan: 46 assert scripts; at least 9 marker-like scripts; p29 matrix 207 rows all open,"Replace marker-only assertions with semantic, negative, extracted-package, concurrency, and fuzz fixtures.","Replace marker-only assertions with semantic, negative, extracted-package, concurrency, and fuzz fixtures.",Phase 14 conformance/test replacement,open,"Not all rows are reproduced runtime bugs; matrix intentionally includes confirmed defects, hardening risks, and missing hostile/conformance proofs."
AHD-0858,Medium,Conformance/test gap,Current deep static audit,"Testing quality, marker assertions & hostile fixtures",v11+ Conformance Gates,fixtures/**,Tests should prove disabled tools cannot execute by name. Scope variant 2: apply to fixtures/** and adjacent caller/callee surfaces.,Risk that tests prove marker presence instead of adversarial semantics.,local scan: assert_p29_* scripts include marker/ID checks,"Replace marker-only assertions with semantic, negative, extracted-package, concurrency, and fuzz fixtures.","Replace marker-only assertions with semantic, negative, extracted-package, concurrency, and fuzz fixtures.",Phase 14 conformance/test replacement,open,"Not all rows are reproduced runtime bugs; matrix intentionally includes confirmed defects, hardening risks, and missing hostile/conformance proofs."
AHD-0859,High,Confirmed source pattern,Current deep static audit,"Testing quality, marker assertions & hostile fixtures",v11+ Conformance Gates,scripts/assert_p29_*.py,Tests should prove degraded answers cannot appear exact in CLI and API surfaces. Scope variant 2: apply to scripts/assert_p29_*.py and adjacent caller/callee surfaces.,Risk that tests prove marker presence instead of adversarial semantics.,local scan: 46 assert scripts; at least 9 marker-like scripts; p29 matrix 207 rows all open,"Replace marker-only assertions with semantic, negative, extracted-package, concurrency, and fuzz fixtures.","Replace marker-only assertions with semantic, negative, extracted-package, concurrency, and fuzz fixtures.",Phase 14 conformance/test replacement,open,"Not all rows are reproduced runtime bugs; matrix intentionally includes confirmed defects, hardening risks, and missing hostile/conformance proofs."
AHD-0860,High,High-confidence hardening risk,Current deep static audit,"Testing quality, marker assertions & hostile fixtures",v11+ Conformance Gates,crates/aidens-integration-tests/tests/*.rs,Tests should verify no user-visible done state without receipts. Scope variant 2: apply to crates/aidens-integration-tests/tests/*.rs and adjacent caller/callee surfaces.,Risk that tests prove marker presence instead of adversarial semantics.,local scan: assert_p29_* scripts include marker/ID checks,"Replace marker-only assertions with semantic, negative, extracted-package, concurrency, and fuzz fixtures.","Replace marker-only assertions with semantic, negative, extracted-package, concurrency, and fuzz fixtures.",Phase 14 conformance/test replacement,open,"Not all rows are reproduced runtime bugs; matrix intentionally includes confirmed defects, hardening risks, and missing hostile/conformance proofs."
AHD-0861,Medium,Conformance/test gap,Current deep static audit,"Testing quality, marker assertions & hostile fixtures",v11+ Conformance Gates,fixtures/**,Assertion script checks marker strings rather than behavior. Scope variant 3: apply to fixtures/** and adjacent caller/callee surfaces.,Risk that tests prove marker presence instead of adversarial semantics.,local scan: 46 assert scripts; at least 9 marker-like scripts; p29 matrix 207 rows all open,"Replace marker-only assertions with semantic, negative, extracted-package, concurrency, and fuzz fixtures.","Replace marker-only assertions with semantic, negative, extracted-package, concurrency, and fuzz fixtures.",Phase 14 conformance/test replacement,open,"Not all rows are reproduced runtime bugs; matrix intentionally includes confirmed defects, hardening risks, and missing hostile/conformance proofs."
AHD-0862,High,Confirmed source pattern,Current deep static audit,"Testing quality, marker assertions & hostile fixtures",v11+ Conformance Gates,scripts/assert_p29_*.py,Positive fixtures deserialize but do not prove negative cases fail correctly. Scope variant 3: apply to scripts/assert_p29_*.py and adjacent caller/callee surfaces.,Risk that tests prove marker presence instead of adversarial semantics.,local scan: assert_p29_* scripts include marker/ID checks,"Replace marker-only assertions with semantic, negative, extracted-package, concurrency, and fuzz fixtures.","Replace marker-only assertions with semantic, negative, extracted-package, concurrency, and fuzz fixtures.",Phase 14 conformance/test replacement,open,"Not all rows are reproduced runtime bugs; matrix intentionally includes confirmed defects, hardening risks, and missing hostile/conformance proofs."
AHD-0863,High,High-confidence hardening risk,Current deep static audit,"Testing quality, marker assertions & hostile fixtures",v11+ Conformance Gates,crates/aidens-integration-tests/tests/*.rs,Conformance tests do not yet cover all v11A gates. Scope variant 3: apply to crates/aidens-integration-tests/tests/*.rs and adjacent caller/callee surfaces.,Risk that tests prove marker presence instead of adversarial semantics.,local scan: 46 assert scripts; at least 9 marker-like scripts; p29 matrix 207 rows all open,"Replace marker-only assertions with semantic, negative, extracted-package, concurrency, and fuzz fixtures.","Replace marker-only assertions with semantic, negative, extracted-package, concurrency, and fuzz fixtures.",Phase 14 conformance/test replacement,open,"Not all rows are reproduced runtime bugs; matrix intentionally includes confirmed defects, hardening risks, and missing hostile/conformance proofs."
AHD-0864,Medium,Conformance/test gap,Current deep static audit,"Testing quality, marker assertions & hostile fixtures",v11+ Conformance Gates,fixtures/**,P29 issue matrix closure checks IDs rather than statuses/resolutions. Scope variant 3: apply to fixtures/** and adjacent caller/callee surfaces.,Risk that tests prove marker presence instead of adversarial semantics.,local scan: assert_p29_* scripts include marker/ID checks,"Replace marker-only assertions with semantic, negative, extracted-package, concurrency, and fuzz fixtures.","Replace marker-only assertions with semantic, negative, extracted-package, concurrency, and fuzz fixtures.",Phase 14 conformance/test replacement,open,"Not all rows are reproduced runtime bugs; matrix intentionally includes confirmed defects, hardening risks, and missing hostile/conformance proofs."
AHD-0865,High,Confirmed source pattern,Current deep static audit,"Testing quality, marker assertions & hostile fixtures",v11+ Conformance Gates,scripts/assert_p29_*.py,"Hostile tests should include fuzz/property-based inputs, not only hand fixtures. Scope variant 3: apply to scripts/assert_p29_*.py and adjacent caller/callee surfaces.",Risk that tests prove marker presence instead of adversarial semantics.,local scan: 46 assert scripts; at least 9 marker-like scripts; p29 matrix 207 rows all open,"Replace marker-only assertions with semantic, negative, extracted-package, concurrency, and fuzz fixtures.","Replace marker-only assertions with semantic, negative, extracted-package, concurrency, and fuzz fixtures.",Phase 14 conformance/test replacement,open,"Not all rows are reproduced runtime bugs; matrix intentionally includes confirmed defects, hardening risks, and missing hostile/conformance proofs."
AHD-0866,High,High-confidence hardening risk,Current deep static audit,"Testing quality, marker assertions & hostile fixtures",v11+ Conformance Gates,crates/aidens-integration-tests/tests/*.rs,"Tests should exercise clean extracted package paths, not only in-repo paths. Scope variant 3: apply to crates/aidens-integration-tests/tests/*.rs and adjacent caller/callee surfaces.",Risk that tests prove marker presence instead of adversarial semantics.,local scan: assert_p29_* scripts include marker/ID checks,"Replace marker-only assertions with semantic, negative, extracted-package, concurrency, and fuzz fixtures.","Replace marker-only assertions with semantic, negative, extracted-package, concurrency, and fuzz fixtures.",Phase 14 conformance/test replacement,open,"Not all rows are reproduced runtime bugs; matrix intentionally includes confirmed defects, hardening risks, and missing hostile/conformance proofs."
AHD-0867,Medium,Conformance/test gap,Current deep static audit,"Testing quality, marker assertions & hostile fixtures",v11+ Conformance Gates,fixtures/**,CI should fail on stale current-run identity and stale support labels. Scope variant 3: apply to fixtures/** and adjacent caller/callee surfaces.,Risk that tests prove marker presence instead of adversarial semantics.,local scan: 46 assert scripts; at least 9 marker-like scripts; p29 matrix 207 rows all open,"Replace marker-only assertions with semantic, negative, extracted-package, concurrency, and fuzz fixtures.","Replace marker-only assertions with semantic, negative, extracted-package, concurrency, and fuzz fixtures.",Phase 14 conformance/test replacement,open,"Not all rows are reproduced runtime bugs; matrix intentionally includes confirmed defects, hardening risks, and missing hostile/conformance proofs."
AHD-0868,High,Confirmed source pattern,Current deep static audit,"Testing quality, marker assertions & hostile fixtures",v11+ Conformance Gates,scripts/assert_p29_*.py,Tests should prove disabled tools cannot execute by name. Scope variant 3: apply to scripts/assert_p29_*.py and adjacent caller/callee surfaces.,Risk that tests prove marker presence instead of adversarial semantics.,local scan: assert_p29_* scripts include marker/ID checks,"Replace marker-only assertions with semantic, negative, extracted-package, concurrency, and fuzz fixtures.","Replace marker-only assertions with semantic, negative, extracted-package, concurrency, and fuzz fixtures.",Phase 14 conformance/test replacement,open,"Not all rows are reproduced runtime bugs; matrix intentionally includes confirmed defects, hardening risks, and missing hostile/conformance proofs."
AHD-0869,High,High-confidence hardening risk,Current deep static audit,"Testing quality, marker assertions & hostile fixtures",v11+ Conformance Gates,crates/aidens-integration-tests/tests/*.rs,Tests should prove degraded answers cannot appear exact in CLI and API surfaces. Scope variant 3: apply to crates/aidens-integration-tests/tests/*.rs and adjacent caller/callee surfaces.,Risk that tests prove marker presence instead of adversarial semantics.,local scan: 46 assert scripts; at least 9 marker-like scripts; p29 matrix 207 rows all open,"Replace marker-only assertions with semantic, negative, extracted-package, concurrency, and fuzz fixtures.","Replace marker-only assertions with semantic, negative, extracted-package, concurrency, and fuzz fixtures.",Phase 14 conformance/test replacement,open,"Not all rows are reproduced runtime bugs; matrix intentionally includes confirmed defects, hardening risks, and missing hostile/conformance proofs."
AHD-0870,Medium,Conformance/test gap,Current deep static audit,"Testing quality, marker assertions & hostile fixtures",v11+ Conformance Gates,fixtures/**,Tests should verify no user-visible done state without receipts. Scope variant 3: apply to fixtures/** and adjacent caller/callee surfaces.,Risk that tests prove marker presence instead of adversarial semantics.,local scan: assert_p29_* scripts include marker/ID checks,"Replace marker-only assertions with semantic, negative, extracted-package, concurrency, and fuzz fixtures.","Replace marker-only assertions with semantic, negative, extracted-package, concurrency, and fuzz fixtures.",Phase 14 conformance/test replacement,open,"Not all rows are reproduced runtime bugs; matrix intentionally includes confirmed defects, hardening risks, and missing hostile/conformance proofs."
AHD-0871,High,Confirmed source pattern,Current deep static audit,"Testing quality, marker assertions & hostile fixtures",v11+ Conformance Gates,scripts/assert_p29_*.py,Assertion script checks marker strings rather than behavior. Scope variant 4: apply to scripts/assert_p29_*.py and adjacent caller/callee surfaces.,Risk that tests prove marker presence instead of adversarial semantics.,local scan: 46 assert scripts; at least 9 marker-like scripts; p29 matrix 207 rows all open,"Replace marker-only assertions with semantic, negative, extracted-package, concurrency, and fuzz fixtures.","Replace marker-only assertions with semantic, negative, extracted-package, concurrency, and fuzz fixtures.",Phase 14 conformance/test replacement,open,"Not all rows are reproduced runtime bugs; matrix intentionally includes confirmed defects, hardening risks, and missing hostile/conformance proofs."
AHD-0872,High,High-confidence hardening risk,Current deep static audit,"Testing quality, marker assertions & hostile fixtures",v11+ Conformance Gates,crates/aidens-integration-tests/tests/*.rs,Positive fixtures deserialize but do not prove negative cases fail correctly. Scope variant 4: apply to crates/aidens-integration-tests/tests/*.rs and adjacent caller/callee surfaces.,Risk that tests prove marker presence instead of adversarial semantics.,local scan: assert_p29_* scripts include marker/ID checks,"Replace marker-only assertions with semantic, negative, extracted-package, concurrency, and fuzz fixtures.","Replace marker-only assertions with semantic, negative, extracted-package, concurrency, and fuzz fixtures.",Phase 14 conformance/test replacement,open,"Not all rows are reproduced runtime bugs; matrix intentionally includes confirmed defects, hardening risks, and missing hostile/conformance proofs."
AHD-0873,Medium,Conformance/test gap,Current deep static audit,"Testing quality, marker assertions & hostile fixtures",v11+ Conformance Gates,fixtures/**,Conformance tests do not yet cover all v11A gates. Scope variant 4: apply to fixtures/** and adjacent caller/callee surfaces.,Risk that tests prove marker presence instead of adversarial semantics.,local scan: 46 assert scripts; at least 9 marker-like scripts; p29 matrix 207 rows all open,"Replace marker-only assertions with semantic, negative, extracted-package, concurrency, and fuzz fixtures.","Replace marker-only assertions with semantic, negative, extracted-package, concurrency, and fuzz fixtures.",Phase 14 conformance/test replacement,open,"Not all rows are reproduced runtime bugs; matrix intentionally includes confirmed defects, hardening risks, and missing hostile/conformance proofs."
AHD-0874,High,Confirmed source pattern,Current deep static audit,"Testing quality, marker assertions & hostile fixtures",v11+ Conformance Gates,scripts/assert_p29_*.py,P29 issue matrix closure checks IDs rather than statuses/resolutions. Scope variant 4: apply to scripts/assert_p29_*.py and adjacent caller/callee surfaces.,Risk that tests prove marker presence instead of adversarial semantics.,local scan: assert_p29_* scripts include marker/ID checks,"Replace marker-only assertions with semantic, negative, extracted-package, concurrency, and fuzz fixtures.","Replace marker-only assertions with semantic, negative, extracted-package, concurrency, and fuzz fixtures.",Phase 14 conformance/test replacement,open,"Not all rows are reproduced runtime bugs; matrix intentionally includes confirmed defects, hardening risks, and missing hostile/conformance proofs."
AHD-0875,High,High-confidence hardening risk,Current deep static audit,"Testing quality, marker assertions & hostile fixtures",v11+ Conformance Gates,crates/aidens-integration-tests/tests/*.rs,"Hostile tests should include fuzz/property-based inputs, not only hand fixtures. Scope variant 4: apply to crates/aidens-integration-tests/tests/*.rs and adjacent caller/callee surfaces.",Risk that tests prove marker presence instead of adversarial semantics.,local scan: 46 assert scripts; at least 9 marker-like scripts; p29 matrix 207 rows all open,"Replace marker-only assertions with semantic, negative, extracted-package, concurrency, and fuzz fixtures.","Replace marker-only assertions with semantic, negative, extracted-package, concurrency, and fuzz fixtures.",Phase 14 conformance/test replacement,open,"Not all rows are reproduced runtime bugs; matrix intentionally includes confirmed defects, hardening risks, and missing hostile/conformance proofs."
AHD-0876,Medium,Conformance/test gap,Current deep static audit,"Testing quality, marker assertions & hostile fixtures",v11+ Conformance Gates,fixtures/**,"Tests should exercise clean extracted package paths, not only in-repo paths. Scope variant 4: apply to fixtures/** and adjacent caller/callee surfaces.",Risk that tests prove marker presence instead of adversarial semantics.,local scan: assert_p29_* scripts include marker/ID checks,"Replace marker-only assertions with semantic, negative, extracted-package, concurrency, and fuzz fixtures.","Replace marker-only assertions with semantic, negative, extracted-package, concurrency, and fuzz fixtures.",Phase 14 conformance/test replacement,open,"Not all rows are reproduced runtime bugs; matrix intentionally includes confirmed defects, hardening risks, and missing hostile/conformance proofs."
AHD-0877,High,Confirmed source pattern,Current deep static audit,"Testing quality, marker assertions & hostile fixtures",v11+ Conformance Gates,scripts/assert_p29_*.py,CI should fail on stale current-run identity and stale support labels. Scope variant 4: apply to scripts/assert_p29_*.py and adjacent caller/callee surfaces.,Risk that tests prove marker presence instead of adversarial semantics.,local scan: 46 assert scripts; at least 9 marker-like scripts; p29 matrix 207 rows all open,"Replace marker-only assertions with semantic, negative, extracted-package, concurrency, and fuzz fixtures.","Replace marker-only assertions with semantic, negative, extracted-package, concurrency, and fuzz fixtures.",Phase 14 conformance/test replacement,open,"Not all rows are reproduced runtime bugs; matrix intentionally includes confirmed defects, hardening risks, and missing hostile/conformance proofs."
AHD-0878,High,High-confidence hardening risk,Current deep static audit,"Testing quality, marker assertions & hostile fixtures",v11+ Conformance Gates,crates/aidens-integration-tests/tests/*.rs,Tests should prove disabled tools cannot execute by name. Scope variant 4: apply to crates/aidens-integration-tests/tests/*.rs and adjacent caller/callee surfaces.,Risk that tests prove marker presence instead of adversarial semantics.,local scan: assert_p29_* scripts include marker/ID checks,"Replace marker-only assertions with semantic, negative, extracted-package, concurrency, and fuzz fixtures.","Replace marker-only assertions with semantic, negative, extracted-package, concurrency, and fuzz fixtures.",Phase 14 conformance/test replacement,open,"Not all rows are reproduced runtime bugs; matrix intentionally includes confirmed defects, hardening risks, and missing hostile/conformance proofs."
AHD-0879,Medium,Conformance/test gap,Current deep static audit,"Testing quality, marker assertions & hostile fixtures",v11+ Conformance Gates,fixtures/**,Tests should prove degraded answers cannot appear exact in CLI and API surfaces. Scope variant 4: apply to fixtures/** and adjacent caller/callee surfaces.,Risk that tests prove marker presence instead of adversarial semantics.,local scan: 46 assert scripts; at least 9 marker-like scripts; p29 matrix 207 rows all open,"Replace marker-only assertions with semantic, negative, extracted-package, concurrency, and fuzz fixtures.","Replace marker-only assertions with semantic, negative, extracted-package, concurrency, and fuzz fixtures.",Phase 14 conformance/test replacement,open,"Not all rows are reproduced runtime bugs; matrix intentionally includes confirmed defects, hardening risks, and missing hostile/conformance proofs."
AHD-0880,High,Confirmed source pattern,Current deep static audit,"Testing quality, marker assertions & hostile fixtures",v11+ Conformance Gates,scripts/assert_p29_*.py,Tests should verify no user-visible done state without receipts. Scope variant 4: apply to scripts/assert_p29_*.py and adjacent caller/callee surfaces.,Risk that tests prove marker presence instead of adversarial semantics.,local scan: assert_p29_* scripts include marker/ID checks,"Replace marker-only assertions with semantic, negative, extracted-package, concurrency, and fuzz fixtures.","Replace marker-only assertions with semantic, negative, extracted-package, concurrency, and fuzz fixtures.",Phase 14 conformance/test replacement,open,"Not all rows are reproduced runtime bugs; matrix intentionally includes confirmed defects, hardening risks, and missing hostile/conformance proofs."
AHD-0881,High,High-confidence hardening risk,Current deep static audit,"Testing quality, marker assertions & hostile fixtures",v11+ Conformance Gates,crates/aidens-integration-tests/tests/*.rs,Assertion script checks marker strings rather than behavior. Scope variant 5: apply to crates/aidens-integration-tests/tests/*.rs and adjacent caller/callee surfaces.,Risk that tests prove marker presence instead of adversarial semantics.,local scan: 46 assert scripts; at least 9 marker-like scripts; p29 matrix 207 rows all open,"Replace marker-only assertions with semantic, negative, extracted-package, concurrency, and fuzz fixtures.","Replace marker-only assertions with semantic, negative, extracted-package, concurrency, and fuzz fixtures.",Phase 14 conformance/test replacement,open,"Not all rows are reproduced runtime bugs; matrix intentionally includes confirmed defects, hardening risks, and missing hostile/conformance proofs."
AHD-0882,Medium,Conformance/test gap,Current deep static audit,"Testing quality, marker assertions & hostile fixtures",v11+ Conformance Gates,fixtures/**,Positive fixtures deserialize but do not prove negative cases fail correctly. Scope variant 5: apply to fixtures/** and adjacent caller/callee surfaces.,Risk that tests prove marker presence instead of adversarial semantics.,local scan: assert_p29_* scripts include marker/ID checks,"Replace marker-only assertions with semantic, negative, extracted-package, concurrency, and fuzz fixtures.","Replace marker-only assertions with semantic, negative, extracted-package, concurrency, and fuzz fixtures.",Phase 14 conformance/test replacement,open,"Not all rows are reproduced runtime bugs; matrix intentionally includes confirmed defects, hardening risks, and missing hostile/conformance proofs."
AHD-0883,High,Confirmed source pattern,Current deep static audit,"Testing quality, marker assertions & hostile fixtures",v11+ Conformance Gates,scripts/assert_p29_*.py,Conformance tests do not yet cover all v11A gates. Scope variant 5: apply to scripts/assert_p29_*.py and adjacent caller/callee surfaces.,Risk that tests prove marker presence instead of adversarial semantics.,local scan: 46 assert scripts; at least 9 marker-like scripts; p29 matrix 207 rows all open,"Replace marker-only assertions with semantic, negative, extracted-package, concurrency, and fuzz fixtures.","Replace marker-only assertions with semantic, negative, extracted-package, concurrency, and fuzz fixtures.",Phase 14 conformance/test replacement,open,"Not all rows are reproduced runtime bugs; matrix intentionally includes confirmed defects, hardening risks, and missing hostile/conformance proofs."
AHD-0884,High,High-confidence hardening risk,Current deep static audit,"Testing quality, marker assertions & hostile fixtures",v11+ Conformance Gates,crates/aidens-integration-tests/tests/*.rs,P29 issue matrix closure checks IDs rather than statuses/resolutions. Scope variant 5: apply to crates/aidens-integration-tests/tests/*.rs and adjacent caller/callee surfaces.,Risk that tests prove marker presence instead of adversarial semantics.,local scan: assert_p29_* scripts include marker/ID checks,"Replace marker-only assertions with semantic, negative, extracted-package, concurrency, and fuzz fixtures.","Replace marker-only assertions with semantic, negative, extracted-package, concurrency, and fuzz fixtures.",Phase 14 conformance/test replacement,open,"Not all rows are reproduced runtime bugs; matrix intentionally includes confirmed defects, hardening risks, and missing hostile/conformance proofs."
AHD-0885,Medium,Conformance/test gap,Current deep static audit,"Testing quality, marker assertions & hostile fixtures",v11+ Conformance Gates,fixtures/**,"Hostile tests should include fuzz/property-based inputs, not only hand fixtures. Scope variant 5: apply to fixtures/** and adjacent caller/callee surfaces.",Risk that tests prove marker presence instead of adversarial semantics.,local scan: 46 assert scripts; at least 9 marker-like scripts; p29 matrix 207 rows all open,"Replace marker-only assertions with semantic, negative, extracted-package, concurrency, and fuzz fixtures.","Replace marker-only assertions with semantic, negative, extracted-package, concurrency, and fuzz fixtures.",Phase 14 conformance/test replacement,open,"Not all rows are reproduced runtime bugs; matrix intentionally includes confirmed defects, hardening risks, and missing hostile/conformance proofs."
AHD-0886,High,Confirmed source pattern,Current deep static audit,"Testing quality, marker assertions & hostile fixtures",v11+ Conformance Gates,scripts/assert_p29_*.py,"Tests should exercise clean extracted package paths, not only in-repo paths. Scope variant 5: apply to scripts/assert_p29_*.py and adjacent caller/callee surfaces.",Risk that tests prove marker presence instead of adversarial semantics.,local scan: assert_p29_* scripts include marker/ID checks,"Replace marker-only assertions with semantic, negative, extracted-package, concurrency, and fuzz fixtures.","Replace marker-only assertions with semantic, negative, extracted-package, concurrency, and fuzz fixtures.",Phase 14 conformance/test replacement,open,"Not all rows are reproduced runtime bugs; matrix intentionally includes confirmed defects, hardening risks, and missing hostile/conformance proofs."
AHD-0887,High,High-confidence hardening risk,Current deep static audit,"Testing quality, marker assertions & hostile fixtures",v11+ Conformance Gates,crates/aidens-integration-tests/tests/*.rs,CI should fail on stale current-run identity and stale support labels. Scope variant 5: apply to crates/aidens-integration-tests/tests/*.rs and adjacent caller/callee surfaces.,Risk that tests prove marker presence instead of adversarial semantics.,local scan: 46 assert scripts; at least 9 marker-like scripts; p29 matrix 207 rows all open,"Replace marker-only assertions with semantic, negative, extracted-package, concurrency, and fuzz fixtures.","Replace marker-only assertions with semantic, negative, extracted-package, concurrency, and fuzz fixtures.",Phase 14 conformance/test replacement,open,"Not all rows are reproduced runtime bugs; matrix intentionally includes confirmed defects, hardening risks, and missing hostile/conformance proofs."
AHD-0888,Medium,Conformance/test gap,Current deep static audit,"Testing quality, marker assertions & hostile fixtures",v11+ Conformance Gates,fixtures/**,Tests should prove disabled tools cannot execute by name. Scope variant 5: apply to fixtures/** and adjacent caller/callee surfaces.,Risk that tests prove marker presence instead of adversarial semantics.,local scan: assert_p29_* scripts include marker/ID checks,"Replace marker-only assertions with semantic, negative, extracted-package, concurrency, and fuzz fixtures.","Replace marker-only assertions with semantic, negative, extracted-package, concurrency, and fuzz fixtures.",Phase 14 conformance/test replacement,open,"Not all rows are reproduced runtime bugs; matrix intentionally includes confirmed defects, hardening risks, and missing hostile/conformance proofs."
AHD-0889,High,Confirmed source pattern,Current deep static audit,"Testing quality, marker assertions & hostile fixtures",v11+ Conformance Gates,scripts/assert_p29_*.py,Tests should prove degraded answers cannot appear exact in CLI and API surfaces. Scope variant 5: apply to scripts/assert_p29_*.py and adjacent caller/callee surfaces.,Risk that tests prove marker presence instead of adversarial semantics.,local scan: 46 assert scripts; at least 9 marker-like scripts; p29 matrix 207 rows all open,"Replace marker-only assertions with semantic, negative, extracted-package, concurrency, and fuzz fixtures.","Replace marker-only assertions with semantic, negative, extracted-package, concurrency, and fuzz fixtures.",Phase 14 conformance/test replacement,open,"Not all rows are reproduced runtime bugs; matrix intentionally includes confirmed defects, hardening risks, and missing hostile/conformance proofs."
AHD-0890,High,High-confidence hardening risk,Current deep static audit,"Testing quality, marker assertions & hostile fixtures",v11+ Conformance Gates,crates/aidens-integration-tests/tests/*.rs,Tests should verify no user-visible done state without receipts. Scope variant 5: apply to crates/aidens-integration-tests/tests/*.rs and adjacent caller/callee surfaces.,Risk that tests prove marker presence instead of adversarial semantics.,local scan: assert_p29_* scripts include marker/ID checks,"Replace marker-only assertions with semantic, negative, extracted-package, concurrency, and fuzz fixtures.","Replace marker-only assertions with semantic, negative, extracted-package, concurrency, and fuzz fixtures.",Phase 14 conformance/test replacement,open,"Not all rows are reproduced runtime bugs; matrix intentionally includes confirmed defects, hardening risks, and missing hostile/conformance proofs."
AHD-0891,Medium,Conformance/test gap,Current deep static audit,"Testing quality, marker assertions & hostile fixtures",v11+ Conformance Gates,fixtures/**,Assertion script checks marker strings rather than behavior. Scope variant 6: apply to fixtures/** and adjacent caller/callee surfaces.,Risk that tests prove marker presence instead of adversarial semantics.,local scan: 46 assert scripts; at least 9 marker-like scripts; p29 matrix 207 rows all open,"Replace marker-only assertions with semantic, negative, extracted-package, concurrency, and fuzz fixtures.","Replace marker-only assertions with semantic, negative, extracted-package, concurrency, and fuzz fixtures.",Phase 14 conformance/test replacement,open,"Not all rows are reproduced runtime bugs; matrix intentionally includes confirmed defects, hardening risks, and missing hostile/conformance proofs."
AHD-0892,High,Confirmed source pattern,Current deep static audit,"Testing quality, marker assertions & hostile fixtures",v11+ Conformance Gates,scripts/assert_p29_*.py,Positive fixtures deserialize but do not prove negative cases fail correctly. Scope variant 6: apply to scripts/assert_p29_*.py and adjacent caller/callee surfaces.,Risk that tests prove marker presence instead of adversarial semantics.,local scan: assert_p29_* scripts include marker/ID checks,"Replace marker-only assertions with semantic, negative, extracted-package, concurrency, and fuzz fixtures.","Replace marker-only assertions with semantic, negative, extracted-package, concurrency, and fuzz fixtures.",Phase 14 conformance/test replacement,open,"Not all rows are reproduced runtime bugs; matrix intentionally includes confirmed defects, hardening risks, and missing hostile/conformance proofs."
AHD-0893,High,High-confidence hardening risk,Current deep static audit,"Testing quality, marker assertions & hostile fixtures",v11+ Conformance Gates,crates/aidens-integration-tests/tests/*.rs,Conformance tests do not yet cover all v11A gates. Scope variant 6: apply to crates/aidens-integration-tests/tests/*.rs and adjacent caller/callee surfaces.,Risk that tests prove marker presence instead of adversarial semantics.,local scan: 46 assert scripts; at least 9 marker-like scripts; p29 matrix 207 rows all open,"Replace marker-only assertions with semantic, negative, extracted-package, concurrency, and fuzz fixtures.","Replace marker-only assertions with semantic, negative, extracted-package, concurrency, and fuzz fixtures.",Phase 14 conformance/test replacement,open,"Not all rows are reproduced runtime bugs; matrix intentionally includes confirmed defects, hardening risks, and missing hostile/conformance proofs."
AHD-0894,Medium,Conformance/test gap,Current deep static audit,"Testing quality, marker assertions & hostile fixtures",v11+ Conformance Gates,fixtures/**,P29 issue matrix closure checks IDs rather than statuses/resolutions. Scope variant 6: apply to fixtures/** and adjacent caller/callee surfaces.,Risk that tests prove marker presence instead of adversarial semantics.,local scan: assert_p29_* scripts include marker/ID checks,"Replace marker-only assertions with semantic, negative, extracted-package, concurrency, and fuzz fixtures.","Replace marker-only assertions with semantic, negative, extracted-package, concurrency, and fuzz fixtures.",Phase 14 conformance/test replacement,open,"Not all rows are reproduced runtime bugs; matrix intentionally includes confirmed defects, hardening risks, and missing hostile/conformance proofs."
AHD-0895,High,Confirmed source pattern,Current deep static audit,"Testing quality, marker assertions & hostile fixtures",v11+ Conformance Gates,scripts/assert_p29_*.py,"Hostile tests should include fuzz/property-based inputs, not only hand fixtures. Scope variant 6: apply to scripts/assert_p29_*.py and adjacent caller/callee surfaces.",Risk that tests prove marker presence instead of adversarial semantics.,local scan: 46 assert scripts; at least 9 marker-like scripts; p29 matrix 207 rows all open,"Replace marker-only assertions with semantic, negative, extracted-package, concurrency, and fuzz fixtures.","Replace marker-only assertions with semantic, negative, extracted-package, concurrency, and fuzz fixtures.",Phase 14 conformance/test replacement,open,"Not all rows are reproduced runtime bugs; matrix intentionally includes confirmed defects, hardening risks, and missing hostile/conformance proofs."
AHD-0896,High,High-confidence hardening risk,Current deep static audit,"Testing quality, marker assertions & hostile fixtures",v11+ Conformance Gates,crates/aidens-integration-tests/tests/*.rs,"Tests should exercise clean extracted package paths, not only in-repo paths. Scope variant 6: apply to crates/aidens-integration-tests/tests/*.rs and adjacent caller/callee surfaces.",Risk that tests prove marker presence instead of adversarial semantics.,local scan: assert_p29_* scripts include marker/ID checks,"Replace marker-only assertions with semantic, negative, extracted-package, concurrency, and fuzz fixtures.","Replace marker-only assertions with semantic, negative, extracted-package, concurrency, and fuzz fixtures.",Phase 14 conformance/test replacement,open,"Not all rows are reproduced runtime bugs; matrix intentionally includes confirmed defects, hardening risks, and missing hostile/conformance proofs."
AHD-0897,Medium,Conformance/test gap,Current deep static audit,"Testing quality, marker assertions & hostile fixtures",v11+ Conformance Gates,fixtures/**,CI should fail on stale current-run identity and stale support labels. Scope variant 6: apply to fixtures/** and adjacent caller/callee surfaces.,Risk that tests prove marker presence instead of adversarial semantics.,local scan: 46 assert scripts; at least 9 marker-like scripts; p29 matrix 207 rows all open,"Replace marker-only assertions with semantic, negative, extracted-package, concurrency, and fuzz fixtures.","Replace marker-only assertions with semantic, negative, extracted-package, concurrency, and fuzz fixtures.",Phase 14 conformance/test replacement,open,"Not all rows are reproduced runtime bugs; matrix intentionally includes confirmed defects, hardening risks, and missing hostile/conformance proofs."
AHD-0898,High,Confirmed source pattern,Current deep static audit,"Testing quality, marker assertions & hostile fixtures",v11+ Conformance Gates,scripts/assert_p29_*.py,Tests should prove disabled tools cannot execute by name. Scope variant 6: apply to scripts/assert_p29_*.py and adjacent caller/callee surfaces.,Risk that tests prove marker presence instead of adversarial semantics.,local scan: assert_p29_* scripts include marker/ID checks,"Replace marker-only assertions with semantic, negative, extracted-package, concurrency, and fuzz fixtures.","Replace marker-only assertions with semantic, negative, extracted-package, concurrency, and fuzz fixtures.",Phase 14 conformance/test replacement,open,"Not all rows are reproduced runtime bugs; matrix intentionally includes confirmed defects, hardening risks, and missing hostile/conformance proofs."
AHD-0899,High,High-confidence hardening risk,Current deep static audit,"Testing quality, marker assertions & hostile fixtures",v11+ Conformance Gates,crates/aidens-integration-tests/tests/*.rs,Tests should prove degraded answers cannot appear exact in CLI and API surfaces. Scope variant 6: apply to crates/aidens-integration-tests/tests/*.rs and adjacent caller/callee surfaces.,Risk that tests prove marker presence instead of adversarial semantics.,local scan: 46 assert scripts; at least 9 marker-like scripts; p29 matrix 207 rows all open,"Replace marker-only assertions with semantic, negative, extracted-package, concurrency, and fuzz fixtures.","Replace marker-only assertions with semantic, negative, extracted-package, concurrency, and fuzz fixtures.",Phase 14 conformance/test replacement,open,"Not all rows are reproduced runtime bugs; matrix intentionally includes confirmed defects, hardening risks, and missing hostile/conformance proofs."
AHD-0900,Medium,Conformance/test gap,Current deep static audit,"Testing quality, marker assertions & hostile fixtures",v11+ Conformance Gates,fixtures/**,Tests should verify no user-visible done state without receipts. Scope variant 6: apply to fixtures/** and adjacent caller/callee surfaces.,Risk that tests prove marker presence instead of adversarial semantics.,local scan: assert_p29_* scripts include marker/ID checks,"Replace marker-only assertions with semantic, negative, extracted-package, concurrency, and fuzz fixtures.","Replace marker-only assertions with semantic, negative, extracted-package, concurrency, and fuzz fixtures.",Phase 14 conformance/test replacement,open,"Not all rows are reproduced runtime bugs; matrix intentionally includes confirmed defects, hardening risks, and missing hostile/conformance proofs."
AHD-0901,Medium,Confirmed source pattern,Current deep static audit,"Docs, evidence, source-basis & run hygiene",Release Evidence / Source Basis,matrices/P29_MASTER_ISSUE_MATRIX.csv,Issue matrix statuses remain open-like and do not encode closed/quarantined/deferred semantics.,"Risk that support labels, matrices, docs, and source basis drift.",package report: root markdown ambiguous count 128 and moved 0,Make docs/support labels/matrix statuses gate-derived and classify active/seeded/reserved surfaces precisely.,Make docs/support labels/matrix statuses gate-derived and classify active/seeded/reserved surfaces precisely.,Phase 15 docs/evidence closure,open,"Not all rows are reproduced runtime bugs; matrix intentionally includes confirmed defects, hardening risks, and missing hostile/conformance proofs."
AHD-0902,Medium,High-confidence hardening risk,Current deep static audit,"Docs, evidence, source-basis & run hygiene",Release Evidence / Source Basis,docs/p29/**,Support labels need exact definitions tied to executable gates.,"Risk that support labels, matrices, docs, and source basis drift.",local scan: P29 matrix 207 rows all open,Make docs/support labels/matrix statuses gate-derived and classify active/seeded/reserved surfaces precisely.,Make docs/support labels/matrix statuses gate-derived and classify active/seeded/reserved surfaces precisely.,Phase 15 docs/evidence closure,open,"Not all rows are reproduced runtime bugs; matrix intentionally includes confirmed defects, hardening risks, and missing hostile/conformance proofs."
AHD-0903,Low,Conformance/test gap,Current deep static audit,"Docs, evidence, source-basis & run hygiene",Release Evidence / Source Basis,STATUS.md,Source basis should distinguish source package validity from product conformance.,"Risk that support labels, matrices, docs, and source basis drift.",package report: root markdown ambiguous count 128 and moved 0,Make docs/support labels/matrix statuses gate-derived and classify active/seeded/reserved surfaces precisely.,Make docs/support labels/matrix statuses gate-derived and classify active/seeded/reserved surfaces precisely.,Phase 15 docs/evidence closure,open,"Not all rows are reproduced runtime bugs; matrix intentionally includes confirmed defects, hardening risks, and missing hostile/conformance proofs."
AHD-0904,Medium,Confirmed source pattern,Current deep static audit,"Docs, evidence, source-basis & run hygiene",Release Evidence / Source Basis,SUPPORT_PROFILE.md,Root markdown ambiguity remains high and should be archived or classified.,"Risk that support labels, matrices, docs, and source basis drift.",local scan: P29 matrix 207 rows all open,Make docs/support labels/matrix statuses gate-derived and classify active/seeded/reserved surfaces precisely.,Make docs/support labels/matrix statuses gate-derived and classify active/seeded/reserved surfaces precisely.,Phase 15 docs/evidence closure,open,"Not all rows are reproduced runtime bugs; matrix intentionally includes confirmed defects, hardening risks, and missing hostile/conformance proofs."
AHD-0905,Medium,High-confidence hardening risk,Current deep static audit,"Docs, evidence, source-basis & run hygiene",Release Evidence / Source Basis,SOURCE_BASIS.md,"Docs must distinguish v11A active, v11B seeded, and v11C reserved states.","Risk that support labels, matrices, docs, and source basis drift.",package report: root markdown ambiguous count 128 and moved 0,Make docs/support labels/matrix statuses gate-derived and classify active/seeded/reserved surfaces precisely.,Make docs/support labels/matrix statuses gate-derived and classify active/seeded/reserved surfaces precisely.,Phase 15 docs/evidence closure,open,"Not all rows are reproduced runtime bugs; matrix intentionally includes confirmed defects, hardening risks, and missing hostile/conformance proofs."
AHD-0906,Low,Conformance/test gap,Current deep static audit,"Docs, evidence, source-basis & run hygiene",Release Evidence / Source Basis,matrices/P29_MASTER_ISSUE_MATRIX.csv,Known limitations should be mechanically linked to issue IDs and gates.,"Risk that support labels, matrices, docs, and source basis drift.",local scan: P29 matrix 207 rows all open,Make docs/support labels/matrix statuses gate-derived and classify active/seeded/reserved surfaces precisely.,Make docs/support labels/matrix statuses gate-derived and classify active/seeded/reserved surfaces precisely.,Phase 15 docs/evidence closure,open,"Not all rows are reproduced runtime bugs; matrix intentionally includes confirmed defects, hardening risks, and missing hostile/conformance proofs."
AHD-0907,Medium,Confirmed source pattern,Current deep static audit,"Docs, evidence, source-basis & run hygiene",Release Evidence / Source Basis,docs/p29/**,Run handoff reports should include changed-file summaries and validation command outputs.,"Risk that support labels, matrices, docs, and source basis drift.",package report: root markdown ambiguous count 128 and moved 0,Make docs/support labels/matrix statuses gate-derived and classify active/seeded/reserved surfaces precisely.,Make docs/support labels/matrix statuses gate-derived and classify active/seeded/reserved surfaces precisely.,Phase 15 docs/evidence closure,open,"Not all rows are reproduced runtime bugs; matrix intentionally includes confirmed defects, hardening risks, and missing hostile/conformance proofs."
AHD-0908,Medium,High-confidence hardening risk,Current deep static audit,"Docs, evidence, source-basis & run hygiene",Release Evidence / Source Basis,STATUS.md,Sidecar package hashes should clarify zip-byte vs canonical content identity everywhere.,"Risk that support labels, matrices, docs, and source basis drift.",local scan: P29 matrix 207 rows all open,Make docs/support labels/matrix statuses gate-derived and classify active/seeded/reserved surfaces precisely.,Make docs/support labels/matrix statuses gate-derived and classify active/seeded/reserved surfaces precisely.,Phase 15 docs/evidence closure,open,"Not all rows are reproduced runtime bugs; matrix intentionally includes confirmed defects, hardening risks, and missing hostile/conformance proofs."
AHD-0909,Low,Conformance/test gap,Current deep static audit,"Docs, evidence, source-basis & run hygiene",Release Evidence / Source Basis,SUPPORT_PROFILE.md,Docs should include a “not counted as product defect” operator-shortcut note for skipped optional gates.,"Risk that support labels, matrices, docs, and source basis drift.",package report: root markdown ambiguous count 128 and moved 0,Make docs/support labels/matrix statuses gate-derived and classify active/seeded/reserved surfaces precisely.,Make docs/support labels/matrix statuses gate-derived and classify active/seeded/reserved surfaces precisely.,Phase 15 docs/evidence closure,open,"Not all rows are reproduced runtime bugs; matrix intentionally includes confirmed defects, hardening risks, and missing hostile/conformance proofs."
AHD-0910,Medium,Confirmed source pattern,Current deep static audit,"Docs, evidence, source-basis & run hygiene",Release Evidence / Source Basis,SOURCE_BASIS.md,Public-facing docs must not imply broad production readiness before gates pass.,"Risk that support labels, matrices, docs, and source basis drift.",local scan: P29 matrix 207 rows all open,Make docs/support labels/matrix statuses gate-derived and classify active/seeded/reserved surfaces precisely.,Make docs/support labels/matrix statuses gate-derived and classify active/seeded/reserved surfaces precisely.,Phase 15 docs/evidence closure,open,"Not all rows are reproduced runtime bugs; matrix intentionally includes confirmed defects, hardening risks, and missing hostile/conformance proofs."
AHD-0911,Medium,High-confidence hardening risk,Current deep static audit,"Docs, evidence, source-basis & run hygiene",Release Evidence / Source Basis,matrices/P29_MASTER_ISSUE_MATRIX.csv,Issue matrix statuses remain open-like and do not encode closed/quarantined/deferred semantics. Scope variant 2: apply to matrices/P29_MASTER_ISSUE_MATRIX.csv and adjacent caller/callee surfaces.,"Risk that support labels, matrices, docs, and source basis drift.",package report: root markdown ambiguous count 128 and moved 0,Make docs/support labels/matrix statuses gate-derived and classify active/seeded/reserved surfaces precisely.,Make docs/support labels/matrix statuses gate-derived and classify active/seeded/reserved surfaces precisely.,Phase 15 docs/evidence closure,open,"Not all rows are reproduced runtime bugs; matrix intentionally includes confirmed defects, hardening risks, and missing hostile/conformance proofs."
AHD-0912,Low,Conformance/test gap,Current deep static audit,"Docs, evidence, source-basis & run hygiene",Release Evidence / Source Basis,docs/p29/**,Support labels need exact definitions tied to executable gates. Scope variant 2: apply to docs/p29/** and adjacent caller/callee surfaces.,"Risk that support labels, matrices, docs, and source basis drift.",local scan: P29 matrix 207 rows all open,Make docs/support labels/matrix statuses gate-derived and classify active/seeded/reserved surfaces precisely.,Make docs/support labels/matrix statuses gate-derived and classify active/seeded/reserved surfaces precisely.,Phase 15 docs/evidence closure,open,"Not all rows are reproduced runtime bugs; matrix intentionally includes confirmed defects, hardening risks, and missing hostile/conformance proofs."
AHD-0913,Medium,Confirmed source pattern,Current deep static audit,"Docs, evidence, source-basis & run hygiene",Release Evidence / Source Basis,STATUS.md,Source basis should distinguish source package validity from product conformance. Scope variant 2: apply to STATUS.md and adjacent caller/callee surfaces.,"Risk that support labels, matrices, docs, and source basis drift.",package report: root markdown ambiguous count 128 and moved 0,Make docs/support labels/matrix statuses gate-derived and classify active/seeded/reserved surfaces precisely.,Make docs/support labels/matrix statuses gate-derived and classify active/seeded/reserved surfaces precisely.,Phase 15 docs/evidence closure,open,"Not all rows are reproduced runtime bugs; matrix intentionally includes confirmed defects, hardening risks, and missing hostile/conformance proofs."
AHD-0914,Medium,High-confidence hardening risk,Current deep static audit,"Docs, evidence, source-basis & run hygiene",Release Evidence / Source Basis,SUPPORT_PROFILE.md,Root markdown ambiguity remains high and should be archived or classified. Scope variant 2: apply to SUPPORT_PROFILE.md and adjacent caller/callee surfaces.,"Risk that support labels, matrices, docs, and source basis drift.",local scan: P29 matrix 207 rows all open,Make docs/support labels/matrix statuses gate-derived and classify active/seeded/reserved surfaces precisely.,Make docs/support labels/matrix statuses gate-derived and classify active/seeded/reserved surfaces precisely.,Phase 15 docs/evidence closure,open,"Not all rows are reproduced runtime bugs; matrix intentionally includes confirmed defects, hardening risks, and missing hostile/conformance proofs."
AHD-0915,Low,Conformance/test gap,Current deep static audit,"Docs, evidence, source-basis & run hygiene",Release Evidence / Source Basis,SOURCE_BASIS.md,"Docs must distinguish v11A active, v11B seeded, and v11C reserved states. Scope variant 2: apply to SOURCE_BASIS.md and adjacent caller/callee surfaces.","Risk that support labels, matrices, docs, and source basis drift.",package report: root markdown ambiguous count 128 and moved 0,Make docs/support labels/matrix statuses gate-derived and classify active/seeded/reserved surfaces precisely.,Make docs/support labels/matrix statuses gate-derived and classify active/seeded/reserved surfaces precisely.,Phase 15 docs/evidence closure,open,"Not all rows are reproduced runtime bugs; matrix intentionally includes confirmed defects, hardening risks, and missing hostile/conformance proofs."
AHD-0916,Medium,Confirmed source pattern,Current deep static audit,"Docs, evidence, source-basis & run hygiene",Release Evidence / Source Basis,matrices/P29_MASTER_ISSUE_MATRIX.csv,Known limitations should be mechanically linked to issue IDs and gates. Scope variant 2: apply to matrices/P29_MASTER_ISSUE_MATRIX.csv and adjacent caller/callee surfaces.,"Risk that support labels, matrices, docs, and source basis drift.",local scan: P29 matrix 207 rows all open,Make docs/support labels/matrix statuses gate-derived and classify active/seeded/reserved surfaces precisely.,Make docs/support labels/matrix statuses gate-derived and classify active/seeded/reserved surfaces precisely.,Phase 15 docs/evidence closure,open,"Not all rows are reproduced runtime bugs; matrix intentionally includes confirmed defects, hardening risks, and missing hostile/conformance proofs."
AHD-0917,Medium,High-confidence hardening risk,Current deep static audit,"Docs, evidence, source-basis & run hygiene",Release Evidence / Source Basis,docs/p29/**,Run handoff reports should include changed-file summaries and validation command outputs. Scope variant 2: apply to docs/p29/** and adjacent caller/callee surfaces.,"Risk that support labels, matrices, docs, and source basis drift.",package report: root markdown ambiguous count 128 and moved 0,Make docs/support labels/matrix statuses gate-derived and classify active/seeded/reserved surfaces precisely.,Make docs/support labels/matrix statuses gate-derived and classify active/seeded/reserved surfaces precisely.,Phase 15 docs/evidence closure,open,"Not all rows are reproduced runtime bugs; matrix intentionally includes confirmed defects, hardening risks, and missing hostile/conformance proofs."
AHD-0918,Low,Conformance/test gap,Current deep static audit,"Docs, evidence, source-basis & run hygiene",Release Evidence / Source Basis,STATUS.md,Sidecar package hashes should clarify zip-byte vs canonical content identity everywhere. Scope variant 2: apply to STATUS.md and adjacent caller/callee surfaces.,"Risk that support labels, matrices, docs, and source basis drift.",local scan: P29 matrix 207 rows all open,Make docs/support labels/matrix statuses gate-derived and classify active/seeded/reserved surfaces precisely.,Make docs/support labels/matrix statuses gate-derived and classify active/seeded/reserved surfaces precisely.,Phase 15 docs/evidence closure,open,"Not all rows are reproduced runtime bugs; matrix intentionally includes confirmed defects, hardening risks, and missing hostile/conformance proofs."
AHD-0919,Medium,Confirmed source pattern,Current deep static audit,"Docs, evidence, source-basis & run hygiene",Release Evidence / Source Basis,SUPPORT_PROFILE.md,Docs should include a “not counted as product defect” operator-shortcut note for skipped optional gates. Scope variant 2: apply to SUPPORT_PROFILE.md and adjacent caller/callee surfaces.,"Risk that support labels, matrices, docs, and source basis drift.",package report: root markdown ambiguous count 128 and moved 0,Make docs/support labels/matrix statuses gate-derived and classify active/seeded/reserved surfaces precisely.,Make docs/support labels/matrix statuses gate-derived and classify active/seeded/reserved surfaces precisely.,Phase 15 docs/evidence closure,open,"Not all rows are reproduced runtime bugs; matrix intentionally includes confirmed defects, hardening risks, and missing hostile/conformance proofs."
AHD-0920,Medium,High-confidence hardening risk,Current deep static audit,"Docs, evidence, source-basis & run hygiene",Release Evidence / Source Basis,SOURCE_BASIS.md,Public-facing docs must not imply broad production readiness before gates pass. Scope variant 2: apply to SOURCE_BASIS.md and adjacent caller/callee surfaces.,"Risk that support labels, matrices, docs, and source basis drift.",local scan: P29 matrix 207 rows all open,Make docs/support labels/matrix statuses gate-derived and classify active/seeded/reserved surfaces precisely.,Make docs/support labels/matrix statuses gate-derived and classify active/seeded/reserved surfaces precisely.,Phase 15 docs/evidence closure,open,"Not all rows are reproduced runtime bugs; matrix intentionally includes confirmed defects, hardening risks, and missing hostile/conformance proofs."
AHD-0921,Low,Conformance/test gap,Current deep static audit,"Docs, evidence, source-basis & run hygiene",Release Evidence / Source Basis,matrices/P29_MASTER_ISSUE_MATRIX.csv,Issue matrix statuses remain open-like and do not encode closed/quarantined/deferred semantics. Scope variant 3: apply to matrices/P29_MASTER_ISSUE_MATRIX.csv and adjacent caller/callee surfaces.,"Risk that support labels, matrices, docs, and source basis drift.",package report: root markdown ambiguous count 128 and moved 0,Make docs/support labels/matrix statuses gate-derived and classify active/seeded/reserved surfaces precisely.,Make docs/support labels/matrix statuses gate-derived and classify active/seeded/reserved surfaces precisely.,Phase 15 docs/evidence closure,open,"Not all rows are reproduced runtime bugs; matrix intentionally includes confirmed defects, hardening risks, and missing hostile/conformance proofs."
AHD-0922,Medium,Confirmed source pattern,Current deep static audit,"Docs, evidence, source-basis & run hygiene",Release Evidence / Source Basis,docs/p29/**,Support labels need exact definitions tied to executable gates. Scope variant 3: apply to docs/p29/** and adjacent caller/callee surfaces.,"Risk that support labels, matrices, docs, and source basis drift.",local scan: P29 matrix 207 rows all open,Make docs/support labels/matrix statuses gate-derived and classify active/seeded/reserved surfaces precisely.,Make docs/support labels/matrix statuses gate-derived and classify active/seeded/reserved surfaces precisely.,Phase 15 docs/evidence closure,open,"Not all rows are reproduced runtime bugs; matrix intentionally includes confirmed defects, hardening risks, and missing hostile/conformance proofs."
AHD-0923,Medium,High-confidence hardening risk,Current deep static audit,"Docs, evidence, source-basis & run hygiene",Release Evidence / Source Basis,STATUS.md,Source basis should distinguish source package validity from product conformance. Scope variant 3: apply to STATUS.md and adjacent caller/callee surfaces.,"Risk that support labels, matrices, docs, and source basis drift.",package report: root markdown ambiguous count 128 and moved 0,Make docs/support labels/matrix statuses gate-derived and classify active/seeded/reserved surfaces precisely.,Make docs/support labels/matrix statuses gate-derived and classify active/seeded/reserved surfaces precisely.,Phase 15 docs/evidence closure,open,"Not all rows are reproduced runtime bugs; matrix intentionally includes confirmed defects, hardening risks, and missing hostile/conformance proofs."
AHD-0924,Low,Conformance/test gap,Current deep static audit,"Docs, evidence, source-basis & run hygiene",Release Evidence / Source Basis,SUPPORT_PROFILE.md,Root markdown ambiguity remains high and should be archived or classified. Scope variant 3: apply to SUPPORT_PROFILE.md and adjacent caller/callee surfaces.,"Risk that support labels, matrices, docs, and source basis drift.",local scan: P29 matrix 207 rows all open,Make docs/support labels/matrix statuses gate-derived and classify active/seeded/reserved surfaces precisely.,Make docs/support labels/matrix statuses gate-derived and classify active/seeded/reserved surfaces precisely.,Phase 15 docs/evidence closure,open,"Not all rows are reproduced runtime bugs; matrix intentionally includes confirmed defects, hardening risks, and missing hostile/conformance proofs."
AHD-0925,Medium,Confirmed source pattern,Current deep static audit,"Docs, evidence, source-basis & run hygiene",Release Evidence / Source Basis,SOURCE_BASIS.md,"Docs must distinguish v11A active, v11B seeded, and v11C reserved states. Scope variant 3: apply to SOURCE_BASIS.md and adjacent caller/callee surfaces.","Risk that support labels, matrices, docs, and source basis drift.",package report: root markdown ambiguous count 128 and moved 0,Make docs/support labels/matrix statuses gate-derived and classify active/seeded/reserved surfaces precisely.,Make docs/support labels/matrix statuses gate-derived and classify active/seeded/reserved surfaces precisely.,Phase 15 docs/evidence closure,open,"Not all rows are reproduced runtime bugs; matrix intentionally includes confirmed defects, hardening risks, and missing hostile/conformance proofs."
AHD-0926,Medium,High-confidence hardening risk,Current deep static audit,"Docs, evidence, source-basis & run hygiene",Release Evidence / Source Basis,matrices/P29_MASTER_ISSUE_MATRIX.csv,Known limitations should be mechanically linked to issue IDs and gates. Scope variant 3: apply to matrices/P29_MASTER_ISSUE_MATRIX.csv and adjacent caller/callee surfaces.,"Risk that support labels, matrices, docs, and source basis drift.",local scan: P29 matrix 207 rows all open,Make docs/support labels/matrix statuses gate-derived and classify active/seeded/reserved surfaces precisely.,Make docs/support labels/matrix statuses gate-derived and classify active/seeded/reserved surfaces precisely.,Phase 15 docs/evidence closure,open,"Not all rows are reproduced runtime bugs; matrix intentionally includes confirmed defects, hardening risks, and missing hostile/conformance proofs."
AHD-0927,Low,Conformance/test gap,Current deep static audit,"Docs, evidence, source-basis & run hygiene",Release Evidence / Source Basis,docs/p29/**,Run handoff reports should include changed-file summaries and validation command outputs. Scope variant 3: apply to docs/p29/** and adjacent caller/callee surfaces.,"Risk that support labels, matrices, docs, and source basis drift.",package report: root markdown ambiguous count 128 and moved 0,Make docs/support labels/matrix statuses gate-derived and classify active/seeded/reserved surfaces precisely.,Make docs/support labels/matrix statuses gate-derived and classify active/seeded/reserved surfaces precisely.,Phase 15 docs/evidence closure,open,"Not all rows are reproduced runtime bugs; matrix intentionally includes confirmed defects, hardening risks, and missing hostile/conformance proofs."
AHD-0928,Medium,Confirmed source pattern,Current deep static audit,"Docs, evidence, source-basis & run hygiene",Release Evidence / Source Basis,STATUS.md,Sidecar package hashes should clarify zip-byte vs canonical content identity everywhere. Scope variant 3: apply to STATUS.md and adjacent caller/callee surfaces.,"Risk that support labels, matrices, docs, and source basis drift.",local scan: P29 matrix 207 rows all open,Make docs/support labels/matrix statuses gate-derived and classify active/seeded/reserved surfaces precisely.,Make docs/support labels/matrix statuses gate-derived and classify active/seeded/reserved surfaces precisely.,Phase 15 docs/evidence closure,open,"Not all rows are reproduced runtime bugs; matrix intentionally includes confirmed defects, hardening risks, and missing hostile/conformance proofs."
AHD-0929,Medium,High-confidence hardening risk,Current deep static audit,"Docs, evidence, source-basis & run hygiene",Release Evidence / Source Basis,SUPPORT_PROFILE.md,Docs should include a “not counted as product defect” operator-shortcut note for skipped optional gates. Scope variant 3: apply to SUPPORT_PROFILE.md and adjacent caller/callee surfaces.,"Risk that support labels, matrices, docs, and source basis drift.",package report: root markdown ambiguous count 128 and moved 0,Make docs/support labels/matrix statuses gate-derived and classify active/seeded/reserved surfaces precisely.,Make docs/support labels/matrix statuses gate-derived and classify active/seeded/reserved surfaces precisely.,Phase 15 docs/evidence closure,open,"Not all rows are reproduced runtime bugs; matrix intentionally includes confirmed defects, hardening risks, and missing hostile/conformance proofs."
AHD-0930,Low,Conformance/test gap,Current deep static audit,"Docs, evidence, source-basis & run hygiene",Release Evidence / Source Basis,SOURCE_BASIS.md,Public-facing docs must not imply broad production readiness before gates pass. Scope variant 3: apply to SOURCE_BASIS.md and adjacent caller/callee surfaces.,"Risk that support labels, matrices, docs, and source basis drift.",local scan: P29 matrix 207 rows all open,Make docs/support labels/matrix statuses gate-derived and classify active/seeded/reserved surfaces precisely.,Make docs/support labels/matrix statuses gate-derived and classify active/seeded/reserved surfaces precisely.,Phase 15 docs/evidence closure,open,"Not all rows are reproduced runtime bugs; matrix intentionally includes confirmed defects, hardening risks, and missing hostile/conformance proofs."
AHD-0931,Medium,Confirmed source pattern,Current deep static audit,"Docs, evidence, source-basis & run hygiene",Release Evidence / Source Basis,matrices/P29_MASTER_ISSUE_MATRIX.csv,Issue matrix statuses remain open-like and do not encode closed/quarantined/deferred semantics. Scope variant 4: apply to matrices/P29_MASTER_ISSUE_MATRIX.csv and adjacent caller/callee surfaces.,"Risk that support labels, matrices, docs, and source basis drift.",package report: root markdown ambiguous count 128 and moved 0,Make docs/support labels/matrix statuses gate-derived and classify active/seeded/reserved surfaces precisely.,Make docs/support labels/matrix statuses gate-derived and classify active/seeded/reserved surfaces precisely.,Phase 15 docs/evidence closure,open,"Not all rows are reproduced runtime bugs; matrix intentionally includes confirmed defects, hardening risks, and missing hostile/conformance proofs."
AHD-0932,Medium,High-confidence hardening risk,Current deep static audit,"Docs, evidence, source-basis & run hygiene",Release Evidence / Source Basis,docs/p29/**,Support labels need exact definitions tied to executable gates. Scope variant 4: apply to docs/p29/** and adjacent caller/callee surfaces.,"Risk that support labels, matrices, docs, and source basis drift.",local scan: P29 matrix 207 rows all open,Make docs/support labels/matrix statuses gate-derived and classify active/seeded/reserved surfaces precisely.,Make docs/support labels/matrix statuses gate-derived and classify active/seeded/reserved surfaces precisely.,Phase 15 docs/evidence closure,open,"Not all rows are reproduced runtime bugs; matrix intentionally includes confirmed defects, hardening risks, and missing hostile/conformance proofs."
AHD-0933,Low,Conformance/test gap,Current deep static audit,"Docs, evidence, source-basis & run hygiene",Release Evidence / Source Basis,STATUS.md,Source basis should distinguish source package validity from product conformance. Scope variant 4: apply to STATUS.md and adjacent caller/callee surfaces.,"Risk that support labels, matrices, docs, and source basis drift.",package report: root markdown ambiguous count 128 and moved 0,Make docs/support labels/matrix statuses gate-derived and classify active/seeded/reserved surfaces precisely.,Make docs/support labels/matrix statuses gate-derived and classify active/seeded/reserved surfaces precisely.,Phase 15 docs/evidence closure,open,"Not all rows are reproduced runtime bugs; matrix intentionally includes confirmed defects, hardening risks, and missing hostile/conformance proofs."
AHD-0934,Medium,Confirmed source pattern,Current deep static audit,"Docs, evidence, source-basis & run hygiene",Release Evidence / Source Basis,SUPPORT_PROFILE.md,Root markdown ambiguity remains high and should be archived or classified. Scope variant 4: apply to SUPPORT_PROFILE.md and adjacent caller/callee surfaces.,"Risk that support labels, matrices, docs, and source basis drift.",local scan: P29 matrix 207 rows all open,Make docs/support labels/matrix statuses gate-derived and classify active/seeded/reserved surfaces precisely.,Make docs/support labels/matrix statuses gate-derived and classify active/seeded/reserved surfaces precisely.,Phase 15 docs/evidence closure,open,"Not all rows are reproduced runtime bugs; matrix intentionally includes confirmed defects, hardening risks, and missing hostile/conformance proofs."
AHD-0935,Medium,High-confidence hardening risk,Current deep static audit,"Docs, evidence, source-basis & run hygiene",Release Evidence / Source Basis,SOURCE_BASIS.md,"Docs must distinguish v11A active, v11B seeded, and v11C reserved states. Scope variant 4: apply to SOURCE_BASIS.md and adjacent caller/callee surfaces.","Risk that support labels, matrices, docs, and source basis drift.",package report: root markdown ambiguous count 128 and moved 0,Make docs/support labels/matrix statuses gate-derived and classify active/seeded/reserved surfaces precisely.,Make docs/support labels/matrix statuses gate-derived and classify active/seeded/reserved surfaces precisely.,Phase 15 docs/evidence closure,open,"Not all rows are reproduced runtime bugs; matrix intentionally includes confirmed defects, hardening risks, and missing hostile/conformance proofs."
AHD-0936,Low,Conformance/test gap,Current deep static audit,"Docs, evidence, source-basis & run hygiene",Release Evidence / Source Basis,matrices/P29_MASTER_ISSUE_MATRIX.csv,Known limitations should be mechanically linked to issue IDs and gates. Scope variant 4: apply to matrices/P29_MASTER_ISSUE_MATRIX.csv and adjacent caller/callee surfaces.,"Risk that support labels, matrices, docs, and source basis drift.",local scan: P29 matrix 207 rows all open,Make docs/support labels/matrix statuses gate-derived and classify active/seeded/reserved surfaces precisely.,Make docs/support labels/matrix statuses gate-derived and classify active/seeded/reserved surfaces precisely.,Phase 15 docs/evidence closure,open,"Not all rows are reproduced runtime bugs; matrix intentionally includes confirmed defects, hardening risks, and missing hostile/conformance proofs."
AHD-0937,Medium,Confirmed source pattern,Current deep static audit,"Docs, evidence, source-basis & run hygiene",Release Evidence / Source Basis,docs/p29/**,Run handoff reports should include changed-file summaries and validation command outputs. Scope variant 4: apply to docs/p29/** and adjacent caller/callee surfaces.,"Risk that support labels, matrices, docs, and source basis drift.",package report: root markdown ambiguous count 128 and moved 0,Make docs/support labels/matrix statuses gate-derived and classify active/seeded/reserved surfaces precisely.,Make docs/support labels/matrix statuses gate-derived and classify active/seeded/reserved surfaces precisely.,Phase 15 docs/evidence closure,open,"Not all rows are reproduced runtime bugs; matrix intentionally includes confirmed defects, hardening risks, and missing hostile/conformance proofs."
AHD-0938,Medium,High-confidence hardening risk,Current deep static audit,"Docs, evidence, source-basis & run hygiene",Release Evidence / Source Basis,STATUS.md,Sidecar package hashes should clarify zip-byte vs canonical content identity everywhere. Scope variant 4: apply to STATUS.md and adjacent caller/callee surfaces.,"Risk that support labels, matrices, docs, and source basis drift.",local scan: P29 matrix 207 rows all open,Make docs/support labels/matrix statuses gate-derived and classify active/seeded/reserved surfaces precisely.,Make docs/support labels/matrix statuses gate-derived and classify active/seeded/reserved surfaces precisely.,Phase 15 docs/evidence closure,open,"Not all rows are reproduced runtime bugs; matrix intentionally includes confirmed defects, hardening risks, and missing hostile/conformance proofs."
AHD-0939,Low,Conformance/test gap,Current deep static audit,"Docs, evidence, source-basis & run hygiene",Release Evidence / Source Basis,SUPPORT_PROFILE.md,Docs should include a “not counted as product defect” operator-shortcut note for skipped optional gates. Scope variant 4: apply to SUPPORT_PROFILE.md and adjacent caller/callee surfaces.,"Risk that support labels, matrices, docs, and source basis drift.",package report: root markdown ambiguous count 128 and moved 0,Make docs/support labels/matrix statuses gate-derived and classify active/seeded/reserved surfaces precisely.,Make docs/support labels/matrix statuses gate-derived and classify active/seeded/reserved surfaces precisely.,Phase 15 docs/evidence closure,open,"Not all rows are reproduced runtime bugs; matrix intentionally includes confirmed defects, hardening risks, and missing hostile/conformance proofs."
AHD-0940,Medium,Confirmed source pattern,Current deep static audit,"Docs, evidence, source-basis & run hygiene",Release Evidence / Source Basis,SOURCE_BASIS.md,Public-facing docs must not imply broad production readiness before gates pass. Scope variant 4: apply to SOURCE_BASIS.md and adjacent caller/callee surfaces.,"Risk that support labels, matrices, docs, and source basis drift.",local scan: P29 matrix 207 rows all open,Make docs/support labels/matrix statuses gate-derived and classify active/seeded/reserved surfaces precisely.,Make docs/support labels/matrix statuses gate-derived and classify active/seeded/reserved surfaces precisely.,Phase 15 docs/evidence closure,open,"Not all rows are reproduced runtime bugs; matrix intentionally includes confirmed defects, hardening risks, and missing hostile/conformance proofs."
AHD-0941,High,Conformance/test gap,Current deep static audit,"Config, environment, secrets & redaction",v11A Execution Evidence / Security,crates/aidens-config/src/lib.rs,Config redaction should have adversarial fixtures for secret-like keys and values.,Risk that config/env/secrets/redaction are not governed as artifacts.,local scan: config/provider/default terms; provider URL and env behavior need explicit receipts,"Add config receipt, redaction, environment fingerprint, default-policy, and migration fixtures.","Add config receipt, redaction, environment fingerprint, default-policy, and migration fixtures.",Phase 16 config/env/redaction,open,"Not all rows are reproduced runtime bugs; matrix intentionally includes confirmed defects, hardening risks, and missing hostile/conformance proofs."
AHD-0942,Medium,High-confidence hardening risk,Current deep static audit,"Config, environment, secrets & redaction",v11A Execution Evidence / Security,crates/aidens-cli/src/lib.rs,Environment variables used by execution should be captured or explicitly excluded.,Risk that config/env/secrets/redaction are not governed as artifacts.,local scan: examples and profile configs rely on mock/local labels,"Add config receipt, redaction, environment fingerprint, default-policy, and migration fixtures.","Add config receipt, redaction, environment fingerprint, default-policy, and migration fixtures.",Phase 16 config/env/redaction,open,"Not all rows are reproduced runtime bugs; matrix intentionally includes confirmed defects, hardening risks, and missing hostile/conformance proofs."
AHD-0943,Medium,Conformance/test gap,Current deep static audit,"Config, environment, secrets & redaction",v11A Execution Evidence / Security,examples/*.toml,Config apply should produce receipts before changing runtime-visible behavior.,Risk that config/env/secrets/redaction are not governed as artifacts.,local scan: config/provider/default terms; provider URL and env behavior need explicit receipts,"Add config receipt, redaction, environment fingerprint, default-policy, and migration fixtures.","Add config receipt, redaction, environment fingerprint, default-policy, and migration fixtures.",Phase 16 config/env/redaction,open,"Not all rows are reproduced runtime bugs; matrix intentionally includes confirmed defects, hardening risks, and missing hostile/conformance proofs."
AHD-0944,High,Conformance/test gap,Current deep static audit,"Config, environment, secrets & redaction",v11A Execution Evidence / Security,crates/aidens-config/src/lib.rs,Provider secrets and endpoint configs need stricter source/permission checks.,Risk that config/env/secrets/redaction are not governed as artifacts.,local scan: examples and profile configs rely on mock/local labels,"Add config receipt, redaction, environment fingerprint, default-policy, and migration fixtures.","Add config receipt, redaction, environment fingerprint, default-policy, and migration fixtures.",Phase 16 config/env/redaction,open,"Not all rows are reproduced runtime bugs; matrix intentionally includes confirmed defects, hardening risks, and missing hostile/conformance proofs."
AHD-0945,Medium,High-confidence hardening risk,Current deep static audit,"Config, environment, secrets & redaction",v11A Execution Evidence / Security,crates/aidens-cli/src/lib.rs,Example configs should be classified as mock/local/unavailable/live to avoid overclaims.,Risk that config/env/secrets/redaction are not governed as artifacts.,local scan: config/provider/default terms; provider URL and env behavior need explicit receipts,"Add config receipt, redaction, environment fingerprint, default-policy, and migration fixtures.","Add config receipt, redaction, environment fingerprint, default-policy, and migration fixtures.",Phase 16 config/env/redaction,open,"Not all rows are reproduced runtime bugs; matrix intentionally includes confirmed defects, hardening risks, and missing hostile/conformance proofs."
AHD-0946,Medium,Conformance/test gap,Current deep static audit,"Config, environment, secrets & redaction",v11A Execution Evidence / Security,examples/*.toml,Default config should not enable write/admin behavior without explicit permit root.,Risk that config/env/secrets/redaction are not governed as artifacts.,local scan: examples and profile configs rely on mock/local labels,"Add config receipt, redaction, environment fingerprint, default-policy, and migration fixtures.","Add config receipt, redaction, environment fingerprint, default-policy, and migration fixtures.",Phase 16 config/env/redaction,open,"Not all rows are reproduced runtime bugs; matrix intentionally includes confirmed defects, hardening risks, and missing hostile/conformance proofs."
AHD-0947,High,Conformance/test gap,Current deep static audit,"Config, environment, secrets & redaction",v11A Execution Evidence / Security,crates/aidens-config/src/lib.rs,Config serialization should reject unknown dangerous fields unless profile allows them.,Risk that config/env/secrets/redaction are not governed as artifacts.,local scan: config/provider/default terms; provider URL and env behavior need explicit receipts,"Add config receipt, redaction, environment fingerprint, default-policy, and migration fixtures.","Add config receipt, redaction, environment fingerprint, default-policy, and migration fixtures.",Phase 16 config/env/redaction,open,"Not all rows are reproduced runtime bugs; matrix intentionally includes confirmed defects, hardening risks, and missing hostile/conformance proofs."
AHD-0948,Medium,High-confidence hardening risk,Current deep static audit,"Config, environment, secrets & redaction",v11A Execution Evidence / Security,crates/aidens-cli/src/lib.rs,Config paths should be canonicalized and bound to source basis.,Risk that config/env/secrets/redaction are not governed as artifacts.,local scan: examples and profile configs rely on mock/local labels,"Add config receipt, redaction, environment fingerprint, default-policy, and migration fixtures.","Add config receipt, redaction, environment fingerprint, default-policy, and migration fixtures.",Phase 16 config/env/redaction,open,"Not all rows are reproduced runtime bugs; matrix intentionally includes confirmed defects, hardening risks, and missing hostile/conformance proofs."
AHD-0949,Medium,Conformance/test gap,Current deep static audit,"Config, environment, secrets & redaction",v11A Execution Evidence / Security,examples/*.toml,"Runtime status should disclose degraded config, missing receipt store, and fallback behavior.",Risk that config/env/secrets/redaction are not governed as artifacts.,local scan: config/provider/default terms; provider URL and env behavior need explicit receipts,"Add config receipt, redaction, environment fingerprint, default-policy, and migration fixtures.","Add config receipt, redaction, environment fingerprint, default-policy, and migration fixtures.",Phase 16 config/env/redaction,open,"Not all rows are reproduced runtime bugs; matrix intentionally includes confirmed defects, hardening risks, and missing hostile/conformance proofs."
AHD-0950,High,Conformance/test gap,Current deep static audit,"Config, environment, secrets & redaction",v11A Execution Evidence / Security,crates/aidens-config/src/lib.rs,Config migration needs append/supersession or explicit migration receipts.,Risk that config/env/secrets/redaction are not governed as artifacts.,local scan: examples and profile configs rely on mock/local labels,"Add config receipt, redaction, environment fingerprint, default-policy, and migration fixtures.","Add config receipt, redaction, environment fingerprint, default-policy, and migration fixtures.",Phase 16 config/env/redaction,open,"Not all rows are reproduced runtime bugs; matrix intentionally includes confirmed defects, hardening risks, and missing hostile/conformance proofs."
AHD-0951,Medium,High-confidence hardening risk,Current deep static audit,"Config, environment, secrets & redaction",v11A Execution Evidence / Security,crates/aidens-cli/src/lib.rs,Config redaction should have adversarial fixtures for secret-like keys and values. Scope variant 2: apply to crates/aidens-cli/src/lib.rs and adjacent caller/callee surfaces.,Risk that config/env/secrets/redaction are not governed as artifacts.,local scan: config/provider/default terms; provider URL and env behavior need explicit receipts,"Add config receipt, redaction, environment fingerprint, default-policy, and migration fixtures.","Add config receipt, redaction, environment fingerprint, default-policy, and migration fixtures.",Phase 16 config/env/redaction,open,"Not all rows are reproduced runtime bugs; matrix intentionally includes confirmed defects, hardening risks, and missing hostile/conformance proofs."
AHD-0952,Medium,Conformance/test gap,Current deep static audit,"Config, environment, secrets & redaction",v11A Execution Evidence / Security,examples/*.toml,Environment variables used by execution should be captured or explicitly excluded. Scope variant 2: apply to examples/*.toml and adjacent caller/callee surfaces.,Risk that config/env/secrets/redaction are not governed as artifacts.,local scan: examples and profile configs rely on mock/local labels,"Add config receipt, redaction, environment fingerprint, default-policy, and migration fixtures.","Add config receipt, redaction, environment fingerprint, default-policy, and migration fixtures.",Phase 16 config/env/redaction,open,"Not all rows are reproduced runtime bugs; matrix intentionally includes confirmed defects, hardening risks, and missing hostile/conformance proofs."
AHD-0953,High,Conformance/test gap,Current deep static audit,"Config, environment, secrets & redaction",v11A Execution Evidence / Security,crates/aidens-config/src/lib.rs,Config apply should produce receipts before changing runtime-visible behavior. Scope variant 2: apply to crates/aidens-config/src/lib.rs and adjacent caller/callee surfaces.,Risk that config/env/secrets/redaction are not governed as artifacts.,local scan: config/provider/default terms; provider URL and env behavior need explicit receipts,"Add config receipt, redaction, environment fingerprint, default-policy, and migration fixtures.","Add config receipt, redaction, environment fingerprint, default-policy, and migration fixtures.",Phase 16 config/env/redaction,open,"Not all rows are reproduced runtime bugs; matrix intentionally includes confirmed defects, hardening risks, and missing hostile/conformance proofs."
AHD-0954,Medium,High-confidence hardening risk,Current deep static audit,"Config, environment, secrets & redaction",v11A Execution Evidence / Security,crates/aidens-cli/src/lib.rs,Provider secrets and endpoint configs need stricter source/permission checks. Scope variant 2: apply to crates/aidens-cli/src/lib.rs and adjacent caller/callee surfaces.,Risk that config/env/secrets/redaction are not governed as artifacts.,local scan: examples and profile configs rely on mock/local labels,"Add config receipt, redaction, environment fingerprint, default-policy, and migration fixtures.","Add config receipt, redaction, environment fingerprint, default-policy, and migration fixtures.",Phase 16 config/env/redaction,open,"Not all rows are reproduced runtime bugs; matrix intentionally includes confirmed defects, hardening risks, and missing hostile/conformance proofs."
AHD-0955,Medium,Conformance/test gap,Current deep static audit,"Config, environment, secrets & redaction",v11A Execution Evidence / Security,examples/*.toml,Example configs should be classified as mock/local/unavailable/live to avoid overclaims. Scope variant 2: apply to examples/*.toml and adjacent caller/callee surfaces.,Risk that config/env/secrets/redaction are not governed as artifacts.,local scan: config/provider/default terms; provider URL and env behavior need explicit receipts,"Add config receipt, redaction, environment fingerprint, default-policy, and migration fixtures.","Add config receipt, redaction, environment fingerprint, default-policy, and migration fixtures.",Phase 16 config/env/redaction,open,"Not all rows are reproduced runtime bugs; matrix intentionally includes confirmed defects, hardening risks, and missing hostile/conformance proofs."
AHD-0956,High,Conformance/test gap,Current deep static audit,"Config, environment, secrets & redaction",v11A Execution Evidence / Security,crates/aidens-config/src/lib.rs,Default config should not enable write/admin behavior without explicit permit root. Scope variant 2: apply to crates/aidens-config/src/lib.rs and adjacent caller/callee surfaces.,Risk that config/env/secrets/redaction are not governed as artifacts.,local scan: examples and profile configs rely on mock/local labels,"Add config receipt, redaction, environment fingerprint, default-policy, and migration fixtures.","Add config receipt, redaction, environment fingerprint, default-policy, and migration fixtures.",Phase 16 config/env/redaction,open,"Not all rows are reproduced runtime bugs; matrix intentionally includes confirmed defects, hardening risks, and missing hostile/conformance proofs."
AHD-0957,Medium,High-confidence hardening risk,Current deep static audit,"Config, environment, secrets & redaction",v11A Execution Evidence / Security,crates/aidens-cli/src/lib.rs,Config serialization should reject unknown dangerous fields unless profile allows them. Scope variant 2: apply to crates/aidens-cli/src/lib.rs and adjacent caller/callee surfaces.,Risk that config/env/secrets/redaction are not governed as artifacts.,local scan: config/provider/default terms; provider URL and env behavior need explicit receipts,"Add config receipt, redaction, environment fingerprint, default-policy, and migration fixtures.","Add config receipt, redaction, environment fingerprint, default-policy, and migration fixtures.",Phase 16 config/env/redaction,open,"Not all rows are reproduced runtime bugs; matrix intentionally includes confirmed defects, hardening risks, and missing hostile/conformance proofs."
AHD-0958,Medium,Conformance/test gap,Current deep static audit,"Config, environment, secrets & redaction",v11A Execution Evidence / Security,examples/*.toml,Config paths should be canonicalized and bound to source basis. Scope variant 2: apply to examples/*.toml and adjacent caller/callee surfaces.,Risk that config/env/secrets/redaction are not governed as artifacts.,local scan: examples and profile configs rely on mock/local labels,"Add config receipt, redaction, environment fingerprint, default-policy, and migration fixtures.","Add config receipt, redaction, environment fingerprint, default-policy, and migration fixtures.",Phase 16 config/env/redaction,open,"Not all rows are reproduced runtime bugs; matrix intentionally includes confirmed defects, hardening risks, and missing hostile/conformance proofs."
AHD-0959,High,Conformance/test gap,Current deep static audit,"Config, environment, secrets & redaction",v11A Execution Evidence / Security,crates/aidens-config/src/lib.rs,"Runtime status should disclose degraded config, missing receipt store, and fallback behavior. Scope variant 2: apply to crates/aidens-config/src/lib.rs and adjacent caller/callee surfaces.",Risk that config/env/secrets/redaction are not governed as artifacts.,local scan: config/provider/default terms; provider URL and env behavior need explicit receipts,"Add config receipt, redaction, environment fingerprint, default-policy, and migration fixtures.","Add config receipt, redaction, environment fingerprint, default-policy, and migration fixtures.",Phase 16 config/env/redaction,open,"Not all rows are reproduced runtime bugs; matrix intentionally includes confirmed defects, hardening risks, and missing hostile/conformance proofs."
AHD-0960,Medium,High-confidence hardening risk,Current deep static audit,"Config, environment, secrets & redaction",v11A Execution Evidence / Security,crates/aidens-cli/src/lib.rs,Config migration needs append/supersession or explicit migration receipts. Scope variant 2: apply to crates/aidens-cli/src/lib.rs and adjacent caller/callee surfaces.,Risk that config/env/secrets/redaction are not governed as artifacts.,local scan: examples and profile configs rely on mock/local labels,"Add config receipt, redaction, environment fingerprint, default-policy, and migration fixtures.","Add config receipt, redaction, environment fingerprint, default-policy, and migration fixtures.",Phase 16 config/env/redaction,open,"Not all rows are reproduced runtime bugs; matrix intentionally includes confirmed defects, hardening risks, and missing hostile/conformance proofs."
AHD-0961,Medium,Conformance/test gap,Current deep static audit,"Config, environment, secrets & redaction",v11A Execution Evidence / Security,examples/*.toml,Config redaction should have adversarial fixtures for secret-like keys and values. Scope variant 3: apply to examples/*.toml and adjacent caller/callee surfaces.,Risk that config/env/secrets/redaction are not governed as artifacts.,local scan: config/provider/default terms; provider URL and env behavior need explicit receipts,"Add config receipt, redaction, environment fingerprint, default-policy, and migration fixtures.","Add config receipt, redaction, environment fingerprint, default-policy, and migration fixtures.",Phase 16 config/env/redaction,open,"Not all rows are reproduced runtime bugs; matrix intentionally includes confirmed defects, hardening risks, and missing hostile/conformance proofs."
AHD-0962,High,Conformance/test gap,Current deep static audit,"Config, environment, secrets & redaction",v11A Execution Evidence / Security,crates/aidens-config/src/lib.rs,Environment variables used by execution should be captured or explicitly excluded. Scope variant 3: apply to crates/aidens-config/src/lib.rs and adjacent caller/callee surfaces.,Risk that config/env/secrets/redaction are not governed as artifacts.,local scan: examples and profile configs rely on mock/local labels,"Add config receipt, redaction, environment fingerprint, default-policy, and migration fixtures.","Add config receipt, redaction, environment fingerprint, default-policy, and migration fixtures.",Phase 16 config/env/redaction,open,"Not all rows are reproduced runtime bugs; matrix intentionally includes confirmed defects, hardening risks, and missing hostile/conformance proofs."
AHD-0963,Medium,High-confidence hardening risk,Current deep static audit,"Config, environment, secrets & redaction",v11A Execution Evidence / Security,crates/aidens-cli/src/lib.rs,Config apply should produce receipts before changing runtime-visible behavior. Scope variant 3: apply to crates/aidens-cli/src/lib.rs and adjacent caller/callee surfaces.,Risk that config/env/secrets/redaction are not governed as artifacts.,local scan: config/provider/default terms; provider URL and env behavior need explicit receipts,"Add config receipt, redaction, environment fingerprint, default-policy, and migration fixtures.","Add config receipt, redaction, environment fingerprint, default-policy, and migration fixtures.",Phase 16 config/env/redaction,open,"Not all rows are reproduced runtime bugs; matrix intentionally includes confirmed defects, hardening risks, and missing hostile/conformance proofs."
AHD-0964,Medium,Conformance/test gap,Current deep static audit,"Config, environment, secrets & redaction",v11A Execution Evidence / Security,examples/*.toml,Provider secrets and endpoint configs need stricter source/permission checks. Scope variant 3: apply to examples/*.toml and adjacent caller/callee surfaces.,Risk that config/env/secrets/redaction are not governed as artifacts.,local scan: examples and profile configs rely on mock/local labels,"Add config receipt, redaction, environment fingerprint, default-policy, and migration fixtures.","Add config receipt, redaction, environment fingerprint, default-policy, and migration fixtures.",Phase 16 config/env/redaction,open,"Not all rows are reproduced runtime bugs; matrix intentionally includes confirmed defects, hardening risks, and missing hostile/conformance proofs."
AHD-0965,High,Conformance/test gap,Current deep static audit,"Config, environment, secrets & redaction",v11A Execution Evidence / Security,crates/aidens-config/src/lib.rs,Example configs should be classified as mock/local/unavailable/live to avoid overclaims. Scope variant 3: apply to crates/aidens-config/src/lib.rs and adjacent caller/callee surfaces.,Risk that config/env/secrets/redaction are not governed as artifacts.,local scan: config/provider/default terms; provider URL and env behavior need explicit receipts,"Add config receipt, redaction, environment fingerprint, default-policy, and migration fixtures.","Add config receipt, redaction, environment fingerprint, default-policy, and migration fixtures.",Phase 16 config/env/redaction,open,"Not all rows are reproduced runtime bugs; matrix intentionally includes confirmed defects, hardening risks, and missing hostile/conformance proofs."
AHD-0966,Medium,High-confidence hardening risk,Current deep static audit,"Config, environment, secrets & redaction",v11A Execution Evidence / Security,crates/aidens-cli/src/lib.rs,Default config should not enable write/admin behavior without explicit permit root. Scope variant 3: apply to crates/aidens-cli/src/lib.rs and adjacent caller/callee surfaces.,Risk that config/env/secrets/redaction are not governed as artifacts.,local scan: examples and profile configs rely on mock/local labels,"Add config receipt, redaction, environment fingerprint, default-policy, and migration fixtures.","Add config receipt, redaction, environment fingerprint, default-policy, and migration fixtures.",Phase 16 config/env/redaction,open,"Not all rows are reproduced runtime bugs; matrix intentionally includes confirmed defects, hardening risks, and missing hostile/conformance proofs."
AHD-0967,Medium,Conformance/test gap,Current deep static audit,"Config, environment, secrets & redaction",v11A Execution Evidence / Security,examples/*.toml,Config serialization should reject unknown dangerous fields unless profile allows them. Scope variant 3: apply to examples/*.toml and adjacent caller/callee surfaces.,Risk that config/env/secrets/redaction are not governed as artifacts.,local scan: config/provider/default terms; provider URL and env behavior need explicit receipts,"Add config receipt, redaction, environment fingerprint, default-policy, and migration fixtures.","Add config receipt, redaction, environment fingerprint, default-policy, and migration fixtures.",Phase 16 config/env/redaction,open,"Not all rows are reproduced runtime bugs; matrix intentionally includes confirmed defects, hardening risks, and missing hostile/conformance proofs."
AHD-0968,High,Conformance/test gap,Current deep static audit,"Config, environment, secrets & redaction",v11A Execution Evidence / Security,crates/aidens-config/src/lib.rs,Config paths should be canonicalized and bound to source basis. Scope variant 3: apply to crates/aidens-config/src/lib.rs and adjacent caller/callee surfaces.,Risk that config/env/secrets/redaction are not governed as artifacts.,local scan: examples and profile configs rely on mock/local labels,"Add config receipt, redaction, environment fingerprint, default-policy, and migration fixtures.","Add config receipt, redaction, environment fingerprint, default-policy, and migration fixtures.",Phase 16 config/env/redaction,open,"Not all rows are reproduced runtime bugs; matrix intentionally includes confirmed defects, hardening risks, and missing hostile/conformance proofs."
AHD-0969,Medium,High-confidence hardening risk,Current deep static audit,"Config, environment, secrets & redaction",v11A Execution Evidence / Security,crates/aidens-cli/src/lib.rs,"Runtime status should disclose degraded config, missing receipt store, and fallback behavior. Scope variant 3: apply to crates/aidens-cli/src/lib.rs and adjacent caller/callee surfaces.",Risk that config/env/secrets/redaction are not governed as artifacts.,local scan: config/provider/default terms; provider URL and env behavior need explicit receipts,"Add config receipt, redaction, environment fingerprint, default-policy, and migration fixtures.","Add config receipt, redaction, environment fingerprint, default-policy, and migration fixtures.",Phase 16 config/env/redaction,open,"Not all rows are reproduced runtime bugs; matrix intentionally includes confirmed defects, hardening risks, and missing hostile/conformance proofs."
AHD-0970,Medium,Conformance/test gap,Current deep static audit,"Config, environment, secrets & redaction",v11A Execution Evidence / Security,examples/*.toml,Config migration needs append/supersession or explicit migration receipts. Scope variant 3: apply to examples/*.toml and adjacent caller/callee surfaces.,Risk that config/env/secrets/redaction are not governed as artifacts.,local scan: examples and profile configs rely on mock/local labels,"Add config receipt, redaction, environment fingerprint, default-policy, and migration fixtures.","Add config receipt, redaction, environment fingerprint, default-policy, and migration fixtures.",Phase 16 config/env/redaction,open,"Not all rows are reproduced runtime bugs; matrix intentionally includes confirmed defects, hardening risks, and missing hostile/conformance proofs."
AHD-0971,High,Conformance/test gap,Current deep static audit,"Config, environment, secrets & redaction",v11A Execution Evidence / Security,crates/aidens-config/src/lib.rs,Config redaction should have adversarial fixtures for secret-like keys and values. Scope variant 4: apply to crates/aidens-config/src/lib.rs and adjacent caller/callee surfaces.,Risk that config/env/secrets/redaction are not governed as artifacts.,local scan: config/provider/default terms; provider URL and env behavior need explicit receipts,"Add config receipt, redaction, environment fingerprint, default-policy, and migration fixtures.","Add config receipt, redaction, environment fingerprint, default-policy, and migration fixtures.",Phase 16 config/env/redaction,open,"Not all rows are reproduced runtime bugs; matrix intentionally includes confirmed defects, hardening risks, and missing hostile/conformance proofs."
AHD-0972,Medium,High-confidence hardening risk,Current deep static audit,"Config, environment, secrets & redaction",v11A Execution Evidence / Security,crates/aidens-cli/src/lib.rs,Environment variables used by execution should be captured or explicitly excluded. Scope variant 4: apply to crates/aidens-cli/src/lib.rs and adjacent caller/callee surfaces.,Risk that config/env/secrets/redaction are not governed as artifacts.,local scan: examples and profile configs rely on mock/local labels,"Add config receipt, redaction, environment fingerprint, default-policy, and migration fixtures.","Add config receipt, redaction, environment fingerprint, default-policy, and migration fixtures.",Phase 16 config/env/redaction,open,"Not all rows are reproduced runtime bugs; matrix intentionally includes confirmed defects, hardening risks, and missing hostile/conformance proofs."
AHD-0973,Medium,Conformance/test gap,Current deep static audit,"Config, environment, secrets & redaction",v11A Execution Evidence / Security,examples/*.toml,Config apply should produce receipts before changing runtime-visible behavior. Scope variant 4: apply to examples/*.toml and adjacent caller/callee surfaces.,Risk that config/env/secrets/redaction are not governed as artifacts.,local scan: config/provider/default terms; provider URL and env behavior need explicit receipts,"Add config receipt, redaction, environment fingerprint, default-policy, and migration fixtures.","Add config receipt, redaction, environment fingerprint, default-policy, and migration fixtures.",Phase 16 config/env/redaction,open,"Not all rows are reproduced runtime bugs; matrix intentionally includes confirmed defects, hardening risks, and missing hostile/conformance proofs."
AHD-0974,High,Conformance/test gap,Current deep static audit,"Config, environment, secrets & redaction",v11A Execution Evidence / Security,crates/aidens-config/src/lib.rs,Provider secrets and endpoint configs need stricter source/permission checks. Scope variant 4: apply to crates/aidens-config/src/lib.rs and adjacent caller/callee surfaces.,Risk that config/env/secrets/redaction are not governed as artifacts.,local scan: examples and profile configs rely on mock/local labels,"Add config receipt, redaction, environment fingerprint, default-policy, and migration fixtures.","Add config receipt, redaction, environment fingerprint, default-policy, and migration fixtures.",Phase 16 config/env/redaction,open,"Not all rows are reproduced runtime bugs; matrix intentionally includes confirmed defects, hardening risks, and missing hostile/conformance proofs."
AHD-0975,Medium,High-confidence hardening risk,Current deep static audit,"Config, environment, secrets & redaction",v11A Execution Evidence / Security,crates/aidens-cli/src/lib.rs,Example configs should be classified as mock/local/unavailable/live to avoid overclaims. Scope variant 4: apply to crates/aidens-cli/src/lib.rs and adjacent caller/callee surfaces.,Risk that config/env/secrets/redaction are not governed as artifacts.,local scan: config/provider/default terms; provider URL and env behavior need explicit receipts,"Add config receipt, redaction, environment fingerprint, default-policy, and migration fixtures.","Add config receipt, redaction, environment fingerprint, default-policy, and migration fixtures.",Phase 16 config/env/redaction,open,"Not all rows are reproduced runtime bugs; matrix intentionally includes confirmed defects, hardening risks, and missing hostile/conformance proofs."
AHD-0976,Medium,Conformance/test gap,Current deep static audit,App/scaffold/profile readiness,Application Builder Readiness,crates/aidens-app-kit/src/lib.rs,Generated app scaffold can imply readiness before receipt/proof paths exist.,Risk that generated apps/profiles overclaim readiness or bypass core receipts.,local scan: profile crates contain scaffolded notes; agent command writes final.txt at agent.rs:612,Make scaffolds receipt-first and profile-tier honest; generated apps include conformance smoke tests.,Make scaffolds receipt-first and profile-tier honest; generated apps include conformance smoke tests.,Phase 17 app/profile scaffolding hardening,open,"Not all rows are reproduced runtime bugs; matrix intentionally includes confirmed defects, hardening risks, and missing hostile/conformance proofs."
AHD-0977,Medium,High-confidence hardening risk,Current deep static audit,App/scaffold/profile readiness,Application Builder Readiness,crates/aidens-profile-*/src/lib.rs,Profile crates still contain scaffolded notes and need supported-surface classification.,Risk that generated apps/profiles overclaim readiness or bypass core receipts.,local scan: app/profile scaffolds present but support tiers need clarity,Make scaffolds receipt-first and profile-tier honest; generated apps include conformance smoke tests.,Make scaffolds receipt-first and profile-tier honest; generated apps include conformance smoke tests.,Phase 17 app/profile scaffolding hardening,open,"Not all rows are reproduced runtime bugs; matrix intentionally includes confirmed defects, hardening risks, and missing hostile/conformance proofs."
AHD-0978,Low,Conformance/test gap,Current deep static audit,App/scaffold/profile readiness,Application Builder Readiness,crates/aidens-cli/src/agent.rs,"App builder should inject receipt store, sandbox root, provider route, and permit policy by default.",Risk that generated apps/profiles overclaim readiness or bypass core receipts.,local scan: profile crates contain scaffolded notes; agent command writes final.txt at agent.rs:612,Make scaffolds receipt-first and profile-tier honest; generated apps include conformance smoke tests.,Make scaffolds receipt-first and profile-tier honest; generated apps include conformance smoke tests.,Phase 17 app/profile scaffolding hardening,open,"Not all rows are reproduced runtime bugs; matrix intentionally includes confirmed defects, hardening risks, and missing hostile/conformance proofs."
AHD-0979,Medium,Conformance/test gap,Current deep static audit,App/scaffold/profile readiness,Application Builder Readiness,crates/aidens-app-kit/src/lib.rs,Generated apps need tests proving final output cannot bypass AiDENs receipts.,Risk that generated apps/profiles overclaim readiness or bypass core receipts.,local scan: app/profile scaffolds present but support tiers need clarity,Make scaffolds receipt-first and profile-tier honest; generated apps include conformance smoke tests.,Make scaffolds receipt-first and profile-tier honest; generated apps include conformance smoke tests.,Phase 17 app/profile scaffolding hardening,open,"Not all rows are reproduced runtime bugs; matrix intentionally includes confirmed defects, hardening risks, and missing hostile/conformance proofs."
AHD-0980,Medium,High-confidence hardening risk,Current deep static audit,App/scaffold/profile readiness,Application Builder Readiness,crates/aidens-profile-*/src/lib.rs,Generated templates should not use mock/local provider labels ambiguously.,Risk that generated apps/profiles overclaim readiness or bypass core receipts.,local scan: profile crates contain scaffolded notes; agent command writes final.txt at agent.rs:612,Make scaffolds receipt-first and profile-tier honest; generated apps include conformance smoke tests.,Make scaffolds receipt-first and profile-tier honest; generated apps include conformance smoke tests.,Phase 17 app/profile scaffolding hardening,open,"Not all rows are reproduced runtime bugs; matrix intentionally includes confirmed defects, hardening risks, and missing hostile/conformance proofs."
AHD-0981,Low,Conformance/test gap,Current deep static audit,App/scaffold/profile readiness,Application Builder Readiness,crates/aidens-cli/src/agent.rs,App profile expansion should avoid hidden defaults that change authority surface.,Risk that generated apps/profiles overclaim readiness or bypass core receipts.,local scan: app/profile scaffolds present but support tiers need clarity,Make scaffolds receipt-first and profile-tier honest; generated apps include conformance smoke tests.,Make scaffolds receipt-first and profile-tier honest; generated apps include conformance smoke tests.,Phase 17 app/profile scaffolding hardening,open,"Not all rows are reproduced runtime bugs; matrix intentionally includes confirmed defects, hardening risks, and missing hostile/conformance proofs."
AHD-0982,Medium,Conformance/test gap,Current deep static audit,App/scaffold/profile readiness,Application Builder Readiness,crates/aidens-app-kit/src/lib.rs,Desktop/daemon/memory/research profiles need explicit support tiers.,Risk that generated apps/profiles overclaim readiness or bypass core receipts.,local scan: profile crates contain scaffolded notes; agent command writes final.txt at agent.rs:612,Make scaffolds receipt-first and profile-tier honest; generated apps include conformance smoke tests.,Make scaffolds receipt-first and profile-tier honest; generated apps include conformance smoke tests.,Phase 17 app/profile scaffolding hardening,open,"Not all rows are reproduced runtime bugs; matrix intentionally includes confirmed defects, hardening risks, and missing hostile/conformance proofs."
AHD-0983,Medium,High-confidence hardening risk,Current deep static audit,App/scaffold/profile readiness,Application Builder Readiness,crates/aidens-profile-*/src/lib.rs,Agent run command writes multiple files without a manifest-first transaction.,Risk that generated apps/profiles overclaim readiness or bypass core receipts.,local scan: app/profile scaffolds present but support tiers need clarity,Make scaffolds receipt-first and profile-tier honest; generated apps include conformance smoke tests.,Make scaffolds receipt-first and profile-tier honest; generated apps include conformance smoke tests.,Phase 17 app/profile scaffolding hardening,open,"Not all rows are reproduced runtime bugs; matrix intentionally includes confirmed defects, hardening risks, and missing hostile/conformance proofs."
AHD-0984,Low,Conformance/test gap,Current deep static audit,App/scaffold/profile readiness,Application Builder Readiness,crates/aidens-cli/src/agent.rs,App builder should create conformance smoke tests with each scaffold.,Risk that generated apps/profiles overclaim readiness or bypass core receipts.,local scan: profile crates contain scaffolded notes; agent command writes final.txt at agent.rs:612,Make scaffolds receipt-first and profile-tier honest; generated apps include conformance smoke tests.,Make scaffolds receipt-first and profile-tier honest; generated apps include conformance smoke tests.,Phase 17 app/profile scaffolding hardening,open,"Not all rows are reproduced runtime bugs; matrix intentionally includes confirmed defects, hardening risks, and missing hostile/conformance proofs."
AHD-0985,Medium,Conformance/test gap,Current deep static audit,App/scaffold/profile readiness,Application Builder Readiness,crates/aidens-app-kit/src/lib.rs,Profile docs should state non-goals and forbidden readiness claims.,Risk that generated apps/profiles overclaim readiness or bypass core receipts.,local scan: app/profile scaffolds present but support tiers need clarity,Make scaffolds receipt-first and profile-tier honest; generated apps include conformance smoke tests.,Make scaffolds receipt-first and profile-tier honest; generated apps include conformance smoke tests.,Phase 17 app/profile scaffolding hardening,open,"Not all rows are reproduced runtime bugs; matrix intentionally includes confirmed defects, hardening risks, and missing hostile/conformance proofs."
AHD-0986,Medium,High-confidence hardening risk,Current deep static audit,App/scaffold/profile readiness,Application Builder Readiness,crates/aidens-profile-*/src/lib.rs,Generated app scaffold can imply readiness before receipt/proof paths exist. Scope variant 2: apply to crates/aidens-profile-*/src/lib.rs and adjacent caller/callee surfaces.,Risk that generated apps/profiles overclaim readiness or bypass core receipts.,local scan: profile crates contain scaffolded notes; agent command writes final.txt at agent.rs:612,Make scaffolds receipt-first and profile-tier honest; generated apps include conformance smoke tests.,Make scaffolds receipt-first and profile-tier honest; generated apps include conformance smoke tests.,Phase 17 app/profile scaffolding hardening,open,"Not all rows are reproduced runtime bugs; matrix intentionally includes confirmed defects, hardening risks, and missing hostile/conformance proofs."
AHD-0987,Low,Conformance/test gap,Current deep static audit,App/scaffold/profile readiness,Application Builder Readiness,crates/aidens-cli/src/agent.rs,Profile crates still contain scaffolded notes and need supported-surface classification. Scope variant 2: apply to crates/aidens-cli/src/agent.rs and adjacent caller/callee surfaces.,Risk that generated apps/profiles overclaim readiness or bypass core receipts.,local scan: app/profile scaffolds present but support tiers need clarity,Make scaffolds receipt-first and profile-tier honest; generated apps include conformance smoke tests.,Make scaffolds receipt-first and profile-tier honest; generated apps include conformance smoke tests.,Phase 17 app/profile scaffolding hardening,open,"Not all rows are reproduced runtime bugs; matrix intentionally includes confirmed defects, hardening risks, and missing hostile/conformance proofs."
AHD-0988,Medium,Conformance/test gap,Current deep static audit,App/scaffold/profile readiness,Application Builder Readiness,crates/aidens-app-kit/src/lib.rs,"App builder should inject receipt store, sandbox root, provider route, and permit policy by default. Scope variant 2: apply to crates/aidens-app-kit/src/lib.rs and adjacent caller/callee surfaces.",Risk that generated apps/profiles overclaim readiness or bypass core receipts.,local scan: profile crates contain scaffolded notes; agent command writes final.txt at agent.rs:612,Make scaffolds receipt-first and profile-tier honest; generated apps include conformance smoke tests.,Make scaffolds receipt-first and profile-tier honest; generated apps include conformance smoke tests.,Phase 17 app/profile scaffolding hardening,open,"Not all rows are reproduced runtime bugs; matrix intentionally includes confirmed defects, hardening risks, and missing hostile/conformance proofs."
AHD-0989,Medium,High-confidence hardening risk,Current deep static audit,App/scaffold/profile readiness,Application Builder Readiness,crates/aidens-profile-*/src/lib.rs,Generated apps need tests proving final output cannot bypass AiDENs receipts. Scope variant 2: apply to crates/aidens-profile-*/src/lib.rs and adjacent caller/callee surfaces.,Risk that generated apps/profiles overclaim readiness or bypass core receipts.,local scan: app/profile scaffolds present but support tiers need clarity,Make scaffolds receipt-first and profile-tier honest; generated apps include conformance smoke tests.,Make scaffolds receipt-first and profile-tier honest; generated apps include conformance smoke tests.,Phase 17 app/profile scaffolding hardening,open,"Not all rows are reproduced runtime bugs; matrix intentionally includes confirmed defects, hardening risks, and missing hostile/conformance proofs."
AHD-0990,Low,Conformance/test gap,Current deep static audit,App/scaffold/profile readiness,Application Builder Readiness,crates/aidens-cli/src/agent.rs,Generated templates should not use mock/local provider labels ambiguously. Scope variant 2: apply to crates/aidens-cli/src/agent.rs and adjacent caller/callee surfaces.,Risk that generated apps/profiles overclaim readiness or bypass core receipts.,local scan: profile crates contain scaffolded notes; agent command writes final.txt at agent.rs:612,Make scaffolds receipt-first and profile-tier honest; generated apps include conformance smoke tests.,Make scaffolds receipt-first and profile-tier honest; generated apps include conformance smoke tests.,Phase 17 app/profile scaffolding hardening,open,"Not all rows are reproduced runtime bugs; matrix intentionally includes confirmed defects, hardening risks, and missing hostile/conformance proofs."
AHD-0991,Medium,Conformance/test gap,Current deep static audit,App/scaffold/profile readiness,Application Builder Readiness,crates/aidens-app-kit/src/lib.rs,App profile expansion should avoid hidden defaults that change authority surface. Scope variant 2: apply to crates/aidens-app-kit/src/lib.rs and adjacent caller/callee surfaces.,Risk that generated apps/profiles overclaim readiness or bypass core receipts.,local scan: app/profile scaffolds present but support tiers need clarity,Make scaffolds receipt-first and profile-tier honest; generated apps include conformance smoke tests.,Make scaffolds receipt-first and profile-tier honest; generated apps include conformance smoke tests.,Phase 17 app/profile scaffolding hardening,open,"Not all rows are reproduced runtime bugs; matrix intentionally includes confirmed defects, hardening risks, and missing hostile/conformance proofs."
AHD-0992,Medium,High-confidence hardening risk,Current deep static audit,App/scaffold/profile readiness,Application Builder Readiness,crates/aidens-profile-*/src/lib.rs,Desktop/daemon/memory/research profiles need explicit support tiers. Scope variant 2: apply to crates/aidens-profile-*/src/lib.rs and adjacent caller/callee surfaces.,Risk that generated apps/profiles overclaim readiness or bypass core receipts.,local scan: profile crates contain scaffolded notes; agent command writes final.txt at agent.rs:612,Make scaffolds receipt-first and profile-tier honest; generated apps include conformance smoke tests.,Make scaffolds receipt-first and profile-tier honest; generated apps include conformance smoke tests.,Phase 17 app/profile scaffolding hardening,open,"Not all rows are reproduced runtime bugs; matrix intentionally includes confirmed defects, hardening risks, and missing hostile/conformance proofs."
AHD-0993,Low,Conformance/test gap,Current deep static audit,App/scaffold/profile readiness,Application Builder Readiness,crates/aidens-cli/src/agent.rs,Agent run command writes multiple files without a manifest-first transaction. Scope variant 2: apply to crates/aidens-cli/src/agent.rs and adjacent caller/callee surfaces.,Risk that generated apps/profiles overclaim readiness or bypass core receipts.,local scan: app/profile scaffolds present but support tiers need clarity,Make scaffolds receipt-first and profile-tier honest; generated apps include conformance smoke tests.,Make scaffolds receipt-first and profile-tier honest; generated apps include conformance smoke tests.,Phase 17 app/profile scaffolding hardening,open,"Not all rows are reproduced runtime bugs; matrix intentionally includes confirmed defects, hardening risks, and missing hostile/conformance proofs."
AHD-0994,Medium,Conformance/test gap,Current deep static audit,App/scaffold/profile readiness,Application Builder Readiness,crates/aidens-app-kit/src/lib.rs,App builder should create conformance smoke tests with each scaffold. Scope variant 2: apply to crates/aidens-app-kit/src/lib.rs and adjacent caller/callee surfaces.,Risk that generated apps/profiles overclaim readiness or bypass core receipts.,local scan: profile crates contain scaffolded notes; agent command writes final.txt at agent.rs:612,Make scaffolds receipt-first and profile-tier honest; generated apps include conformance smoke tests.,Make scaffolds receipt-first and profile-tier honest; generated apps include conformance smoke tests.,Phase 17 app/profile scaffolding hardening,open,"Not all rows are reproduced runtime bugs; matrix intentionally includes confirmed defects, hardening risks, and missing hostile/conformance proofs."
AHD-0995,Medium,High-confidence hardening risk,Current deep static audit,App/scaffold/profile readiness,Application Builder Readiness,crates/aidens-profile-*/src/lib.rs,Profile docs should state non-goals and forbidden readiness claims. Scope variant 2: apply to crates/aidens-profile-*/src/lib.rs and adjacent caller/callee surfaces.,Risk that generated apps/profiles overclaim readiness or bypass core receipts.,local scan: app/profile scaffolds present but support tiers need clarity,Make scaffolds receipt-first and profile-tier honest; generated apps include conformance smoke tests.,Make scaffolds receipt-first and profile-tier honest; generated apps include conformance smoke tests.,Phase 17 app/profile scaffolding hardening,open,"Not all rows are reproduced runtime bugs; matrix intentionally includes confirmed defects, hardening risks, and missing hostile/conformance proofs."
AHD-0996,Low,Conformance/test gap,Current deep static audit,App/scaffold/profile readiness,Application Builder Readiness,crates/aidens-cli/src/agent.rs,Generated app scaffold can imply readiness before receipt/proof paths exist. Scope variant 3: apply to crates/aidens-cli/src/agent.rs and adjacent caller/callee surfaces.,Risk that generated apps/profiles overclaim readiness or bypass core receipts.,local scan: profile crates contain scaffolded notes; agent command writes final.txt at agent.rs:612,Make scaffolds receipt-first and profile-tier honest; generated apps include conformance smoke tests.,Make scaffolds receipt-first and profile-tier honest; generated apps include conformance smoke tests.,Phase 17 app/profile scaffolding hardening,open,"Not all rows are reproduced runtime bugs; matrix intentionally includes confirmed defects, hardening risks, and missing hostile/conformance proofs."
AHD-0997,Medium,Conformance/test gap,Current deep static audit,App/scaffold/profile readiness,Application Builder Readiness,crates/aidens-app-kit/src/lib.rs,Profile crates still contain scaffolded notes and need supported-surface classification. Scope variant 3: apply to crates/aidens-app-kit/src/lib.rs and adjacent caller/callee surfaces.,Risk that generated apps/profiles overclaim readiness or bypass core receipts.,local scan: app/profile scaffolds present but support tiers need clarity,Make scaffolds receipt-first and profile-tier honest; generated apps include conformance smoke tests.,Make scaffolds receipt-first and profile-tier honest; generated apps include conformance smoke tests.,Phase 17 app/profile scaffolding hardening,open,"Not all rows are reproduced runtime bugs; matrix intentionally includes confirmed defects, hardening risks, and missing hostile/conformance proofs."
AHD-0998,Medium,High-confidence hardening risk,Current deep static audit,App/scaffold/profile readiness,Application Builder Readiness,crates/aidens-profile-*/src/lib.rs,"App builder should inject receipt store, sandbox root, provider route, and permit policy by default. Scope variant 3: apply to crates/aidens-profile-*/src/lib.rs and adjacent caller/callee surfaces.",Risk that generated apps/profiles overclaim readiness or bypass core receipts.,local scan: profile crates contain scaffolded notes; agent command writes final.txt at agent.rs:612,Make scaffolds receipt-first and profile-tier honest; generated apps include conformance smoke tests.,Make scaffolds receipt-first and profile-tier honest; generated apps include conformance smoke tests.,Phase 17 app/profile scaffolding hardening,open,"Not all rows are reproduced runtime bugs; matrix intentionally includes confirmed defects, hardening risks, and missing hostile/conformance proofs."
AHD-0999,Low,Conformance/test gap,Current deep static audit,App/scaffold/profile readiness,Application Builder Readiness,crates/aidens-cli/src/agent.rs,Generated apps need tests proving final output cannot bypass AiDENs receipts. Scope variant 3: apply to crates/aidens-cli/src/agent.rs and adjacent caller/callee surfaces.,Risk that generated apps/profiles overclaim readiness or bypass core receipts.,local scan: app/profile scaffolds present but support tiers need clarity,Make scaffolds receipt-first and profile-tier honest; generated apps include conformance smoke tests.,Make scaffolds receipt-first and profile-tier honest; generated apps include conformance smoke tests.,Phase 17 app/profile scaffolding hardening,open,"Not all rows are reproduced runtime bugs; matrix intentionally includes confirmed defects, hardening risks, and missing hostile/conformance proofs."
AHD-1000,Medium,Conformance/test gap,Current deep static audit,App/scaffold/profile readiness,Application Builder Readiness,crates/aidens-app-kit/src/lib.rs,Generated templates should not use mock/local provider labels ambiguously. Scope variant 3: apply to crates/aidens-app-kit/src/lib.rs and adjacent caller/callee surfaces.,Risk that generated apps/profiles overclaim readiness or bypass core receipts.,local scan: profile crates contain scaffolded notes; agent command writes final.txt at agent.rs:612,Make scaffolds receipt-first and profile-tier honest; generated apps include conformance smoke tests.,Make scaffolds receipt-first and profile-tier honest; generated apps include conformance smoke tests.,Phase 17 app/profile scaffolding hardening,open,"Not all rows are reproduced runtime bugs; matrix intentionally includes confirmed defects, hardening risks, and missing hostile/conformance proofs."
